Key,Description,en,ko
AIM-120 Advanced Radar Missile_fullName,Full equip name of: AIM-120 Advanced Radar Missile,AIM-120 Advanced Radar Missile,AIM-120 중거리 레이더 유도 미사일
AIM-120 Advanced Radar Missile_description,Item description of: AIM-120 Advanced Radar Missile,"Radar guided medium range air to air missile.
",레이더 유도 중거리 공대공 미사일입니다.
eqSublabel_RADAR-AAM,HUD sub-label of an equip,RADAR AAM,RADAR AAM
AGM-89 Anti-ship Cruise Missile x2_fullName,Full equip name of: AGM-89 Anti-ship Cruise Missile x2,AGM-89 Anti-ship Cruise Missile x2,AGM-89 대함 순항 미사일 x2
AGM-89 Anti-ship Cruise Missile x2_description,Item description of: AGM-89 Anti-ship Cruise Missile x2,"Air-launched anti-ship cruise missile.  Equipped with waypoint following, radar target acquisition, and terminal maneuvering technology.","공중에서 발사되는 대함 순항 미사일입니다. 경유지 추적, 레이더 목표 포착 기능과 명중 직전 단계에 회피 기동하는 종말 유도 기술을 갖추고 있습니다."
eqSublabel_ANTI-SHIP-CRUISE,HUD sub-label of an equip,ANTI-SHIP CRUISE,대함 순항
asml_terminalMode,An option for anti-ship cruise missiles' flight behavior in the last (terminal) phase of guidance.,TERMINAL MODE,TERMINAL MODE
asml_noTarget,HUD label shown when the selected anti-ship missile has no target.,NO TARGET,목표 없음
asml_overRange,HUD label shown when the selected anti-ship missile has a target that is too far away.,OVER RANGE,사거리 초과
asml_inRange,HUD label shown when the selected anti-ship missile has a target that is within firing range.,IN RANGE,사거리 내
asml_path,HUD label shown when the selected anti-ship missile will follow a flight path.,PATH,경로
asml_point,HUD label shown when the selected anti-ship missile will fly to a specific target point.,POINT,지점
s_asmTmode_0,Antiship terminal guidance mode,Direct,Direct
s_asmTmode_1,Antiship terminal guidance mode,SeaSkim,SeaSkim
s_asmTmode_2,Antiship terminal guidance mode,SSEvasive,SSEvasive
s_asmTmode_3,Antiship terminal guidance mode,Popup,Popup
ASM-66LR_fullName,Full equip name of: ASM-66LR,ASM-66LR,ASM-66LR
ASM-66LR_description,Item description of: ASM-66LR,Active radar-guided surface to air missile. Equipped with first stage booster for extended range.,능동 레이더 유도 지대공 미사일입니다. 1단 부스터를 장착해 사거리를 연장했습니다.
GBU-38 Bomb x3_fullName,Full equip name of: GBU-38 Bomb x3,GBU-38 Bomb x3,GBU-38 폭탄 x3
GBU-38 Bomb x3_description,Item description of: GBU-38 Bomb x3,500lb GPS guided direct attack munition. It's a Mk.82 bomb with a guidance package strapped on.,500파운드 GPS 유도 직격 폭탄입니다. Mk.82 폭탄에 유도 장치를 부착한 것입니다.
eqSublabel_GPS-BOMB,HUD sub-label of an equip,GPS BOMB,GPS 폭탄
gpsBomb_targetMode,"An option for GPS bombs' targeting mode (auto, manual, dumb)",TARGET MODE,목표 모드
gpsBomb_autoRelRate,An option for GPS bomb's automatic release rate (shortened to fit UI space).,AUTO REL RATE,자동 투하 속도
s_gbu_mode_0,Targeting mode label for GPS bomb,MANUAL,수동
s_gbu_mode_1,Targeting mode label for GPS bomb,AUTO,자동
s_gbu_mode_2,Targeting mode label for GPS bomb,DUMB,무유도
interactable_button_grip,,Grip,그립
interactable_button_trigger,,Trigger,트리거
vehicleConfig_denyBusy,Denial message for vehicle configurator,BUSY: RELOADING,재무장 중
vehicleConfig_invalidReload,Denial message for vehicle configurator,Full reload will be over budget!,전체 재무장은 예산을 초과합니다!
vehicleConfig_totalMass,,Total mass:,총 질량:
vehicleConfig_fuelKnob,,Set fuel,연료 설정
vehicleConfig_flightCost,,Flight cost:,출격 비용:
vehicleConfig_budget,,Budget:,예산:
vehicleConfig_countermeasures,,Countermeasures,기만 장비
vehicleConfig_flareLabel,,IR Flares,적외선 플레어
vehicleConfig_flareKnob,,Set flares,플레어 설정
vehicleConfig_chaffLabel,,ECM Chaff,레이더 채프
vehicleConfig_chaffKnob,,Set chaff,채프 설정
vehicleConfig_repairButton,,Repair,수리
vehicleConfig_repairButtonText,,Repair,수리
vehicleConfig_repairCostLabel,,Repair cost:,수리 비용:
vehicleConfig_equipMass,,Mass:,질량:
vehicleConfig_hardpoint,,Hardpoint,무장 장착대
vehicleConfig_none,,None,없음
vehicleConfig_saveLoad,,Save/load,저장/불러오기
vehicleConfig_backButton,Return to previous screen,Back,뒤로가기
equipConfig_noEquips,A label shown in the vehicle configurator when there are no available equipment.,No equipment.,장비 없음
equipConfig_noEquipsDescription,A more descriptive label shown when there is no equipment available.,Equipment for this hardpoint is not yet available.,이 무장 장착대에 사용할 수 있는 장비가 없습니다.
vehicleConfig_equipCost,,Cost:,비용:
vehicleConfig_count,,Count:,수량:
vehicleConfig_fuel,,FUEL,연료
vehicleConfig_equipButton,Equip the selected item,Equip,장착
vehicleConfig_detachButton,Detach the current item,Detach,분리
vehicleConfig_previous,,Previous,이전
vehicleConfig_next,,Next,다음
vehicleConfig_availableEquipment,,"Available
equipment","장착 가능 
장비 목록"
vehicleConfig_scroll,,Scroll,스크롤
vehicleConfig_symmetry,,Symmetry,좌우 대칭
vehicleConfig_symmetryButton,,Toggle symmetry,좌우 대칭 전환
vehicleConfig_load,,Load,불러오기
vehicleConfig_save,,Save,저장하기
vehicleConfig_saveNew,,Save new...,새로 저장...
vehicleConfig_overwrite,,Overwrite,덮어쓰기
vehicleConfig_delete,,Delete,삭제하기
500L Fuel Drop Tank_fullName,Full equip name of: 500L Fuel Drop Tank,500L Fuel Drop Tank,500L 외부 연료 탱크
500L Fuel Drop Tank_description,Item description of: 500L Fuel Drop Tank,A 500 liter fuel tank.,500L 연료 탱크입니다.
AIM-9E Sidewinder x2_fullName,Full equip name of: AIM-9E Sidewinder x2,AIM-9E Sidewinder x2,AIM-9E 사이드와인더 x2
AIM-9E Sidewinder x2_description,Item description of: AIM-9E Sidewinder x2,"A rack of two AIM-9E. An older short range, rear-aspect, heat seeking air to air missile.",AIM-9E 2발 랙입니다. 후방에서만 조준할 수 있는 구형 단거리 열추적 공대공 미사일입니다.
eqSublabel_IR,HUD sub-label of an equip,IR,IR
ON,,ON,ON
OFF,,OFF,OFF
irml_seekMode,Option title for IR missiles' heat-seeking mode,SEEK MODE,추적 모드
irml_trigUncage,"Option title for IR missiles' seeker to be uncaged by the trigger (trigger uncage, shortened for UI space).",TRIG UNCAGE,TRIG UNCAGE
s_seekerMode_0,Label for heatseeker mode,Caged,고정
s_seekerMode_1,Label for heatseeker mode,Uncaged,시커 해제
s_seekerMode_2,Label for heatseeker mode,Vertical Scan,수직 스캔
s_seekerMode_3,Label for heatseeker mode,Head Track,시야 추적
s_seekerMode_4,Label for heatseeker mode,Hard Lock,하드 록
Hydra-70 x19 Rocket Pod_fullName,Full equip name of: Hydra-70 x19 Rocket Pod,Hydra-70 x19 Rocket Pod,Hydra-70 x19 로켓 포드
Hydra-70 x19 Rocket Pod_description,Item description of: Hydra-70 x19 Rocket Pod,"A pod carrying a total of 19 high explosive rockets.  Can be fired in single shot mode, or rapid fire (ripple).",19발의 고폭 로켓을 탑재한 포드입니다. 단발 또는 연속 발사가 가능합니다.
eqSublabel_ROCKET,HUD sub-label of an equip,ROCKET,로켓
s_rocket_salvo,Rocket launcher salvo option,SALVO,SALVO
M62 Vulcan 20mm_fullName,Full equip name of: M62 Vulcan 20mm,M62 Vulcan 20mm,M62 발칸 20mm
M62 Vulcan 20mm_description,Item description of: M62 Vulcan 20mm,A modern 20mm rotary cannon.,현대식 20mm 회전식 기관포입니다.
eqSublabel_CANNON,HUD sub-label of an equip,CANNON,기관포
ASF-SRM x2_fullName,Full equip name of: ASF-SRM x2,ASF-SRM x2,ASF-SRM x2
ASF-SRM x2_description,Item description of: ASF-SRM x2,A rack of two standard heat-seeking anti-air missiles.,표준형 열추적 대공 미사일 2발입니다.
RG25 Twin Revolving Cannons_fullName,Full equip name of: RG25 Twin Revolving Cannons,RG25 Twin Revolving Cannons,RG25 이중 총열 리볼버 기관포
RG25 Twin Revolving Cannons_description,Item description of: RG25 Twin Revolving Cannons,Twin 25mm revolving cannons.,이중 총열 25mm 리볼버 기관포입니다.
AIM-7 SARH Missile_fullName,Full equip name of: AIM-7 SARH Missile,AIM-7 SARH Missile,AIM-7 반능동 레이더 미사일
AIM-7 SARH Missile_description,Item description of: AIM-7 SARH Missile,An older semi-active radar guided medium range air to air missile. The missile requires a radar lock from launch until impact.,구형 중거리 공대공 미사일입니다. 반능동 레이더 유도 방식이라 발사 후에도 명중할 때까지 기체 레이더로 계속 조준을 유지해야 합니다.
eqSublabel_SARH-AAM,HUD sub-label of an equip,SARH AAM,SARH AAM
WR-25 Rocket Pod_fullName,Full equip name of: WR-25 Rocket Pod,WR-25 Rocket Pod,WR-25 로켓 포드
WR-25 Rocket Pod_description,Item description of: WR-25 Rocket Pod,A hexagonal pod carrying 25 unguided rockets.,25발의 무유도 로켓을 탑재한 육각형 로켓 포드입니다.
ASMRM-7 x1_fullName,Full equip name of: ASMRM-7 x1,ASMRM-7 x1,ASMRM-7 x1
ASMRM-7 x1_description,Item description of: ASMRM-7 x1,Medium range radar guided air to air missile.,중거리 레이더 유도 공대공 미사일입니다.
Mk-82 Bomb x3_fullName,Full equip name of: Mk-82 Bomb x3,Mk-82 Bomb x3,Mk-82 폭탄 x3
Mk-82 Bomb x3_description,Item description of: Mk-82 Bomb x3,Standard un-guided 500lb bombs.,표준형 무유도 500파운드 폭탄입니다.
eqSublabel_BOMB,HUD sub-label of an equip,BOMB,폭탄
bombRack_releaseArea,An option for bomb weapons - how wide of a target area to automatically release bombs in.,RELEASE AREA,투하 반경
SALVO,,SALVO,SALVO
bomb_lowG,"HUD label shown when aircraft is under low or negative g-forces, preventing bomb release.","LOW G
NO RELEASE","G 낮음
투하 불가"
s_ccrpAuto,,CCRP AUTO,CCRP 자동
AIRS-T Advanced SRM x2_fullName,Full equip name of: AIRS-T Advanced SRM x2,AIRS-T Advanced SRM x2,AIRS-T 첨단 단거리 미사일 x2
AIRS-T Advanced SRM x2_description,Item description of: AIRS-T Advanced SRM x2,"Short range heat seeking air to air missile with thrust vectoring.
Improved maneuverability, range, and counter-countermeasure system.
Advanced technology allows it to intercept incoming missiles.","추력 편향 기술을 갖춘 단거리 열추적 공대공 미사일입니다.
기동성, 사거리, 기만 장비 대응 능력이 향상되었습니다.
날아오는 미사일을 요격할 수도 있습니다."
Conformal Fuel Tank_fullName,Full equip name of: Conformal Fuel Tank,Conformal Fuel Tank,일체형 연료 탱크
Conformal Fuel Tank_description,Item description of: Conformal Fuel Tank,A modification that allows the aircraft to hold an extra 6400L of fuel.,기체에 6400L의 연료를 추가로 탑재할 수 있게 하는 개조 장비입니다.
AGM-88 ARM_fullName,Full equip name of: AGM-88 ARM,AGM-88 ARM,AGM-88 대레이더 미사일
AGM-88 ARM_description,Item description of: AGM-88 ARM,Medium range anti-radiation missile.,중거리 대레이더 미사일입니다.
eqSublabel_ARM,HUD sub-label of an equip,ARM,ARM
AGM-65 x3_fullName,Full equip name of: AGM-65 x3,AGM-65 x3,AGM-65 x3
AGM-65 x3_description,Item description of: AGM-65 x3,"A medium range optically guided ""fire-and-forget"" anti-tank missile.",중거리 광학 유도 대전차 미사일입니다. 발사 후에는 알아서 목표를 향해 유도됩니다(발사 후 망각).
eqSublabel_OPTICAL-FF,HUD sub-label of an equip,OPTICAL FF,OPTICAL FF
AUTO,,AUTO,자동
MANUAL,,MANUAL,수동
oml_uncageMode,Option title for optical missiles' seeker uncage mode (unlocking from the forward aiming position).,UNCAGE MODE,UNCAGE MODE
oml_noTgp,Optical AGM is selected but there is no TGP attached,NO TGP,TGP 없음
AN/AAQ-28 Targeting Pod_fullName,Full equip name of: AN/AAQ-28 Targeting Pod,AN/AAQ-28 Targeting Pod,AN/AAQ-28 조준 포드
AN/AAQ-28 Targeting Pod_description,Item description of: AN/AAQ-28 Targeting Pod,Sensor pod for acquiring and tracking targets using optics and lasers.  A necessary component for certain guided missiles.,광학 장비와 레이저로 목표를 포착하고 추적하는 센서 포드입니다. 일부 유도 미사일에 반드시 필요한 장비입니다.
GAU-22 Redeemer 25mm_fullName,Full equip name of: GAU-22 Redeemer 25mm,GAU-22 Redeemer 25mm,GAU-22 리디머 25mm
GAU-22 Redeemer 25mm_description,Item description of: GAU-22 Redeemer 25mm,"A 4-barrel 25mm rotary cannon.
Rate of fire: 3300 RPM","4총열 25mm 회전식 기관포입니다.
발사 속도: 3300 RPM"
MK-82AIR x32_fullName,Full equip name of: MK-82AIR x32,MK-82AIR x32,MK-82AIR x32
MK-82AIR x32_description,Item description of: MK-82AIR x32,A rack of 32 MK-82AIR high drag bombs.,MK-82AIR 고항력 폭탄 32발입니다.
GBU-12 Laser Guided Bomb_fullName,Full equip name of: GBU-12 Laser Guided Bomb,GBU-12 Laser Guided Bomb,GBU-12 레이저 유도 폭탄
GBU-12 Laser Guided Bomb_description,Item description of: GBU-12 Laser Guided Bomb,A 500lb laser guided bomb.,500파운드 레이저 유도 폭탄입니다.
eqSublabel_LASER-BOMB,HUD sub-label of an equip,LASER BOMB,레이저 폭탄
lgb_targetMode,Option title for laser guided bombs' targeting mode.,TARGET MODE,목표 모드
s_LOAL,Lock on after launch HUD label for laser bomb,LOAL,LOAL
s_lgbMode_0,Laser guided bomb targeting mode,LASER,레이저
s_lgbMode_1,Laser guided bomb targeting mode,DUMB,무유도
AGM-65_fullName,Full equip name of: AGM-65,AGM-65,AGM-65
AGM-65_description,Item description of: AGM-65,"A medium range optically guided ""fire-and-forget"" anti-tank missile.",중거리 광학 유도 대전차 미사일입니다. 발사 후에는 알아서 목표를 향해 유도됩니다(발사 후 망각).
CBU-97 Bomb x1_fullName,Full equip name of: CBU-97 Bomb x1,CBU-97 Bomb x1,CBU-97 폭탄 x1
CBU-97 Bomb x1_description,Item description of: CBU-97 Bomb x1,A smart cluster bomb that fires 40 explosively shaped armor penetrators at targets.,40개의 성형작약 관통탄을 목표에 발사하는 스마트 확산탄입니다.
eqSublabel_CLUSTER-BOMB,HUD sub-label of an equip,CLUSTER BOMB,확산탄
s_cbuAlt,HUD when below submunition deploy altitude of cluster bomb,BELOW CBU ALT,BELOW CBU ALT
M230 Chain Gun_fullName,Full equip name of: M230 Chain Gun,M230 Chain Gun,M230 체인 건
M230 Chain Gun_description,Item description of: M230 Chain Gun,A single-barrel 30mm automatic cannon mounted on a gimbal. The gimbal will be locked forward above a certain airspeed.,짐벌에 장착된 단총열 30mm 자동 기관포입니다. 일정 속도 이상에서는 짐벌이 전방으로 고정됩니다.
eqSublabel_CANNON-GIMBAL,HUD sub-label of an equip,CANNON GIMBAL,기관포 짐벌
gunTurret_locked,Label for when a gun turret is set to be locked in the forward-aiming position.,LOCKED,고정
gunTurret_slaved,Label for wh en a gun turret is set to be controlled by (slaved to) an external sensor.,SLAVED,연동
gunTurret_gimbal,Option title for gun turrets' gimbal (rotation/aiming) to be locked or slaved.,GIMBAL,짐벌
gunTurret_speedlock,Label when gun turret is locked due to overspeed,SPEEDLOCK,속도 잠김
AIRS-T Advanced SRM x3_fullName,Full equip name of: AIRS-T Advanced SRM x3,AIRS-T Advanced SRM x3,AIRS-T 첨단 단거리 미사일 x3
AIRS-T Advanced SRM x3_description,Item description of: AIRS-T Advanced SRM x3,"Short range heat seeking air to air missile with thrust vectoring.
Improved maneuverability, range, and counter-countermeasure system.
Advanced technology allows it to intercept incoming missiles.","추력 편향 기술을 갖춘 단거리 열추적 공대공 미사일입니다.
기동성, 사거리, 기만 장비 대응 능력이 향상되었습니다.
날아오는 미사일을 요격할 수도 있습니다."
AGM-145 Ballista x4_fullName,Full equip name of: AGM-145 Ballista x4,AGM-145 Ballista x4,AGM-145 발리스타 x4
AGM-145 Ballista x4_description,Item description of: AGM-145 Ballista x4,"Small anti-tank missiles with advanced optics, ""fire and forget"", and smart self-targeting technology. Can be fired without line of sight to the designated target point, and will acquire hostile targets automatically.","고성능 광학 장비와 발사 후 알아서 유도되는 '발사 후 망각' 기능, 스마트 자동 조준 기술을 갖춘 소형 대전차 미사일입니다. 지정한 목표 지점이 보이지 않아도 발사할 수 있으며, 적 목표를 자동으로 포착합니다."
eqSublabel_OPTICAL-FAF,HUD sub-label of an equip,OPTICAL FAF,OPTICAL FAF
tutName_Hover Tutorial,Name of a legacy tutorial objective,Hover Tutorial,호버링 튜토리얼
tutDesc_Hover Tutorial,Description of a legacy tutorial,Learn to hover.,호버링하는 법을 배웁니다.
tut:Hover Tutorial:Intro10,A tutorial label,Welcome to the hover tutorial.,호버링 튜토리얼에 오신 것을 환영합니다.
tut:Hover Tutorial:Intro21,A tutorial label,We'll begin with the start-up sequence.,기체 시동 절차부터 시작하겠습니다.
tut:Hover Tutorial:Brake Lock2,A tutorial label,Enable Brake Lock,브레이크 잠금을 겁니다
tut:Hover Tutorial:Enable battery3,A tutorial label,Enable Battery,배터리를 켭니다
tut:Hover Tutorial:start up apu4,A tutorial label,Start APU,APU를 켭니다
tut:Hover Tutorial:wait spool apu5,A tutorial label,Let the APU spool up,APU 회전수가 오를 때까지 기다립니다.
tut:Hover Tutorial:StartLeftEngine6,A tutorial label,Start Left Engine,왼쪽 엔진을 켭니다
tut:Hover Tutorial:StartRightEngine7,A tutorial label,Start Right Engine,오른쪽 엔진을 켭니다.
tut:Hover Tutorial:Flaps8,A tutorial label,Set flaps to full,플랩을 최대로 설정합니다
tut:Hover Tutorial:WaitSpool9,A tutorial label,Wait for the engines to spool up.,엔진 회전수가 안정될 때까지 기다립니다.
tut:Hover Tutorial:NoNeedAPU10,A tutorial label,The engines are now supplying power.  We can turn off the APU.,이제 엔진이 전원을 공급하니 APU를 꺼도 됩니다.
tut:Hover Tutorial:TurnOffAPU11,A tutorial label,Turn off APU.,APU 시동을 끕니다.
tut:Hover Tutorial:EnableHUD12,A tutorial label,Turn on the HUD,HUD 전원을 켭니다.
tut:Hover Tutorial:EnableMFD113,A tutorial label,Turn on the MFDs,MFD 전원을 켭니다.
tut:Hover Tutorial:EnableMFD214,A tutorial label,Turn on the MFDs,MFD 전원을 켭니다.
tut:Hover Tutorial:EnableMFD315,A tutorial label,Turn on the MFDs,MFD 전원을 켭니다.
tut:Hover Tutorial:GrabJoy16,A tutorial label,Grab the joystick.,조종간을 잡으십시오.
tut:Hover Tutorial:GrabThrottle17,A tutorial label,Grab the throttle.,스로틀을 잡으십시오.
tut:Hover Tutorial:SetTilt18,A tutorial label,Set the engine tilt to 90,엔진 틸트 각도를 90으로 설정하십시오
tut:Hover Tutorial:LiftOff19,A tutorial label,Slowly lift the throttle until you take off.,이륙할 때까지 천천히 스로틀을 올리십시오.
tut:Hover Tutorial:MaintainAttitude20,A tutorial label,Try to keep your nose level with the horizon.,기수가 지평선과 수평을 이루도록 유지하십시오.
tut:Hover Tutorial:ClimbAltitude21,A tutorial label,Slowly climb to 100m altitude.,천천히 고도 100m까지 상승하십시오.
tut:Hover Tutorial:Hover22,A tutorial label,Adjust throttle to maintain zero vertical speed.,수직 속도가 0이 되도록 스로틀을 조절하십시오.
tut:Hover Tutorial:CancelLaterals23,A tutorial label,Cancel lateral speed by rolling or pitching slightly in the opposite direction.,이동하는 반대 방향으로 살짝 롤이나 피치를 주어 수평 이동 속도를 없애십시오.
tut:Hover Tutorial:HoldPos24,A tutorial label,Try to hold this position for a few moments.,잠시 동안 이 위치를 유지해 보십시오.
tut:Hover Tutorial:DescendTime25,A tutorial label,Now lets try to land.,이제 착륙을 해 봅시다.
tut:Hover Tutorial:Descend26,A tutorial label,Adjust throttle to slowly descend at about -6 m/s,-6m/s 정도로 천천히 하강하도록 스로틀을 조절하십시오.
tut:Hover Tutorial:PrepareForImpact27,A tutorial label,Throttle up to about -2 m/s,-2m/s 정도가 되도록 스로틀을 올리십시오.
tut:Hover Tutorial:PostLand28,A tutorial label,Throttle down!,스로틀을 내리십시오!
tut:Hover Tutorial:Complete29,A tutorial label,Tutorial complete! Good job!,튜토리얼 완료! 수고하셨습니다!
4000L Fuel Drop Tank_fullName,Full equip name of: 4000L Fuel Drop Tank,4000L Fuel Drop Tank,4000L 외부 연료 탱크
4000L Fuel Drop Tank_description,Item description of: 4000L Fuel Drop Tank,A 4000 liter detachable external fuel tank.,탈착이 가능한 4000L 외부 연료 탱크입니다.
ASF-SRM x1_fullName,Full equip name of: ASF-SRM x1,ASF-SRM x1,ASF-SRM x1
ASF-SRM x1_description,Item description of: ASF-SRM x1,A standard heat-seeking anti-air missile.,표준형 열추적 대공 미사일입니다.
GBU-38 Bomb x2_fullName,Full equip name of: GBU-38 Bomb x2,GBU-38 Bomb x2,GBU-38 폭탄 x2
GBU-38 Bomb x2_description,Item description of: GBU-38 Bomb x2,500lb GPS guided direct attack munition. It's a Mk.82 bomb with a guidance package strapped on.,500파운드 GPS 유도 직격 폭탄입니다. Mk.82 폭탄에 유도 장치를 부착한 것입니다.
AIM-9 Sidewinder x2_fullName,Full equip name of: AIM-9 Sidewinder x2,AIM-9 Sidewinder x2,AIM-9 사이드와인더 x2
AIM-9 Sidewinder x2_description,Item description of: AIM-9 Sidewinder x2,A rack of two standard heat-seeking Sidewinder anti-air missiles.,표준형 열추적 사이드와인더 대공 미사일 2발 랙입니다.
eqSublabel_IR-AAM,HUD sub-label of an equip,IR AAM,IR AAM
GBU-38 Bomb x1_fullName,Full equip name of: GBU-38 Bomb x1,GBU-38 Bomb x1,GBU-38 폭탄 x1
GBU-38 Bomb x1_description,Item description of: GBU-38 Bomb x1,500lb GPS guided direct attack munition. It's a Mk.82 bomb with a guidance package strapped on.,500파운드 GPS 유도 직격 폭탄입니다. Mk.82 폭탄에 유도 장치를 부착한 것입니다.
menu_back,"General ""back"" button for menus.",Back,뒤로가기
mpmm_members,Title for multiplayer members management menu.,Members,유저
mpmm_toggleMute,Toggle muting player voice,Toggle mute,음소거 전환
mpmm_kick,Kick member button,Kick,추방
mpmm_ban,Ban member button,Ban,밴
mpmm_block,Block member button,Block,차단
scrollbar,UI Scrollbar interactable,Scroll,스크롤
okay,,Okay,확인
cancel,,Cancel,취소
mpmm_inviteMenuButton,Button to open the invite friends menu,Invite friends,친구 초대
mpmm_inviteFriendsTitle,Invite menu title,Invite friends,친구 초대
mpmm_invited,Label to show that a friend has been invited.,Invited,초대됨
mpmm_invite,Button to invite this friend.,Invite,초대
s_cms_rate_single,CMS release rate - single fire mode,Single,단발
s_cms_rMode_0,CMS release mode,Single Auto,단발 자동
s_cms_rMode_1,CMS release mode,Single L,단발 좌측
s_cms_rMode_2,CMS release mode,Single R,단발 우측
s_cms_rMode_3,CMS release mode,Double,동시
tutName_Getting Started,Name of a legacy tutorial objective,Getting Started,시작하기
tutDesc_Getting Started,Description of a legacy tutorial,Complete the intro tutorial.,인트로 튜토리얼을 완료하세요.
tut:Getting Started:Intro10,A tutorial label,Welcome to the AV-42C,AV-42C에 탑승하신 것을 환영합니다.
tut:Getting Started:Intro21,A tutorial label,"First, let's keep the bird from rolling away.",먼저 기체가 굴러가지 않도록 고정합시다.
tut:Getting Started:Brake Lock2,A tutorial label,Enable Brake Lock,브레이크 잠금을 겁니다
tut:Getting Started:Startup3,A tutorial label,Now lets move on to the start-up sequence.,이제 시동 절차를 시작합시다.
tut:Getting Started:Enable battery4,A tutorial label,Enable Battery,배터리를 켭니다.
tut:Getting Started:start up apu5,A tutorial label,Start APU,APU를 켭니다
tut:Getting Started:wait spool apu6,A tutorial label,Let the APU spool up a bit.,APU 회전수가 어느 정도 오를 때까지 기다립니다.
tut:Getting Started:StartLeftEngine7,A tutorial label,Start Left Engine,왼쪽 엔진을 켭니다
tut:Getting Started:StartRightEngine8,A tutorial label,Start Right Engine,오른쪽 엔진을 켭니다
tut:Getting Started:WaitSpool9,A tutorial label,Wait for the engines to spool up.,엔진 회전수가 안정될 때까지 기다립니다
tut:Getting Started:NoNeedAPU10,A tutorial label,The engines are now supplying power.  We can turn off the APU.,이제 엔진이 전원을 공급하니 APU를 꺼도 됩니다
tut:Getting Started:TurnOffAPU11,A tutorial label,Turn off APU.,APU 시동을 끕니다
tut:Getting Started:EnableHUD12,A tutorial label,Turn on the HUD,HUD 전원을 켭니다.
tut:Getting Started:HUDInfo13,A tutorial label,"The HUD (Heads-Up Display) shows you attitude, altitude, velocity, targeting reticles, and other important flight data at a glance.","HUD(헤드업 디스플레이)는 자세, 고도, 속도, 조준선 등 중요한 비행 정보를 한눈에 보여 줍니다."
tut:Getting Started:EnableMFD114,A tutorial label,Turn on the MFD 1,MFD 1을 켭니다.
tut:Getting Started:EnableMFD215,A tutorial label,Turn on the MFD 2,MFD 2를 켭니다.
tut:Getting Started:EnableMFD316,A tutorial label,Turn on the MFD 3,MFD 3을 켭니다.
tut:Getting Started:MFD info17,A tutorial label,The MFDs (Multi-Function Displays) give you access to,MFD(다기능 표시장치)는
tut:Getting Started:MFD info 218,A tutorial label,"aircraft features such as weapon configuration, navigation maps,","무장 설정, 항법 지도, 센서 등"
tut:Getting Started:MFD info 319,A tutorial label,"sensors, etc.  You can access these features by pressing the corresponding buttons around the edge of the monitor.",다양한 기체 기능을 사용할 수 있게 해 줍니다. 화면 가장자리의 버튼을 눌러 각 기능에 접근할 수 있습니다.
tut:Getting Started:ReadyToFly20,A tutorial label,The vehicle is now ready to fly.  Up next: Basic Flight,이제 비행 준비가 끝났습니다. 다음 단계는 기본 비행입니다.
s_endMission_quickload,Label for quickload button in end-mission display 'Quick Load (x mins ago)',Quick Load,빠른 불러오기
s_endMission_dumpedLog,Label for end-mission entry when flight log is saved to disk.,Dumped flight log,비행 기록 저장됨
vpdt_ContinueFlightText,[xxx] tags will be replaced by platform specific controls. Keep them.,"Continue Flight
(Press [menu] to return to this screen)","비행 계속하기
(이 화면으로 돌아오려면 [menu]를 누르십시오)"
hud_noArm,A short HUD label when no weapons are armed.,NO ARM,NO ARM
s_newObj,Objective popup message in HUD,NEW OBJECTIVE,새로운 목표
s_objComplete,Objective popup message in HUD,OBJECTIVE COMPLETE,목표 완료
s_objFailed,Objective popup message in HUD,OBJECTIVE FAILED,목표 실패
commReply_s_comm_reply,A text reply in the communications menu.,REPLY:,답신:
commReply_s_noHostilesFound,A text reply in the communications menu.,No hostiles found.,발견된 적이 없습니다.
commReply_s_awacsNotReady,A text reply in the communications menu.,AWACS is not ready to report.,AWACS가 아직 보고할 수 없습니다.
commReply_s_noAwacsAvailable,A text reply in the communications menu.,No AWACS available,가용한 AWACS 없음
commReply_s_awacsPicRequested,A text reply in the communications menu.,AWACS picture requested,AWACS에 전황 보고 요청함
commReply_s_awacsRequestedRTB,A text reply in the communications menu.,Requested RTB vector from AWACS,AWACS에 귀환 벡터 요청함
s_hostile,Prefix for AWACS bogey dope response,Hostile,적군
commReply_s_rearmingNotAvailable,A text reply in the communications menu.,Rearming not available.,재무장 불가
commReply_s_notAtRearmingStation,A text reply in the communications menu.,Not at a rearming station. Return to base.,재무장 구역이 아닙니다. 기지로 귀환하십시오.
commReply_s_turnOffEngines,A text reply in the communications menu.,Please turn off your engines.,엔진을 끄십시오.
commReply_s_disarmWeapons,A text reply in the communications menu.,Please disarm your weapon system.,무기 시스템을 해제하십시오.
commReply_s_unhookTailhook,A text reply in the communications menu.,Please disengage your arrestor hook.,착함 후크를 올리십시오.
commReply_s_rearmPointOccupied,A text reply in the communications menu.,This station is occupied!,이 구역은 이미 사용 중입니다!
commReply_s_taxiToRearm,A text reply in the communications menu.,Please taxi to a rearming station.,재무장 구역으로 활주하여 이동하십시오.
commReply_s_wingmenBusy,A text reply in the communications menu.,Your wingmen are busy.,윙맨이 바쁩니다.
commReply_s_someWingmenBusy,A text reply in the communications menu.,Some of your wingmen are busy.,윙맨 중 일부가 바쁩니다.
commReply_s_noWingmen,A text reply in the communications menu.,You have no wingmen.,윙맨이 없습니다.
commReply_s_wingmenOrbiting,A text reply in the communications menu.,Wingmen orbiting here.,윙맨이 현 위치에서 선회 대기 중입니다.
commReply_s_wingmenEngaging,A text reply in the communications menu.,Wingmen engaging targets at will!,윙맨 전원 자유 교전 개시!
commReply_s_wingmenDisengaging,A text reply in the communications menu.,Wingmen disengaging from combat!,윙맨 교전 중단 후 이탈!
commReply_s_wingmenFormationSpread,A text reply in the communications menu.,Wingmen setting formation spread.,윙맨이 대형 간격을 조정 중입니다.
commReply_s_wingman,A text reply in the communications menu.,Wingman,윙맨
commReply_s_attackingTSD,A text reply in the communications menu.,attacking your TSD target!,TSD 표적 공격 개시!
commReply_s_attackingRadar,A text reply in the communications menu.,attacking your radar target!,레이더 표적 공격 개시!
commReply_s_attackingTGP,A text reply in the communications menu.,attacking your TGP target!,TGP 표적 공격 개시!
commReply_s_attackingARAD,A text reply in the communications menu.,attacking your ARAD target!,ARAD 표적 공격 개시!
commReply_s_noWingmenForAttack,A text reply in the communications menu.,No wingmen available for attack.,공격 가능한 윙맨이 없습니다.
commReply_s_noTarget,A text reply in the communications menu.,No target selected.,선택된 표적이 없습니다.
commReply_s_noAirfield,A text reply in the communications menu.,No airfield available.,이용 가능한 비행장이 없습니다.
commReply_s_cancellingATC,A text reply in the communications menu.,Cancelling ATC request.,관제탑 요청 취소.
commReply_s_acknowledged,A text reply in the communications menu.,Acknowledged,확인
commReply_s_wingmenRTB,A text reply in the communications menu.,Your wingmen will RTB!,윙맨이 기지로 귀환합니다!
commReply_s_clearedVerticalLanding,A text reply in the communications menu.,Cleared for vertical landing!,수직 착륙 허가됨!
commReply_s_clearedVerticalTakeoff,A text reply in the communications menu.,Cleared for vertical take off!,수직 이륙 허가됨!
commReply_s_landingDenied,A text reply in the communications menu.,Landing denied!,착륙 불허!
commReply_s_takeoffDenied,A text reply in the communications menu.,Take off denied!,이륙 불허!
commReply_s_reply_noPrevAtc,A text reply in the communications menu.,No previously contacted ATC available.,이전에 연락한 관제탑이 없습니다.
MFDOptionPage:Wingmen / Combat,Title of an MFD option page,Wingmen / Combat,윙맨 / 전투
MFDOption:Attack Target,Label of an MFD option,Attack Target,목표물 공격
MFDOption:Disengage,Label of an MFD option,Disengage,교전 중지
MFDOption:Engage,Label of an MFD option,Engage,교전 시작
MFDOptionPage:Wingmen / Flight,Title of an MFD option page,Wingmen / Flight,윙맨 / 비행
MFDOption:Orbit Here,Label of an MFD option,Orbit Here,이곳에서 대기
MFDOption:Form Up,Label of an MFD option,Form Up,대형으로 복귀
MFDOption:Spread Close,Label of an MFD option,Spread Close,밀집 대형
MFDOption:Spread Med,Label of an MFD option,Spread Med,기본 대형
MFDOption:Spread Far,Label of an MFD option,Spread Far,산개 대형
MFDOption:Go Refuel,Label of an MFD option,Go Refuel,연료 재보급
MFDOption:RTB,Label of an MFD option,RTB,기지로 귀환
MFDOption:RTB & Re-arm,Label of an MFD option,RTB & Re-arm,기지 귀환 & 재무장
MFDOptionPage:Wingmen / Equipment,Title of an MFD option page,Wingmen / Equipment,윙맨 / 장비
MFDOption:Radar On,Label of an MFD option,Radar On,레이더 켜기
MFDOption:Radar Off,Label of an MFD option,Radar Off,레이더 끄기
MFDOptionPage:Wingmen,Title of an MFD option page,Wingmen,윙맨
MFDOption:Combat,Label of an MFD option,Combat,전투
MFDOption:Flight,Label of an MFD option,Flight,비행
MFDOption:Equipment,Label of an MFD option,Equipment,장비
MFDOptionPage:Ground Crew,Title of an MFD option page,Ground Crew,지상 요원
MFDOption:Request Re-arm,Label of an MFD option,Request Re-arm,재무장 요청
MFDOptionPage:ATC,Title of an MFD option page,ATC,관제탑
MFDOption:Take Off,Label of an MFD option,Take Off,이륙
MFDOption:Landing,Label of an MFD option,Landing,착륙
MFDOption:Cancel Request,Label of an MFD option,Cancel Request,요청 취소
MFDOption:Vert T/O,Label of an MFD option,Vert T/O,수직 이륙
MFDOption:Vert Landing,Label of an MFD option,Vert Landing,수직 착륙
MFDOption:Last Contact,Label of an MFD option,Last Contact,최종 교신 대상
MFDOptionPage:Contact Tower,Title of an MFD option page,Contact Tower,관제탑 교신
MFDOptionPage:AWACS,Title of an MFD option page,AWACS,AWACS
MFDOption:Bogey Dope,Label of an MFD option,Bogey Dope,근접 적기 정보
MFDOption:Picture,Label of an MFD option,Picture,상황 보고
MFDOption:Request RTB Vector,Label of an MFD option,Request RTB Vector,기지 귀환 경로 요청
MFDOptionPage:Comms,Title of an MFD option page,Comms,통신
MFDOption:Wingmen,Label of an MFD option,Wingmen,윙맨
MFDOption:Ground,Label of an MFD option,Ground,지상
MFDOption:ATC,Label of an MFD option,ATC,관제탑
MFDOption:AWACS,Label of an MFD option,AWACS,AWACS
next,,Next,다음
prev,,Prev,이전
ripple_single,Label when a rapid-fire weapon is set to only fire one shot at a time.,SINGLE,단발
wmui_ripple,Option title for selecting a rocket/missile's ripple (rapid fire) rate.,RIPPLE,RIPPLE
wmui_rippleTooltip,Tooltip for button to cycle a weapon's ripple (rapid fire) rate.,Cycle Ripple Rates,연속 발사 속도 변경
s_masterArmed,Master armed label in EQUIP MFD page,MASTER ARMED,마스터 암 켜짐
s_masterDisarmed,Master disarmed label in EQUIP MFD page,MASTER DISARMED,마스터 암 꺼짐
s_eq_armed,Armed label for single equip in EQUIP MFD page,ARMED,무장
s_eq_disarmed,Disarmed label for single equip in EQUIP MFD page,DISARMED,무장 해제
s_eq_jettison,Jettison label for single equip in EQUIP MFD page,JETTISON,버리기
s_eqMode_0,Equip MFD page mode label,CONFIG,설정
s_eqMode_1,Equip MFD page mode label,ARMING,무장
s_eqMode_2,Equip MFD page mode label,JETTISON,버리기
AV-42C_mfd_cam:B3,Label for an MFD button (short!).,PREV,이전
AV-42C_mfd_cam:B5,Label for an MFD button (short!).,NEXT,다음
dashMissionDisplay_noMissions,Label in the mission objectives display when the current mission has no objectives.,No objectives.,임무 목표 없음.
AV-42C_mfd_mission:B1,Label for an MFD button (short!).,WPT,WPT
AV-42C_mfd_mission:B1_tooltip,Tooltip for an MFD button.,Set Waypoint,경유지 지정
AV-42C_mfd_mission:B3,Label for an MFD button (short!).,NEXT,다음
AV-42C_mfd_mission:B3_tooltip,Tooltip for an MFD button.,Next Objective,다음 임무 목표
AV-42C_mfd_mission:B5,Label for an MFD button (short!).,PREV,이전
AV-42C_mfd_mission:B5_tooltip,Tooltip for an MFD button.,Previous Objective,이전 임무 목표
AV-42C_mfd_home:B1,Label for an MFD button (short!).,NAV,지도
AV-42C_mfd_home:B1_tooltip,Tooltip for an MFD button.,Navigation,항법 지도
AV-42C_mfd_home:B2,Label for an MFD button (short!).,OBJ,목표
AV-42C_mfd_home:B2_tooltip,Tooltip for an MFD button.,Objectives,임무 목표
AV-42C_mfd_home:B3,Label for an MFD button (short!).,CAM,CAM
AV-42C_mfd_home:B3_tooltip,Tooltip for an MFD button.,External Cameras,외부 카메라
AV-42C_mfd_home:B4,Label for an MFD button (short!).,TGP,TGP
AV-42C_mfd_home:B4_tooltip,Tooltip for an MFD button.,Targeting,조준 포드
AV-42C_mfd_home:B5,Label for an MFD button (short!).,GPS,GPS
AV-42C_mfd_home:B5_tooltip,Tooltip for an MFD button.,GPS Targets,GPS 표적
AV-42C_mfd_home:R2,Label for an MFD button (short!).,S-CAM,관전
AV-42C_mfd_home:R2_tooltip,Tooltip for an MFD button.,Spectator Camera,관전 카메라
AV-42C_mfd_home:R3,Label for an MFD button (short!).,GAME,게임
AV-42C_mfd_home:R3_tooltip,Tooltip for an MFD button.,Game Menu,게임 메뉴
AV-42C_mfd_home:R4,Label for an MFD button (short!).,LOG,기록
AV-42C_mfd_home:R4_tooltip,Tooltip for an MFD button.,Flight Log,비행 기록
AV-42C_mfd_home:L2,Label for an MFD button (short!).,EQUIP,장비
AV-42C_mfd_home:L2_tooltip,Tooltip for an MFD button.,Mounted Equipment,탑재 장비
AV-42C_mfd_home:L3,Label for an MFD button (short!).,OPTION,옵션
AV-42C_mfd_home:L3_tooltip,Tooltip for an MFD button.,Options,옵션
AV-42C_mfd_home:L4,Label for an MFD button (short!).,COMMS,통신
AV-42C_mfd_home:L4_tooltip,Tooltip for an MFD button.,Communications,통신
AV-42C_mfd_home:T5,Label for an MFD button (short!).,ARAD,ARAD
AV-42C_mfd_home:T5_tooltip,Tooltip for an MFD button.,Antiradar Attack Display,대레이더 공격 디스플레이
AV-42C_mfd_home:L5,Label for an MFD button (short!).,CMS,CMS
AV-42C_mfd_home:L5_tooltip,Tooltip for an MFD button.,Countermeasure System,기만 장비 시스템
AV-42C_mfd_flightLog:R2_tooltip,Tooltip for an MFD button.,Scroll Up,위로 스크롤
AV-42C_mfd_flightLog:R4_tooltip,Tooltip for an MFD button.,Scroll Down,아래로 스크롤
AV-42C_mfd_flightLog:R5_tooltip,Tooltip for an MFD button.,Scroll Bottom,맨 아래로 스크롤
AV-42C_mfd_flightLog:B3_tooltip,Tooltip for an MFD button.,Dump log to file.,비행 기록을 파일로 저장
AV-42C_mfd_flyCam:B2,Label for an MFD button (short!).,START,켜기
AV-42C_mfd_flyCam:B2_tooltip,Tooltip for an MFD button.,Start Camera,카메라 켜기
AV-42C_mfd_flyCam:B3,Label for an MFD button (short!).,END,끄기
AV-42C_mfd_flyCam:B3_tooltip,Tooltip for an MFD button.,End Camera,카메라 끄기
AV-42C_mfd_flyCam:B1,Label for an MFD button (short!).,VIEW,보기
AV-42C_mfd_flyCam:B1_tooltip,Tooltip for an MFD button.,Toggle Preview,미리보기 전환
AV-42C_mfd_flyCam:R1,Label for an MFD button (short!).,RANDM,랜덤
AV-42C_mfd_flyCam:R1_tooltip,Tooltip for an MFD button.,Toggle Random,랜덤 전환
AV-42C_mfd_flyCam:L3,Label for an MFD button (short!).,FOV:,FOV:
AV-42C_mfd_flyCam:L3_tooltip,Tooltip for an MFD button.,Toggle FOV,시야각 전환
AV-42C_mfd_flyCam:L4,Label for an MFD button (short!)., ,
AV-42C_mfd_flyCam:L4_tooltip,Tooltip for an MFD button.,Toggle AutoFOV,자동 시야각 전환
AV-42C_mfd_flyCam:L5,Label for an MFD button (short!)., ,
AV-42C_mfd_flyCam:L5_tooltip,Tooltip for an MFD button.,Toggle Audio Mode,오디오 모드 전환
AV-42C_mfd_flyCam:R2,Label for an MFD button (short!).,MODE,모드
AV-42C_mfd_flyCam:R2_tooltip,Tooltip for an MFD button.,Toggle Cam Mode,카메라 모드 전환
AV-42C_mfd_flyCam:R3,Label for an MFD button (short!).,LOOK,시야
AV-42C_mfd_flyCam:R3_tooltip,Tooltip for an MFD button.,Toggle Look Mode,시야 모드 전환
AV-42C_mfd_flyCam:R5,Label for an MFD button (short!)., ,
AV-42C_mfd_flyCam:R5_tooltip,Tooltip for an MFD button.,Toggle Auto-Reset,자동 리셋 전환
AV-42C_mfd_flyCam:B5,Label for an MFD button (short!)., ,
AV-42C_mfd_flyCam:B5_tooltip,Tooltip for an MFD button.,Cycle Reset Time,리셋 타이머 설정
AV-42C_mfd_flyCam:T3,Label for an MFD button (short!).,SS,캡처
AV-42C_mfd_flyCam:T3_tooltip,Tooltip for an MFD button.,4K Screenshot,4K 스크린샷
AV-42C_mfd_hardpoints:R2_tooltip,Tooltip for an MFD button.,HP Gun,기관포
AV-42C_mfd_hardpoints:L4_tooltip,Tooltip for an MFD button.,HP 1,무장 장착대 1
AV-42C_mfd_hardpoints:L3_tooltip,Tooltip for an MFD button.,HP 2,무장 장착대 2
AV-42C_mfd_hardpoints:R3_tooltip,Tooltip for an MFD button.,HP 3,무장 장착대 3
AV-42C_mfd_hardpoints:R4_tooltip,Tooltip for an MFD button.,HP 4,무장 장착대 4
AV-42C_mfd_hardpoints:L5_tooltip,Tooltip for an MFD button.,HP 5,무장 장착대 5
AV-42C_mfd_hardpoints:R5_tooltip,Tooltip for an MFD button.,HP 6,무장 장착대 6
AV-42C_mfd_hardpoints:L2,Label for an MFD button (short!).,MODE:,모드:
AV-42C_mfd_hardpoints:L2_tooltip,Tooltip for an MFD button.,Toggle Mode,모드 전환
NONE,,NONE,없음
AV-42C_mfd_hardpointInfoPage:R1_tooltip,Tooltip for an MFD button.,Return to Equip,장비 장착으로 돌아가기
AV-42C_mfd_hardpointInfoPage:B2_tooltip,Tooltip for an MFD button.,Toggle Arming,무장 설정 전환
AV-42C_mfd_hardpointInfoPage:B5_tooltip,Tooltip for an MFD button.,Toggle Jettison,버리기 설정 전환
AV-42C_mfd_antiRad:T5,Label for an MFD button (short!).,SOI,SOI
AV-42C_mfd_antiRad:T5_tooltip,Tooltip for an MFD button.,Sensor of Interest,센서 활성화
AV-42C_mfd_antiRad:R4,Label for an MFD button (short!).,HUD,HUD
AV-42C_mfd_antiRad:R4_tooltip,Tooltip for an MFD button.,HUD Mode,HUD 모드
AV-42C_mfd_antiRad:R5_tooltip,Tooltip for an MFD button.,Declutter,간소화
AV-42C_mfd_cmsPage:L4_tooltip,Tooltip for an MFD button.,Release Mode,방출 모드
AV-42C_mfd_cmsPage:B2,Label for an MFD button (short!).,-,-
AV-42C_mfd_cmsPage:B2_tooltip,Tooltip for an MFD button.,- Release Rate,방출 속도 -
AV-42C_mfd_cmsPage:B4,Label for an MFD button (short!).,+,+
AV-42C_mfd_cmsPage:B4_tooltip,Tooltip for an MFD button.,+ Release Rate,방출 속도 +
AV-42C_mfd_map:T2,Label for an MFD button (short!).,GPS,GPS
AV-42C_mfd_map:T2_tooltip,Tooltip for an MFD button.,GPS Targets,GPS 표적
AV-42C_mfd_map:R2,Label for an MFD button (short!).,ZOOM+,확대+
AV-42C_mfd_map:R3,Label for an MFD button (short!).,ZOOM-,축소-
AV-42C_mfd_map:R4,Label for an MFD button (short!).,UP,위
AV-42C_mfd_map:R5,Label for an MFD button (short!).,DOWN,아래
AV-42C_mfd_map:B4,Label for an MFD button (short!).,LEFT,왼쪽
AV-42C_mfd_map:B5,Label for an MFD button (short!).,RIGHT,오른쪽
AV-42C_mfd_map:R1,Label for an MFD button (short!).,RESET,초기화
AV-42C_mfd_map:R1_tooltip,Tooltip for an MFD button.,Reset Offset,오프셋 초기화
AV-42C_mfd_map:T4,Label for an MFD button (short!).,MODE,회전
AV-42C_mfd_map:T4_tooltip,Tooltip for an MFD button.,Toggle Rotation Mode,회전 모드 전환
AV-42C_mfd_map:T5,Label for an MFD button (short!).,SOI,SOI
AV-42C_mfd_map:T5_tooltip,Tooltip for an MFD button.,Toggle Sensor of Interest,센서 활성화 전환
AV-42C_mfd_map:L4,Label for an MFD button (short!).,FUEL,연료
AV-42C_mfd_map:L4_tooltip,Tooltip for an MFD button.,Set Fuel Waypoint,연료 경유지 설정
AV-42C_mfd_map:L3,Label for an MFD button (short!).,RTB,귀환
AV-42C_mfd_map:L3_tooltip,Tooltip for an MFD button.,Set Return to Base Waypoint,기지 귀환 경유지 설정
AV-42C_mfd_map:L2,Label for an MFD button (short!).,OBJ,목표
AV-42C_mfd_map:L2_tooltip,Tooltip for an MFD button.,Set Objective Waypoint,목표 경유지 설정
AV-42C_mfd_map:B1,Label for an MFD button (short!).,SET ALT,고도 설정
AV-42C_mfd_map:B1_tooltip,Tooltip for an MFD button.,Set Target Alt,목표 고도 설정
AV-42C_mfd_map:B2,Label for an MFD button (short!).,ALT+,고도+
AV-42C_mfd_map:B2_tooltip,Tooltip for an MFD button.,Raise Target Alt,목표 고도 상승
AV-42C_mfd_map:B3,Label for an MFD button (short!).,GPS-S,GPS-S
AV-42C_mfd_map:B3_tooltip,Tooltip for an MFD button.,Send GPS Target,GPS 목표 송신
AV-42C_mfd_options:L2_tooltip,Tooltip for an MFD button.,Unit Options,단위 설정
AV-42C_mfd_options:L3_tooltip,Tooltip for an MFD button.,Fuel Settings,연료 설정
AV-42C_mfd_options:L4_tooltip,Tooltip for an MFD button.,Altitude Warning Settings,고도 경보 설정
AV-42C_mfd_options:R3_tooltip,Tooltip for an MFD button.,Joystick Sensitivity,조종간 민감도
AV-42C_mfd_unitOptions:L2_tooltip,Tooltip for an MFD button.,Altitude Units,고도 단위
AV-42C_mfd_unitOptions:L3_tooltip,Tooltip for an MFD button.,Distance Units,거리 단위
AV-42C_mfd_unitOptions:L4_tooltip,Tooltip for an MFD button.,Speed Units,속도 단위
AV-42C_mfd_unitOptions:T5_tooltip,Tooltip for an MFD button.,Back,뒤로가기
AV-42C_mfd_fuelConfig:T5_tooltip,Tooltip for an MFD button.,Back,뒤로가기
AV-42C_mfd_fuelConfig:L4_tooltip,Tooltip for an MFD button.,Bingo Fuel +,귀환 한계 연료 +
AV-42C_mfd_fuelConfig:L5_tooltip,Tooltip for an MFD button.,Bingo Fuel -,귀환 한계 연료 -
altWarn_mode_radar,Radar altimeter mode for altitude warning settings.,RADAR,레이더
altWarn_mode_asl,Sea level/barometric altimeter mode for altitude warning settings.,ASL,ASL
AV-42C_mfd_altitudeSettings:T5_tooltip,Tooltip for an MFD button.,Back,뒤로가기
AV-42C_mfd_altitudeSettings:L3_tooltip,Tooltip for an MFD button.,Set Min Alt,최소 고도 +
AV-42C_mfd_altitudeSettings:L4_tooltip,Tooltip for an MFD button.,Min Alt -,최소 고도 -
AV-42C_mfd_altitudeSettings:R3_tooltip,Tooltip for an MFD button.,Set Max Alt,최대 고도 +
AV-42C_mfd_altitudeSettings:R4_tooltip,Tooltip for an MFD button.,Max Alt -,최대 고도 -
AV-42C_mfd_altitudeSettings:L2_tooltip,Tooltip for an MFD button.,Toggle Alt Mode,고도계 모드 전환
AV-42C_mfd_gpsTgts:T2,Label for an MFD button (short!).,MAP,지도
AV-42C_mfd_gpsTgts:T2_tooltip,Tooltip for an MFD button.,Nav Map,항법 지도
AV-42C_mfd_gpsTgts:T3,Label for an MFD button (short!).,WPT,WPT
AV-42C_mfd_gpsTgts:T3_tooltip,Tooltip for an MFD button.,Set Waypoints,경유지 지정
AV-42C_mfd_gpsTgts:L2_tooltip,Tooltip for an MFD button.,Previous Group,이전 그룹
AV-42C_mfd_gpsTgts:L3_tooltip,Tooltip for an MFD button.,Next Group,다음 그룹
AV-42C_mfd_gpsTgts:B1_tooltip,Tooltip for an MFD button.,Create Group,그룹 생성
AV-42C_mfd_gpsTgts:B2_tooltip,Tooltip for an MFD button.,Delete Group,그룹 삭제
AV-42C_mfd_gpsTgts:B4_tooltip,Tooltip for an MFD button.,Delete Target,표적 삭제
AV-42C_mfd_gpsTgts:R3_tooltip,Tooltip for an MFD button.,Next Target,다음 표적
AV-42C_mfd_gpsTgts:R2_tooltip,Tooltip for an MFD button.,Previous Target,이전 표적
AV-42C_mfd_gpsTgts:R1_tooltip,Tooltip for an MFD button.,Toggle Path Mode,경로 모드 전환
AV-42C_mfd_gpsTgts:R4_tooltip,Tooltip for an MFD button.,Move Up,위로
AV-42C_mfd_gpsTgts:R5_tooltip,Tooltip for an MFD button.,MoveDown,아래로
AV-42C_mfd_gpsTgts:B5,Label for an MFD button (short!).,SEND,전송
AV-42C_mfd_gpsTgts:B5_tooltip,Tooltip for an MFD button.,Send Data,데이터 전송
s_mfdGps_path,MFD GPS page PATH toggle button/label,PATH,경로
AV-42C_mfd_target:B3,Label for an MFD button (short!).,HEAD,시야
AV-42C_mfd_target:B3_tooltip,Tooltip for an MFD button.,Head-track Mode,시야 추적 모드
AV-42C_mfd_target:B2,Label for an MFD button (short!).,FWD,전방
AV-42C_mfd_target:B2_tooltip,Tooltip for an MFD button.,Forward Mode,전방 주시 모드
AV-42C_mfd_target:B5,Label for an MFD button (short!).,PWR,전원
AV-42C_mfd_target:B5_tooltip,Tooltip for an MFD button.,Toggle TGP Power,조준 포드 전원
AV-42C_mfd_target:R2,Label for an MFD button (short!).,ZOOM+,확대+
AV-42C_mfd_target:R2_tooltip,Tooltip for an MFD button.,Zoom In,확대
AV-42C_mfd_target:R3,Label for an MFD button (short!).,ZOOM-,축소-
AV-42C_mfd_target:R3_tooltip,Tooltip for an MFD button.,Zoom Out,축소
AV-42C_mfd_target:R4,Label for an MFD button (short!).,GPS-S,GPS-S
AV-42C_mfd_target:R4_tooltip,Tooltip for an MFD button.,GPS Send,GPS 좌표 송신
AV-42C_mfd_target:R5,Label for an MFD button (short!).,GPS-A,GPS-A
AV-42C_mfd_target:R5_tooltip,Tooltip for an MFD button.,GPS Acquire,GPS 좌표 포착
AV-42C_mfd_target:L2,Label for an MFD button (short!).,MODE,모드
AV-42C_mfd_target:L2_tooltip,Tooltip for an MFD button.,Cycle Modes,모드 순환
AV-42C_mfd_target:L3,Label for an MFD button (short!).,SENS,센서
AV-42C_mfd_target:L3_tooltip,Tooltip for an MFD button.,Sensor Mode,센서 모드
AV-42C_mfd_target:T3,Label for an MFD button (short!).,WPT,WPT
AV-42C_mfd_target:T3_tooltip,Tooltip for an MFD button.,To Waypoint,경유지로
AV-42C_mfd_target:T5,Label for an MFD button (short!).,SOI,SOI
AV-42C_mfd_target:T5_tooltip,Tooltip for an MFD button.,Toggle Sensor of Interest,센서 활성화 전환
AV-42C_mfd_target:B4_tooltip,Tooltip for an MFD button.,Toggle HMD View,HMD 시야 전환
AV-42C_mfd_target:L4,Label for an MFD button (short!).,LIM,경계
AV-42C_mfd_target:L4_tooltip,Tooltip for an MFD button.,Toggle Limits Overlay,경계 표시 전환
AV-42C_mfd_target:R1,Label for an MFD button (short!).,MARK,레이저
AV-42C_mfd_target:R1_tooltip,Tooltip for an MFD button.,Laser Marker,레이저 마커
s_hmd,TGP page label,HMD,HMD
s_tgp_noLock,TGP page error,NO LOCK,록온 없음
s_tgp_noGpsGroup,TGP page error,NO GPS GROUP,GPS 그룹 없음
s_tgp_noTarget,TGP page error,NO TARGET,목표 없음
s_tgp_notSOI,TGP page error,NOT SOI,NOT SOI
s_tgpMode_0,TGP mode label,TGT,TGT
s_tgpMode_1,TGP mode label,PIP,PIP
s_tgpMode_2,TGP mode label,HEAD,시야
s_tgpMode_3,TGP mode label,FWD,전방
tgp_sensorMode_0,TGP sensor mode label,DAY,낮
tgp_sensorMode_1,TGP sensor mode label,NIGHT,밤
tgp_sensorMode_2,TGP sensor mode label,COLOR,컬러
AV-42C_mfd_gameMenu:B2,Label for an MFD button (short!).,RESTART,재시작
AV-42C_mfd_gameMenu:B2_tooltip,Tooltip for an MFD button.,Restart Mission,임무 재시작
AV-42C_mfd_gameMenu:B4,Label for an MFD button (short!).,EXIT,나가기
AV-42C_mfd_gameMenu:B4_tooltip,Tooltip for an MFD button.,Return to Briefing Room,브리핑실로 돌아가기
AV-42C_mfd_gameMenu:R2,Label for an MFD button (short!).,CENTER,재정렬
AV-42C_mfd_gameMenu:R2_tooltip,Tooltip for an MFD button.,Recenter Seat Position,좌석 위치 재정렬
AV-42C_mfd_gameMenu:L3,Label for an MFD button (short!).,QSAVE,QSAVE
AV-42C_mfd_gameMenu:L3_tooltip,Tooltip for an MFD button.,Quick Save Menu,빠른 저장 메뉴
AV-42C_mfd_gameMenu:R4,Label for an MFD button (short!).,PLAYERS,유저
AV-42C_mfd_gameMenu:R4_tooltip,Tooltip for an MFD button.,View Players,유저 보기
AV-42C_mfd_gameMenu:R5,Label for an MFD button (short!).,NETWORK,네트워크
AV-42C_mfd_gameMenu:R5_tooltip,Tooltip for an MFD button.,NetworkAnalytics,네트워크 분석
vpdt_MFDRecenterText,[xxx] tags will be replaced by platform specific controls. Keep them.,"Sit comfortably
and press
[menu]
to recenter","편안한 자세로 앉아
[menu]를 눌러
좌석 위치를
재정렬하십시오"
AV-42C_mfd_quicksave:L3_tooltip,Tooltip for an MFD button.,Save,저장
AV-42C_mfd_quicksave:B4_tooltip,Tooltip for an MFD button.,Load,불러오기
AV-42C_mfd_quicksave:T5,Label for an MFD button (short!).,BACK,BACK
AV-42C_mfd_quicksave:T5_tooltip,Tooltip for an MFD button.,Back,뒤로가기
AV-42C_mfd_mpPlayers:B1,Label for an MFD button (short!).,BACK,BACK
AV-42C_mfd_mpPlayers:B1_tooltip,Tooltip for an MFD button.,Back,뒤로가기
AV-42C_mfd_mpPlayers:T5,Label for an MFD button (short!).,MANAGE,관리
AV-42C_mfd_mpPlayers:T5_tooltip,Tooltip for an MFD button.,Manage Players,유저 관리
AV-42C_mfd_mpPlayers:R4_tooltip,Tooltip for an MFD button.,Scroll Up,위로 스크롤
AV-42C_mfd_mpPlayers:R5_tooltip,Tooltip for an MFD button.,Scroll Down,아래로 스크롤
mpPlayers_teamA,Team A title in players MFD page,Team a,팀 A
mpPlayers_KAD,Kills Assists Deaths column headers in MP players MFD page,K         a        d,K         a        d
mpPlayers_teamB,Team B title in players MFD page,Team b,팀 B
AV-42C_mfd_netAnalytics:B1,Label for an MFD button (short!).,BACK,BACK
AV-42C_mfd_netAnalytics:B1_tooltip,Tooltip for an MFD button.,Back,뒤로가기
rwrMode_0,RWR mode,On,켜기
rwrMode_1,RWR mode,Silent,침묵
rwrMode_2,RWR mode,Off,끄기
arad_DECL,ARAD declutter button label,DECL,간소화
sCam_autoReset,S-Cam auto reset view label.,Auto-Reset,자동 리셋
sCam_autoZoomPrefix,"S-Cam auto zoom prefix (Auto 40, etc)",Auto,자동
sCam_audio,S-Cam audio on/off label,AUDIO,오디오
sCam_tgtMode_0,S-Cam target mode,SELF,자신
sCam_tgtMode_1,S-Cam target mode,MSSL,MSSL
sCam_tgtMode_2,S-Cam target mode,TGT,TGT
sCam_random,S-Cam random view mode,Random,랜덤
sCam_behavior_0,S-Cam behavior,Stationary,정지
sCam_behavior_1,S-Cam behavior,FlyAlong,동반 비행
sCam_behavior_2,S-Cam behavior,Fixed,고정
sCam_behavior_3,S-Cam behavior,Chase,추적
sCam_behavior_4,S-Cam behavior,PresetViews,지정 시점
sCam_behavior_5,S-Cam behavior,SmoothLook,부드러운 시야
sCam_behavior_6,S-Cam behavior,Camcorder,캠코더
Mk.82 Bomb x1_fullName,Full equip name of: Mk.82 Bomb x1,Mk.82 Bomb x1,Mk.82 폭탄 x1
Mk.82 Bomb x1_description,Item description of: Mk.82 Bomb x1,Standard un-guided 500lb bomb.,표준형 무유도 500파운드 폭탄입니다.
GBU-12 Laser Guided Bomb x2_fullName,Full equip name of: GBU-12 Laser Guided Bomb x2,GBU-12 Laser Guided Bomb x2,GBU-12 레이저 유도 폭탄 x2
GBU-12 Laser Guided Bomb x2_description,Item description of: GBU-12 Laser Guided Bomb x2,A rack of two 500lb laser guided bombs.,500파운드 레이저 유도 폭탄 2발 랙입니다.
SB-1 Bomb x3_fullName,Full equip name of: SB-1 Bomb x3,SB-1 Bomb x3,SB-1 폭탄 x3
SB-1 Bomb x3_description,Item description of: SB-1 Bomb x3,Standard un-guided 500lb bombs.,표준형 무유도 500파운드 폭탄입니다.
2200L Fuel Drop Tank_fullName,Full equip name of: 2200L Fuel Drop Tank,2200L Fuel Drop Tank,2200L 외부 연료 탱크
2200L Fuel Drop Tank_description,Item description of: 2200L Fuel Drop Tank,A 2200 liter fuel tank.,2200L 연료 탱크입니다.
MAD-4 Missile_fullName,Full equip name of: MAD-4 Missile,MAD-4 Missile,MAD-4 미사일
MAD-4 Missile_description,Item description of: MAD-4 Missile,Standard semi-active radar-guided missile built for the Mobile Air Defense launcher. It has a range of about 55km (30nm).,이동식 방공 발사대용으로 제작된 표준형 반능동 레이더 유도 미사일입니다(발사대 레이더가 목표를 계속 비춰 주어야 유도되는 방식). 사거리는 약 55km(30해리)입니다.
PGM-27 x7_fullName,Full equip name of: PGM-27 x7,PGM-27 x7,PGM-27 x7
PGM-27 x7_description,Item description of: PGM-27 x7,"A rack of 2.75 inch rockets which have been fitted with a laser guidance package, turning them into precision guided munitions.
Requires continuous lock for guidance (not fire-and-forget).","레이저 유도 장치를 장착해 정밀 유도 무기로 개조한 2.75인치 로켓 랙입니다.
명중할 때까지 계속 조준을 유지해야 합니다(발사 후 알아서 유도되는 방식이 아님)."
eqSublabel_LG,HUD sub-label of an equip,LG,LG
loadoutConfig_cannon,Cannon hardpoint label,Cannon,기관포
vehicleConfig_reloadAll,,Reload all,전체 재무장
vehicleConfig_endMission,,End mission,임무 종료
vehicleConfig_returnToAircraft,,Return to aircraft,기체로 돌아가기
vehicleConfig_respawn,,Respawn,재배치
AIM-9+ Sidewinder_fullName,Full equip name of: AIM-9+ Sidewinder,AIM-9+ Sidewinder,AIM-9+ 사이드와인더
AIM-9+ Sidewinder_description,Item description of: AIM-9+ Sidewinder,Advanced short range heat seeking air to air missile.,개량형 단거리 열추적 공대공 미사일입니다.
Hydra-70 x7 Rocket Pod_fullName,Full equip name of: Hydra-70 x7 Rocket Pod,Hydra-70 x7 Rocket Pod,Hydra-70 x7 로켓 포드
Hydra-70 x7 Rocket Pod_description,Item description of: Hydra-70 x7 Rocket Pod,"A pod carrying a total of 7 high explosive rockets.  Can be fired in single shot mode, or rapid fire (ripple).",7발의 고폭 로켓을 탑재한 포드입니다. 단발 또는 연속 발사가 가능합니다.
AH-94_mfd_cam:B1,Label for an MFD button (short!).,PREV,이전
AH-94_mfd_cam:B3,Label for an MFD button (short!).,NEXT,다음
AH-94_mfd_home:B1,Label for an MFD button (short!).,NAV,지도
AH-94_mfd_home:B1_tooltip,Tooltip for an MFD button.,Navigation,항법 지도
AH-94_mfd_home:B2,Label for an MFD button (short!).,OBJ,목표
AH-94_mfd_home:B2_tooltip,Tooltip for an MFD button.,Objectives,임무 목표
AH-94_mfd_home:B3,Label for an MFD button (short!).,CAM,CAM
AH-94_mfd_home:B3_tooltip,Tooltip for an MFD button.,External Cameras,외부 카메라
AH-94_mfd_home:B4,Label for an MFD button (short!).,TADS,TADS
AH-94_mfd_home:B4_tooltip,Tooltip for an MFD button.,Targeting,조준 장비(TADS)
AH-94_mfd_home:L4,Label for an MFD button (short!).,GPS,GPS
AH-94_mfd_home:L4_tooltip,Tooltip for an MFD button.,GPS Targets,GPS 표적
AH-94_mfd_home:T5,Label for an MFD button (short!).,S-CAM,관전
AH-94_mfd_home:T5_tooltip,Tooltip for an MFD button.,Spectator Camera,관전 카메라
AH-94_mfd_home:R3,Label for an MFD button (short!).,GAME,게임
AH-94_mfd_home:R3_tooltip,Tooltip for an MFD button.,Game Menu,게임 메뉴
AH-94_mfd_home:R5,Label for an MFD button (short!).,LOG,기록
AH-94_mfd_home:R5_tooltip,Tooltip for an MFD button.,Flight Log,비행 기록
AH-94_mfd_home:L2,Label for an MFD button (short!).,EQUIP,장비
AH-94_mfd_home:L2_tooltip,Tooltip for an MFD button.,Mounted Equipment,탑재 장비
AH-94_mfd_home:L3,Label for an MFD button (short!).,OPTION,옵션
AH-94_mfd_home:L3_tooltip,Tooltip for an MFD button.,Options,옵션
AH-94_mfd_home:B5,Label for an MFD button (short!).,COMMS,통신
AH-94_mfd_home:B5_tooltip,Tooltip for an MFD button.,Communications,통신
AH-94_mfd_home:T4,Label for an MFD button (short!).,RADAR,레이더
AH-94_mfd_home:T4_tooltip,Tooltip for an MFD button.,Radar,레이더
AH-94_mfd_home:R4,Label for an MFD button (short!).,DATA,데이터
AH-94_mfd_home:R4_tooltip,Tooltip for an MFD button.,Flight Data,비행 데이터
AH-94_mfd_home:L5,Label for an MFD button (short!).,CMS,CMS
AH-94_mfd_home:L5_tooltip,Tooltip for an MFD button.,Countermeasure System,기만 장비 시스템
AH-94_mfd_flightLog:R2_tooltip,Tooltip for an MFD button.,Scroll Up,위로 스크롤
AH-94_mfd_flightLog:R4_tooltip,Tooltip for an MFD button.,Scroll Down,아래로 스크롤
AH-94_mfd_flightLog:R5_tooltip,Tooltip for an MFD button.,Scroll Bottom,맨 아래로 스크롤
AH-94_mfd_flightLog:B3_tooltip,Tooltip for an MFD button.,Dump log to file.,비행 기록 파일로 저장
AH-94_mfd_mission:B1,Label for an MFD button (short!).,WPT,WPT
AH-94_mfd_mission:B1_tooltip,Tooltip for an MFD button.,Set Waypoint,경유지 설정
AH-94_mfd_mission:B3,Label for an MFD button (short!).,NEXT,다음
AH-94_mfd_mission:B3_tooltip,Tooltip for an MFD button.,Next Objective,다음 목표
AH-94_mfd_mission:B5,Label for an MFD button (short!).,PREV,이전
AH-94_mfd_mission:B5_tooltip,Tooltip for an MFD button.,Previous Objective,이전 목표
AH-94_mfd_gpsTgts:T2,Label for an MFD button (short!).,MAP,지도
AH-94_mfd_gpsTgts:T2_tooltip,Tooltip for an MFD button.,Nav Map,항법 지도
AH-94_mfd_gpsTgts:T3,Label for an MFD button (short!).,WPT,WPT
AH-94_mfd_gpsTgts:T3_tooltip,Tooltip for an MFD button.,Set Waypoints,경유지 설정
AH-94_mfd_gpsTgts:L2_tooltip,Tooltip for an MFD button.,Previous Group,이전 그룹
AH-94_mfd_gpsTgts:L3_tooltip,Tooltip for an MFD button.,Next Group,다음 그룹
AH-94_mfd_gpsTgts:B1_tooltip,Tooltip for an MFD button.,Create Group,그룹 만들기
AH-94_mfd_gpsTgts:B2_tooltip,Tooltip for an MFD button.,Delete Group,그룹 삭제
AH-94_mfd_gpsTgts:B4_tooltip,Tooltip for an MFD button.,Delete Target,표적 삭제
AH-94_mfd_gpsTgts:R3_tooltip,Tooltip for an MFD button.,Next Target,다음 표적
AH-94_mfd_gpsTgts:R2_tooltip,Tooltip for an MFD button.,Previous Target,이전 표적
AH-94_mfd_gpsTgts:R1_tooltip,Tooltip for an MFD button.,Toggle Path Mode,경로 모드 전환
AH-94_mfd_gpsTgts:R4_tooltip,Tooltip for an MFD button.,Move Up,위로
AH-94_mfd_gpsTgts:R5_tooltip,Tooltip for an MFD button.,MoveDown,아래로
AH-94_mfd_gpsTgts:B5,Label for an MFD button (short!).,SEND,전송
AH-94_mfd_gpsTgts:B5_tooltip,Tooltip for an MFD button.,Send Data,데이터 전송
AH-94_mfd_flyCam:B2,Label for an MFD button (short!).,START,켜기
AH-94_mfd_flyCam:B2_tooltip,Tooltip for an MFD button.,Start Camera,카메라 켜기
AH-94_mfd_flyCam:B3,Label for an MFD button (short!).,END,끄기
AH-94_mfd_flyCam:B3_tooltip,Tooltip for an MFD button.,End Camera,카메라 끄기
AH-94_mfd_flyCam:B1,Label for an MFD button (short!).,VIEW,보기
AH-94_mfd_flyCam:B1_tooltip,Tooltip for an MFD button.,Toggle Preview,미리보기 전환
AH-94_mfd_flyCam:R1,Label for an MFD button (short!).,RANDM,랜덤
AH-94_mfd_flyCam:R1_tooltip,Tooltip for an MFD button.,Toggle Random,랜덤 전환
AH-94_mfd_flyCam:L3,Label for an MFD button (short!).,FOV:,FOV:
AH-94_mfd_flyCam:L3_tooltip,Tooltip for an MFD button.,Toggle FOV,시야각 전환
AH-94_mfd_flyCam:L4,Label for an MFD button (short!)., ,
AH-94_mfd_flyCam:L4_tooltip,Tooltip for an MFD button.,Toggle AutoFOV,자동 시야각 전환
AH-94_mfd_flyCam:L5,Label for an MFD button (short!)., ,
AH-94_mfd_flyCam:L5_tooltip,Tooltip for an MFD button.,Toggle Audio,오디오 전환
AH-94_mfd_flyCam:R2,Label for an MFD button (short!).,MODE,카메라
AH-94_mfd_flyCam:R2_tooltip,Tooltip for an MFD button.,Toggle Cam Mode,카메라 모드 전환
AH-94_mfd_flyCam:R3,Label for an MFD button (short!).,LOOK,시야
AH-94_mfd_flyCam:R3_tooltip,Tooltip for an MFD button.,Toggle Look Mode,시야 모드 전환
AH-94_mfd_flyCam:R5,Label for an MFD button (short!)., ,
AH-94_mfd_flyCam:R5_tooltip,Tooltip for an MFD button.,Toggle Auto-Reset,자동 리셋 전환
AH-94_mfd_flyCam:B5,Label for an MFD button (short!)., ,
AH-94_mfd_flyCam:B5_tooltip,Tooltip for an MFD button.,Cycle Reset Time,리셋 시간 순환
AH-94_mfd_flyCam:T3,Label for an MFD button (short!).,SS,캡처
AH-94_mfd_flyCam:T3_tooltip,Tooltip for an MFD button.,4K Screenshot,4K 스크린샷
AH-94_mfd_antiRad:T5,Label for an MFD button (short!).,SOI,SOI
AH-94_mfd_antiRad:T5_tooltip,Tooltip for an MFD button.,Sensor of Interest,센서 활성화
AH-94_mfd_antiRad:R4,Label for an MFD button (short!).,HUD,HUD
AH-94_mfd_antiRad:R4_tooltip,Tooltip for an MFD button.,HUD Mode,HUD 모드
AH-94_mfd_antiRad:R5_tooltip,Tooltip for an MFD button.,Declutter,간소화
AH-94_mfd_gameMenu:B2,Label for an MFD button (short!).,RESTART,재시작
AH-94_mfd_gameMenu:B2_tooltip,Tooltip for an MFD button.,Restart Mission,임무 재시작
AH-94_mfd_gameMenu:B4,Label for an MFD button (short!).,EXIT,나가기
AH-94_mfd_gameMenu:B4_tooltip,Tooltip for an MFD button.,Return to Main,메인 메뉴로 돌아가기
AH-94_mfd_gameMenu:B3,Label for an MFD button (short!).,EXIT,나가기
AH-94_mfd_gameMenu:B3_tooltip,Tooltip for an MFD button.,Return to Briefing Room,브리핑실로 돌아가기
AH-94_mfd_gameMenu:R2,Label for an MFD button (short!).,CENTER,재정렬
AH-94_mfd_gameMenu:R2_tooltip,Tooltip for an MFD button.,Recenter Seat,좌석 위치 재정렬
AH-94_mfd_gameMenu:L3,Label for an MFD button (short!).,QSAVE,QSAVE
AH-94_mfd_gameMenu:L3_tooltip,Tooltip for an MFD button.,Quick Save Menu,빠른 저장 메뉴
AH-94_mfd_gameMenu:R4,Label for an MFD button (short!).,PLAYERS,플레이어
AH-94_mfd_gameMenu:R4_tooltip,Tooltip for an MFD button.,View Players,플레이어 보기
AH-94_mfd_gameMenu:R5,Label for an MFD button (short!).,NETWORK,네트워크
AH-94_mfd_gameMenu:R5_tooltip,Tooltip for an MFD button.,Network Analytics,네트워크 분석
AH-94_mfd_quicksave:L3_tooltip,Tooltip for an MFD button.,Save,저장
AH-94_mfd_quicksave:B4_tooltip,Tooltip for an MFD button.,Load,불러오기
AH-94_mfd_quicksave:T5,Label for an MFD button (short!).,BACK,뒤로
AH-94_mfd_quicksave:T5_tooltip,Tooltip for an MFD button.,Back,뒤로가기
AH-94_mfd_mpPlayers:B1,Label for an MFD button (short!).,BACK,뒤로
AH-94_mfd_mpPlayers:B1_tooltip,Tooltip for an MFD button.,Back,뒤로가기
AH-94_mfd_mpPlayers:T5,Label for an MFD button (short!).,MANAGE,관리
AH-94_mfd_mpPlayers:T5_tooltip,Tooltip for an MFD button.,Manage Players,플레이어 관리
AH-94_mfd_mpPlayers:R4_tooltip,Tooltip for an MFD button.,Scroll Up,위로 스크롤
AH-94_mfd_mpPlayers:R5_tooltip,Tooltip for an MFD button.,Scroll Down,아래로 스크롤
AH-94_mfd_netAnalytics:B1,Label for an MFD button (short!).,BACK,뒤로
AH-94_mfd_netAnalytics:B1_tooltip,Tooltip for an MFD button.,Back,뒤로가기
AH-94_mfd_hardpoints:T4_tooltip,Tooltip for an MFD button.,HP Gun,기관포
AH-94_mfd_hardpoints:L2_tooltip,Tooltip for an MFD button.,HP 1,무장 장착대 1
AH-94_mfd_hardpoints:L1_tooltip,Tooltip for an MFD button.,HP 2,무장 장착대 2
AH-94_mfd_hardpoints:R1_tooltip,Tooltip for an MFD button.,HP 3,무장 장착대 3
AH-94_mfd_hardpoints:R2_tooltip,Tooltip for an MFD button.,HP 4,무장 장착대 4
AH-94_mfd_hardpoints:L3_tooltip,Tooltip for an MFD button.,HP 5,무장 장착대 5
AH-94_mfd_hardpoints:R3_tooltip,Tooltip for an MFD button.,HP 6,무장 장착대 6
AH-94_mfd_hardpoints:B2,Label for an MFD button (short!).,MODE,모드
AH-94_mfd_hardpoints:B2_tooltip,Tooltip for an MFD button.,Toggle Mode,모드 전환
AH-94_mfd_hardpointInfoPage:R1,Label for an MFD button (short!).,BACK,뒤로
AH-94_mfd_hardpointInfoPage:R1_tooltip,Tooltip for an MFD button.,Return to Equip,장비 화면으로 돌아가기
AH-94_mfd_hardpointInfoPage:B2_tooltip,Tooltip for an MFD button.,Toggle Arming,무장 설정 전환
AH-94_mfd_hardpointInfoPage:B4_tooltip,Tooltip for an MFD button.,Toggle Jettison,버리기 설정 전환
AH-94_mfd_cmsPage:L4_tooltip,Tooltip for an MFD button.,Release Mode,방출 모드
AH-94_mfd_cmsPage:B2,Label for an MFD button (short!).,-,-
AH-94_mfd_cmsPage:B2_tooltip,Tooltip for an MFD button.,- Release Rate,방출 속도 -
AH-94_mfd_cmsPage:B4,Label for an MFD button (short!).,+,+
AH-94_mfd_cmsPage:B4_tooltip,Tooltip for an MFD button.,+ Release Rate,방출 속도 +
AH-94_mfd_target:B3,Label for an MFD button (short!).,HEAD,시야
AH-94_mfd_target:B3_tooltip,Tooltip for an MFD button.,Head-track Mode,시야 추적 모드
AH-94_mfd_target:B2,Label for an MFD button (short!).,FWD,전방
AH-94_mfd_target:B2_tooltip,Tooltip for an MFD button.,Forward Mode,전방 주시 모드
AH-94_mfd_target:L1,Label for an MFD button (short!).,PWR,전원
AH-94_mfd_target:L1_tooltip,Tooltip for an MFD button.,Toggle TGP Power,조준 포드 전원
AH-94_mfd_target:R1,Label for an MFD button (short!).,ZOOM+,확대+
AH-94_mfd_target:R1_tooltip,Tooltip for an MFD button.,Zoom In,확대
AH-94_mfd_target:R2,Label for an MFD button (short!).,ZOOM-,축소-
AH-94_mfd_target:R2_tooltip,Tooltip for an MFD button.,Zoom Out,축소
AH-94_mfd_target:R3,Label for an MFD button (short!).,GPS-S,GPS-S
AH-94_mfd_target:R3_tooltip,Tooltip for an MFD button.,GPS Send,GPS 좌표 송신
AH-94_mfd_target:R4,Label for an MFD button (short!).,GPS-A,GPS-A
AH-94_mfd_target:R4_tooltip,Tooltip for an MFD button.,GPS Acquire,GPS 좌표 포착
AH-94_mfd_target:L2,Label for an MFD button (short!).,MODE,모드
AH-94_mfd_target:L2_tooltip,Tooltip for an MFD button.,Cycle Modes,모드 순환
AH-94_mfd_target:L3,Label for an MFD button (short!).,SENS,센서
AH-94_mfd_target:L3_tooltip,Tooltip for an MFD button.,Sensor Mode,센서 모드
AH-94_mfd_target:T3,Label for an MFD button (short!).,WPT,WPT
AH-94_mfd_target:T3_tooltip,Tooltip for an MFD button.,To Waypoint,경유지로 조준
AH-94_mfd_target:T4,Label for an MFD button (short!).,SOI,SOI
AH-94_mfd_target:T4_tooltip,Tooltip for an MFD button.,Toggle Sensor of Interest,센서 활성화
AH-94_mfd_target:B4,Label for an MFD button (short!).,HMD,HMD
AH-94_mfd_target:B4_tooltip,Tooltip for an MFD button.,Toggle HMD View,HMD 표시 전환
AH-94_mfd_target:L4,Label for an MFD button (short!).,LIM,경계
AH-94_mfd_target:L4_tooltip,Tooltip for an MFD button.,Toggle Limits Overlay,한계 표시 전환
AH-94_mfd_target:B1,Label for an MFD button (short!).,MARK,마커
AH-94_mfd_target:B1_tooltip,Tooltip for an MFD button.,Toggle Laser Marker,레이저 마커 전환
AH-94_mfd_map:T2,Label for an MFD button (short!).,GPS,GPS
AH-94_mfd_map:T2_tooltip,Tooltip for an MFD button.,GPS Targets,GPS 표적
AH-94_mfd_map:R2,Label for an MFD button (short!).,ZOOM+,확대
AH-94_mfd_map:R3,Label for an MFD button (short!).,ZOOM-,축소
AH-94_mfd_map:R4,Label for an MFD button (short!).,UP,위
AH-94_mfd_map:R5,Label for an MFD button (short!).,DOWN,아래
AH-94_mfd_map:B4,Label for an MFD button (short!).,LEFT,왼쪽
AH-94_mfd_map:B5,Label for an MFD button (short!).,RIGHT,오른쪽
AH-94_mfd_map:R1,Label for an MFD button (short!).,RESET,리셋
AH-94_mfd_map:R1_tooltip,Tooltip for an MFD button.,Reset Offset,오프셋 리셋
AH-94_mfd_map:T3,Label for an MFD button (short!).,MODE,모드
AH-94_mfd_map:T3_tooltip,Tooltip for an MFD button.,Toggle Rotation Mode,회전 모드 전환
AH-94_mfd_map:T4,Label for an MFD button (short!).,SOI,SOI
AH-94_mfd_map:T4_tooltip,Tooltip for an MFD button.,Toggle Sensor of Interest,센서 활성화
AH-94_mfd_map:L4,Label for an MFD button (short!).,FUEL,연료
AH-94_mfd_map:L4_tooltip,Tooltip for an MFD button.,Set Fuel Waypoint,연료 경유지 설정
AH-94_mfd_map:L3,Label for an MFD button (short!).,RTB,귀환
AH-94_mfd_map:L3_tooltip,Tooltip for an MFD button.,Set Return to Base Waypoint,기지 귀환 경유지 설정
AH-94_mfd_map:L2,Label for an MFD button (short!).,OBJ,목표
AH-94_mfd_map:L2_tooltip,Tooltip for an MFD button.,Set Objective Waypoint,목표 경유지 설정
AH-94_mfd_map:B1,Label for an MFD button (short!).,SET ALT,고도 설정
AH-94_mfd_map:B1_tooltip,Tooltip for an MFD button.,Set Target Alt,목표 고도 설정
AH-94_mfd_map:B2,Label for an MFD button (short!).,ALT+,고도+
AH-94_mfd_map:B2_tooltip,Tooltip for an MFD button.,Raise Target Alt,목표 고도 상승
AH-94_mfd_map:B3,Label for an MFD button (short!).,GPS-S,GPS-S
AH-94_mfd_map:B3_tooltip,Tooltip for an MFD button.,Send GPS Target,GPS 표적 전송
AH-94_mfd_radar:R1,Label for an MFD button (short!).,R+,R+
AH-94_mfd_radar:R1_tooltip,Tooltip for an MFD button.,Range +,거리+
AH-94_mfd_radar:R2,Label for an MFD button (short!).,R-,R-
AH-94_mfd_radar:R2_tooltip,Tooltip for an MFD button.,Range -,거리-
AH-94_mfd_radar:B1,Label for an MFD button (short!).,PWR,전원
AH-94_mfd_radar:B1_tooltip,Tooltip for an MFD button.,Radar Power,레이더 전원
AH-94_mfd_radar:B2,Label for an MFD button (short!).,UNLCK,UNLCK
AH-94_mfd_radar:B2_tooltip,Tooltip for an MFD button.,Unlock,고정 해제
AH-94_mfd_radar:T4,Label for an MFD button (short!).,SOI,SOI
AH-94_mfd_radar:T4_tooltip,Tooltip for an MFD button.,Sensor of Interest,센서 활성화
AH-94_mfd_radar:B4,Label for an MFD button (short!).,SLAVE,연동
AH-94_mfd_radar:B4_tooltip,Tooltip for an MFD button.,Slave TADS,TADS 연동
AH-94_mfd_radar:L4,Label for an MFD button (short!).,GPS-S,GPS-S
AH-94_mfd_radar:L4_tooltip,Tooltip for an MFD button.,Send GPS,GPS 송신
AH-94_mfd_radar:R3,Label for an MFD button (short!).,+,+
AH-94_mfd_radar:R3_tooltip,Tooltip for an MFD button.,Elevation +,앙각 +
AH-94_mfd_radar:R4,Label for an MFD button (short!).,-,-
AH-94_mfd_radar:R4_tooltip,Tooltip for an MFD button.,Elevation -,앙각 -
AH-94_mfd_radar:L3,Label for an MFD button (short!).,MODE,모드
AH-94_mfd_radar:L3_tooltip,Tooltip for an MFD button.,AG/AA Mode,공대지/공대공 모드
AH-94_mfd_options:L2_tooltip,Tooltip for an MFD button.,Unit Options,단위 설정
AH-94_mfd_options:R2_tooltip,Tooltip for an MFD button.,Toggle Joystick Mode,조종간 모드 전환
AH-94_mfd_options:L3_tooltip,Tooltip for an MFD button.,Fuel Settings,연료 설정
AH-94_mfd_options:L4_tooltip,Tooltip for an MFD button.,Altitude Warning Settings,고도 경보 설정
AH-94_mfd_options:R3_tooltip,Tooltip for an MFD button.,Joystick Sensitivity,조종간 감도
AH-94_mfd_options:R4_tooltip,Tooltip for an MFD button.,Control Hints,조종 힌트
AH-94_mfd_options:R5_tooltip,Tooltip for an MFD button.,Bail When Spinning,스핀 제어 불능 시 자동 비상 탈출
AH-94_mfd_unitOptions:L2_tooltip,Tooltip for an MFD button.,Altitude Units,고도 단위
AH-94_mfd_unitOptions:L3_tooltip,Tooltip for an MFD button.,Distance Units,거리 단위
AH-94_mfd_unitOptions:L4_tooltip,Tooltip for an MFD button.,Speed Units,속도 단위
AH-94_mfd_unitOptions:T3,Label for an MFD button (short!).,BACK,뒤로
AH-94_mfd_unitOptions:T3_tooltip,Tooltip for an MFD button.,Back,뒤로가기
AH-94_mfd_fuelConfig:T3,Label for an MFD button (short!).,BACK,뒤로
AH-94_mfd_fuelConfig:T3_tooltip,Tooltip for an MFD button.,Back,뒤로가기
AH-94_mfd_fuelConfig:L3_tooltip,Tooltip for an MFD button.,Bingo Fuel +,귀환 한계 연료 +
AH-94_mfd_fuelConfig:L4_tooltip,Tooltip for an MFD button.,Bingo Fuel -,귀환 한계 연료 -
AH-94_mfd_altitudeSettings:T3,Label for an MFD button (short!).,BACK,뒤로
AH-94_mfd_altitudeSettings:T3_tooltip,Tooltip for an MFD button.,Back,뒤로가기
AH-94_mfd_altitudeSettings:L3_tooltip,Tooltip for an MFD button.,Min Alt +,최소 고도 +
AH-94_mfd_altitudeSettings:L4_tooltip,Tooltip for an MFD button.,Min Alt -,최소 고도 -
AH-94_mfd_altitudeSettings:R3_tooltip,Tooltip for an MFD button.,Max Alt +,최대 고도 +
AH-94_mfd_altitudeSettings:R4_tooltip,Tooltip for an MFD button.,Max Alt -,최대 고도 -
AH-94_mfd_altitudeSettings:L2_tooltip,Tooltip for an MFD button.,Toggle Alt Mode,고도 모드 전환
870L Fuel Drop Tank_fullName,Full equip name of: 870L Fuel Drop Tank,870L Fuel Drop Tank,870L 외부 연료 탱크
870L Fuel Drop Tank_description,Item description of: 870L Fuel Drop Tank,870 liter external fuel tank.,870리터 외부 연료 탱크입니다.
AGM-126 SideARM II x1_fullName,Full equip name of: AGM-126 SideARM II x1,AGM-126 SideARM II x1,AGM-126 SideARM II x1
AGM-126 SideARM II x1_description,Item description of: AGM-126 SideARM II x1,Compact short range anti-radiation missile based on the AIM-9x.,AIM-9x를 기반으로 한 소형 단거리 대레이더 미사일입니다.
GBU-39 SD Bomb x3_fullName,Full equip name of: GBU-39 SD Bomb x3,GBU-39 SD Bomb x3,GBU-39 소형 폭탄 x3
GBU-39 SD Bomb x3_description,Item description of: GBU-39 SD Bomb x3,GPS guided small diameter bomb. It has built-in folding wings that allow it to glide for long distances and hit targets with precision.,GPS 유도 소구경 폭탄입니다. 내장된 접이식 날개로 장거리를 활공하여 목표를 정밀하게 타격할 수 있습니다.
tutName_Vertical Flight,Name of a legacy tutorial objective,Vertical Flight,수직 비행
tutDesc_Vertical Flight,Description of a legacy tutorial,Complete the Vertical Flight tutorial.,수직 비행 튜토리얼을 완료하십시오.
tut:Vertical Flight:Intro10,A tutorial label,Welcome to the Vertical Flight autopilot training.,수직 비행 자동 조종 훈련에 오신 것을 환영합니다.
tut:Vertical Flight:Intro21,A tutorial label,"Vertical flight can be tricky, but by using the AP, you will be a master in no time.","수직 비행은 까다롭지만, 자동 조종(AP)을 활용하면 금방 숙달할 수 있습니다."
tut:Vertical Flight:CheckTilt2,A tutorial label,"First, make sure the engines are tilted at 90 degrees.",먼저 엔진이 90도로 틸트되어 있는지 확인하십시오.
tut:Vertical Flight:CheckTilt3,A tutorial label,"First, make sure the engines are tilted at 90 degrees.",먼저 엔진이 90도로 틸트되어 있는지 확인하십시오.
tut:Vertical Flight:EnableHVR4,A tutorial label,Enable HVR mode.,HVR 모드를 켜십시오.
tut:Vertical Flight:EnableALT5,A tutorial label,Enable ALT mode.,ALT 모드를 켜십시오.
tut:Vertical Flight:HVRInfo6,A tutorial label,The HVR mode will assist you in staying upright and keeping your horizontal velocity under control.,HVR 모드는 기체가 뒤집히지 않게 잡아 주고 수평 속도를 제어해 줍니다.
tut:Vertical Flight:ALTInfo7,A tutorial label,The ALT mode will take control of the engines and convert inputs into climb or descent rates.,ALT 모드는 엔진을 제어하여 입력을 상승 또는 하강 속도로 변환해 줍니다.
tut:Vertical Flight:ALTInfo28,A tutorial label,Keeping your throttle centered will hold a hover,스로틀을 중앙에 두면 호버링을 유지합니다
tut:Vertical Flight:ALTInfo39,A tutorial label,Raise or lower the throttle to climb or descend,스로틀을 올리거나 내려 상승 또는 하강하십시오
tut:Vertical Flight:AltThrottleInfo10,A tutorial label,Altitude Control Status,고도 제어 상태
tut:Vertical Flight:DontTilt11,A tutorial label,Keep your left thumb away from the tilt control.,왼손 엄지를 틸트 조작부에서 떼십시오.
tut:Vertical Flight:DontTilt212,A tutorial label,Any engine tilt less than 90 will disengage HVR AP,엔진 틸트가 90도 미만이 되면 HVR AP가 해제됩니다.
tut:Vertical Flight:TakeOffNow13,A tutorial label,Lift throttle now.  Climb to {50} altitude.,스로틀을 올리십시오. 고도 {50}까지 상승하십시오.
tut:Vertical Flight:HoldAltitude14,A tutorial label,Now set your throttle lever to the midpoint to hover.,이제 스로틀 레버를 중앙에 두어 호버링하십시오.
tut:Vertical Flight:HoverInfo15,A tutorial label,You should now be in a stable hover,이제 안정적인 호버링 상태일 것입니다
tut:Vertical Flight:HoverInfo216,A tutorial label,You can make adjustments to the throttle to climb or descend as needed.,필요에 따라 스로틀을 조절해 상승하거나 하강할 수 있습니다.
tut:Vertical Flight:LatMovementInfo17,A tutorial label,Now you can use the joystick to move around,이제 조종간으로 이동할 수 있습니다
tut:Vertical Flight:LatMovementInfo218,A tutorial label,The HVR autopilot will handle attitude control,HVR 자동 조종이 자세 제어를 담당합니다
tut:Vertical Flight:LatMovementInfo319,A tutorial label,You just have to tilt the joystick in the direction you want to go,가고 싶은 방향으로 조종간을 기울이기만 하면 됩니다.
tut:Vertical Flight:LatMovementInfo420,A tutorial label,You can also twist the joystick to yaw,조종간을 비틀어 요(yaw) 조작도 할 수 있습니다
tut:Vertical Flight:LatMovementHUD21,A tutorial label,Horizontal Velocity Indicator,수평 속도 표시기
tut:Vertical Flight:StudyMovement22,A tutorial label,"As you move around, study how the AP handles the vehicle",이동하면서 AP가 기체를 어떻게 다루는지 살펴보십시오
tut:Vertical Flight:StartTargets23,A tutorial label,Let's try flying into some targets.,이제 목표 지점들로 날아가 봅시다.
tut:Vertical Flight:HoverWaypoint024,A tutorial label,Hover here!,여기서 호버링하십시오!
tut:Vertical Flight:HoverWaypoint125,A tutorial label,Hover here!,여기서 호버링하십시오!
tut:Vertical Flight:HoverWaypoint226,A tutorial label,Hover here!,여기서 호버링하십시오!
tut:Vertical Flight:HoverWaypoint327,A tutorial label,Hover here!,여기서 호버링하십시오!
tut:Vertical Flight:GoodJob28,A tutorial label,Great! Now lets try to land back on the helipad.,훌륭합니다! 이제 헬리패드에 다시 착륙해 봅시다.
tut:Vertical Flight:StopBeforeLand29,A tutorial label,"Bring yourself to a stop by centering the throttle, and steering the stick in the opposite direction as your horizontal velocity indicator.","스로틀을 중앙에 두고, 수평 속도 표시기의 반대 방향으로 조종간을 조작해 기체를 정지시키십시오."
tut:Vertical Flight:FaceLanding30,A tutorial label,Rotate to face towards the helipads.,헬리패드를 바라보도록 기수를 돌리십시오.
tut:Vertical Flight:HeadTowardPad31,A tutorial label,Begin to move towards the pad.  Adjust your altitude control and steer so your velocity vector is pointed just above the pad.,헬리패드를 향해 이동하십시오. 속도 벡터가 패드 바로 위를 가리키도록 고도 제어와 조향을 조절하십시오.
tut:Vertical Flight:AlmostLand32,A tutorial label,Slow your forward speed and rate of descent.,전진 속도와 하강률을 줄이십시오.
tut:Vertical Flight:Land33,A tutorial label,Adjust rate of descent to bring it down gently.,하강률을 조절하여 부드럽게 내려앉으십시오.
tut:Vertical Flight:Touchdown34,A tutorial label,Touch down!  Throttle down and enable brake locks.,착지 완료! 스로틀을 내리고 브레이크 잠금을 거십시오.
tut:Vertical Flight:Brake Locks35,A tutorial label,Enable brake lock.,브레이크 잠금을 거십시오.
tut:Vertical Flight:Congrats36,A tutorial label,Congratulations!  Next time: Manual vertical flight and transitioning.,축하합니다! 다음 시간: 수동 수직 비행과 전환 비행.
PGM-27 x19_fullName,Full equip name of: PGM-27 x19,PGM-27 x19,PGM-27 x19
PGM-27 x19_description,Item description of: PGM-27 x19,"A rack of 2.75 inch rockets which have been fitted with a laser guidance package, turning them into precision guided munitions.
Requires continuous lock for guidance (not fire-and-forget).","레이저 유도 장치를 장착해 정밀 유도 무기로 개조된 2.75인치 로켓 랙입니다.
명중할 때까지 계속 조준을 유지해야 합니다(발사 후 알아서 유도되는 방식이 아님)."
EUCAV GUN_fullName,Full equip name of: EUCAV GUN,EUCAV GUN,EUCAV GUN
EUCAV GUN_description,Item description of: EUCAV GUN,EUCAV GUN,EUCAV GUN
eqSublabel_GPS-BOMB-INTERNAL,HUD sub-label of an equip,GPS BOMB INTERNAL,내장 GPS 폭탄
Mk.82 Bomb x3_fullName,Full equip name of: Mk.82 Bomb x3,Mk.82 Bomb x3,Mk.82 폭탄 x3
Mk.82 Bomb x3_description,Item description of: Mk.82 Bomb x3,Standard un-guided 500lb bombs.,표준형 무유도 500파운드 폭탄입니다.
ASF-SRM-RA x2_fullName,Full equip name of: ASF-SRM-RA x2,ASF-SRM-RA x2,ASF-SRM-RA x2
ASF-SRM-RA x2_description,Item description of: ASF-SRM-RA x2,A rack of two older rear-aspect heat-seeking anti-air missiles.,후방에서만 추적 가능한 구형 열추적 대공 미사일 2발입니다.
AGM-114 x4_fullName,Full equip name of: AGM-114 x4,AGM-114 x4,AGM-114 x4
AGM-114 x4_description,Item description of: AGM-114 x4,"A rack of 4 laser guided anti-tank missiles.
Requires continuous lock for guidance (not fire-and-forget).","레이저 유도 대전차 미사일 4발입니다.
명중할 때까지 계속 조준을 유지해야 합니다(발사 후 알아서 유도되는 방식이 아님)."
Mk-82AIR High Drag Bomb x2_fullName,Full equip name of: Mk-82AIR High Drag Bomb x2,Mk-82AIR High Drag Bomb x2,Mk-82AIR 고저항 폭탄 x2
Mk-82AIR High Drag Bomb x2_description,Item description of: Mk-82AIR High Drag Bomb x2,Standard un-guided 500lb bombs. Deploys an inflatable drag chute to slow descent for low altitude bombing.,표준형 무유도 500파운드 폭탄입니다. 저고도 폭격 시 낙하 속도를 늦추는 팽창식 감속 낙하산을 전개합니다.
GMA-6 x2_fullName,Full equip name of: GMA-6 x2,GMA-6 x2,GMA-6 x2
GMA-6 x2_description,Item description of: GMA-6 x2,"A medium range optically guided ""fire-and-forget"" anti-tank missile.","중거리 광학 유도 대전차 미사일입니다. 발사 후에는 알아서 목표를 향해 유도됩니다(발사 후 망각)."
GBU-39 SD Bomb x4_fullName,Full equip name of: GBU-39 SD Bomb x4,GBU-39 SD Bomb x4,GBU-39 소형 폭탄 x4
GBU-39 SD Bomb x4_description,Item description of: GBU-39 SD Bomb x4,GPS guided small diameter bomb. It has built-in folding wings that allow it to glide for long distances and hit targets with precision.,GPS 유도 소구경 폭탄입니다. 내장된 접이식 날개로 장거리를 활공하여 목표를 정밀하게 타격할 수 있습니다.
BSM-66LR_fullName,Full equip name of: BSM-66LR,BSM-66LR,BSM-66LR
BSM-66LR_description,Item description of: BSM-66LR,Standard semi-active radar-guided surface to air missile. Equipped with first stage booster for extended range.,표준형 반능동 레이더 유도 지대공 미사일입니다(발사한 쪽 레이더가 목표를 계속 비춰 주어야 유도되는 방식). 사거리 연장을 위한 1단 부스터를 갖추고 있습니다.
ASF-SRM x3_fullName,Full equip name of: ASF-SRM x3,ASF-SRM x3,ASF-SRM x3
ASF-SRM x3_description,Item description of: ASF-SRM x3,A rack of three standard heat-seeking anti-air missiles.,표준형 열추적 대공 미사일 3발입니다.
eqSublabel_LASER-BOMB-INTERNAL,HUD sub-label of an equip,LASER BOMB INTERNAL,내장 레이저 폭탄
AGM-145 Ballista x2_fullName,Full equip name of: AGM-145 Ballista x2,AGM-145 Ballista x2,AGM-145 발리스타 x2
AGM-145 Ballista x2_description,Item description of: AGM-145 Ballista x2,"Small anti-tank missiles with advanced optics, ""fire and forget"", and smart self-targeting technology. Can be fired without line of sight to the designated target point, and will acquire hostile targets automatically.","첨단 광학 장비와 발사 후 알아서 유도되는 '발사 후 망각' 기능, 스마트 자동 표적 지정 기술을 갖춘 소형 대전차 미사일입니다. 지정된 목표 지점이 보이지 않아도 발사할 수 있으며, 적 목표를 자동으로 포착합니다."
AGM-188 MARM_fullName,Full equip name of: AGM-188 MARM,AGM-188 MARM,AGM-188 MARM
AGM-188 MARM_description,Item description of: AGM-188 MARM,Medium range anti-radiation missile with a unique top down attack angle.,위에서 내리꽂는 독특한 공격 각도를 가진 중거리 대레이더 미사일입니다.
ASRM-93 x2_fullName,Full equip name of: ASRM-93 x2,ASRM-93 x2,ASRM-93 x2
ASRM-93 x2_description,Item description of: ASRM-93 x2,Heat seeking short range air to air missiles.  Internally stowed.,열추적 단거리 공대공 미사일입니다. 내부 무장창에 탑재됩니다.
AGM-145 Ballista x3_fullName,Full equip name of: AGM-145 Ballista x3,AGM-145 Ballista x3,AGM-145 발리스타 x3
AGM-145 Ballista x3_description,Item description of: AGM-145 Ballista x3,"Small anti-tank missiles with advanced optics, ""fire and forget"", and smart self-targeting technology. Can be fired without line of sight to the designated target point, and will acquire hostile targets automatically.","첨단 광학 장비와 발사 후 알아서 유도되는 '발사 후 망각' 기능, 스마트 자동 표적 지정 기술을 갖춘 소형 대전차 미사일입니다. 지정된 목표 지점이 보이지 않아도 발사할 수 있으며, 적 목표를 자동으로 포착합니다."
ASF-SRM-RA x3_fullName,Full equip name of: ASF-SRM-RA x3,ASF-SRM-RA x3,ASF-SRM-RA x3
ASF-SRM-RA x3_description,Item description of: ASF-SRM-RA x3,A rack of three older rear-aspect heat-seeking anti-air missiles.,후방에서만 추적 가능한 구형 열추적 대공 미사일 3발입니다.
Backstop_fullName,Full equip name of: Backstop,Backstop,Backstop
Backstop_description,Item description of: Backstop,Standard semi-active radar-guided surface to air missile.,표준형 반능동 레이더 유도 지대공 미사일입니다(발사한 쪽 레이더가 목표를 계속 비춰 주어야 유도되는 방식).
ASMRM-1 x1_fullName,Full equip name of: ASMRM-1 x1,ASMRM-1 x1,ASMRM-1 x1
ASMRM-1 x1_description,Item description of: ASMRM-1 x1,"Older, medium range semi-active radar air to air missile. Requires radar lock until intercept.",구형 중거리 공대공 미사일입니다. 반능동 레이더 유도 방식이라 발사 후에도 명중할 때까지 기체 레이더로 계속 조준을 유지해야 합니다.
AIM-9E Sidewinder_fullName,Full equip name of: AIM-9E Sidewinder,AIM-9E Sidewinder,AIM-9E 사이드와인더
AIM-9E Sidewinder_description,Item description of: AIM-9E Sidewinder,"A single AIM-9E. An older short range, rear-aspect, heat seeking air to air missile.",AIM-9E 1발입니다. 후방에서만 추적 가능한 구형 단거리 열추적 공대공 미사일입니다.
Hydra-70 x14 Rocket Pod_fullName,Full equip name of: Hydra-70 x14 Rocket Pod,Hydra-70 x14 Rocket Pod,Hydra-70 x14 로켓 포드
Hydra-70 x14 Rocket Pod_description,Item description of: Hydra-70 x14 Rocket Pod,"A pair of pods carrying a total of 14 high explosive rockets.  Can be fired in single shot mode, or rapid fire (ripple).",총 14발의 고폭 로켓을 탑재한 포드 한 쌍입니다. 단발 사격과 연속 발사(리플) 모드를 모두 지원합니다.
mfdpOpenMenu,Tooltip for button that opens a menu.,Open Menu,메뉴 열기
mfdpBLANK,Label for a minimized MFD portal that is empty. Opens the portal menu.,BLANK,빈 칸
MFDPortalHome_MFDPortalPage_pageName,MFD portal page name,Menu,메뉴
MFDPortalHome_MFDPortalPage_pageLabel,MFD portal page button label,MENU,메뉴
MapMFDPage_MFDPortalPage_pageName,MFD portal page name,Nav Map,항법 지도
MapMFDPage_MFDPortalPage_pageLabel,MFD portal page button label,NAV,항법
ObjectivesPage_MFDPortalPage_pageName,MFD portal page name,Objectives,목표
ObjectivesPage_MFDPortalPage_pageLabel,MFD portal page button label,OBJCTV,목표
SCamPage_MFDPortalPage_pageName,MFD portal page name,SpectatorCam,관전 카메라
SCamPage_MFDPortalPage_pageLabel,MFD portal page button label,S-CAM,관전
RWRPage_MFDPortalPage_pageName,MFD portal page name,RWR,RWR
RWRPage_MFDPortalPage_pageLabel,MFD portal page button label,RWR,RWR
OptionsPage_MFDPortalPage_pageName,MFD portal page name,Vehicle Options,기체 설정
OptionsPage_MFDPortalPage_pageLabel,MFD portal page button label,OPTS,설정
F-45A_mfd_altitudeSettings:T5_tooltip,Tooltip for an MFD button.,Back,뒤로 가기
F-45A_mfd_altitudeSettings:L3_tooltip,Tooltip for an MFD button.,Min Alt +,최소 고도 +
F-45A_mfd_altitudeSettings:L4_tooltip,Tooltip for an MFD button.,Min Alt -,최소 고도 -
F-45A_mfd_altitudeSettings:R3_tooltip,Tooltip for an MFD button.,Max Alt +,최대 고도 +
F-45A_mfd_altitudeSettings:R4_tooltip,Tooltip for an MFD button.,Max Alt -,최대 고도 -
F-45A_mfd_altitudeSettings:L2_tooltip,Tooltip for an MFD button.,Toggle Alt Mode,고도 모드 전환
StoresManagementPage_MFDPortalPage_pageName,MFD portal page name,Stores Mgmt Sys,무장 관리 시스템
StoresManagementPage_MFDPortalPage_pageLabel,MFD portal page button label,SMS,SMS
s_sms_mode_0,SMS mode button labels,Config,설정
s_sms_mode_1,SMS mode button labels,Arming,무장
s_sms_mode_2,SMS mode button labels,Jettison,버리기
s_sms_armed,Armed label for an equip in the SMS config view.,[ ARMED ],[ 무장 ]
s_sms_disarmed,Disarmed label for an equip in the SMS config view.,DISARMED,무장 해제
s_sms_jettison,Jettison label for an equip in the SMS config view.,JETTISON,버리기
s_sms_optionToggle,Tooltip prefix for SMS equipment option toggles,Toggle,전환
s_sms_optionRipple,Ripple button label for SMS equipment option.,Ripple,연속 발사
s_sms_rippleSingle,Label for ripple setting set to single-fire (no ripple),Single,단발
s_bdo_open,SMS bay door override in OPEN position,OPEN,열림
s_bdo_auto,SMS bay door override in AUTO position,AUTO,자동
RadarDisplay_MFDPortalPage_pageName,MFD portal page name,Radar,레이더
RadarDisplay_MFDPortalPage_pageLabel,MFD portal page button label,RADAR,레이더
GPSSystem_MFDPortalPage_pageName,MFD portal page name,GPS Targets,GPS 표적
GPSSystem_MFDPortalPage_pageLabel,MFD portal page button label,GPST,GPST
EOTSPortalPage_MFDPortalPage_pageName,MFD portal page name,EO Targeting,전자광학 조준
EOTSPortalPage_MFDPortalPage_pageLabel,MFD portal page button label,EOTS,EOTS
MFDCommsMenu_MFDPortalPage_pageName,MFD portal page name,Communications,통신
MFDCommsMenu_MFDPortalPage_pageLabel,MFD portal page button label,COMMS,통신
GameMenuPage_MFDPortalPage_pageName,MFD portal page name,Game Menu,게임 메뉴
GameMenuPage_MFDPortalPage_pageLabel,MFD portal page button label,GAME,게임
TacticalSituationDisplay_MFDPortalPage_pageName,MFD portal page name,Tactical Situation Display,전술 상황 표시장치(TSD)
TacticalSituationDisplay_MFDPortalPage_pageLabel,MFD portal page button label,TSD,TSD
AIM-120 Advanced Radar Missile x2_fullName,Full equip name of: AIM-120 Advanced Radar Missile x2,AIM-120 Advanced Radar Missile x2,AIM-120 중거리 레이더 유도 미사일 x2
AIM-120 Advanced Radar Missile x2_description,Item description of: AIM-120 Advanced Radar Missile x2,A rack of two radar guided medium range air to air missiles.,레이더 유도 중거리 공대공 미사일 2발입니다.
fa26_loadout_extFuelL,External Fuel Left,Ext fuel l,좌측 외부 연료
fa26_loadout_extFuelR,External Fuel Right,Ext fuel r,우측 외부 연료
fa26_loadout_extFuelC,External Fuel Centerline,Ext fuel center,중앙 외부 연료
fa26_loadout_extSensor,External Sensor,Ext sensor,외부 센서
fa26_loadout_cft,Conformal Fuel Tank,Cft,CFT
Mk.82 Bomb x2_fullName,Full equip name of: Mk.82 Bomb x2,Mk.82 Bomb x2,Mk.82 폭탄 x2
Mk.82 Bomb x2_description,Item description of: Mk.82 Bomb x2,Two standard un-guided 500lb bombs.,표준형 무유도 500파운드 폭탄 2발입니다.
eqSublabel_BOMB-INTERNAL,HUD sub-label of an equip,BOMB INTERNAL,내장 폭탄
GAU-8 Avenger_fullName,Full equip name of: GAU-8 Avenger,GAU-8 Avenger,GAU-8 어벤져
GAU-8 Avenger_description,Item description of: GAU-8 Avenger,"A 30mm, 7-barrel rotary cannon. Fires depleted uranium rounds at a high rate of fire.",30mm 7열 회전식 기관포입니다. 열화우라늄탄을 높은 연사 속도로 발사합니다.
AN/APG-108 Fire Control Radar_fullName,Full equip name of: AN/APG-108 Fire Control Radar,AN/APG-108 Fire Control Radar,AN/APG-108 사격 통제 레이더
AN/APG-108 Fire Control Radar_description,Item description of: AN/APG-108 Fire Control Radar,"A millimeter-wave radar housed and mounted over the main rotor. This radar can be used to scan land, sea, and air to detect, track, and classify multiple targets. Its high mounting point allows it to be used while the vehicle remains behind cover.","메인 로터 위에 장착된 밀리미터파 레이더입니다. 지상, 해상, 공중을 탐색해 다수의 표적을 탐지, 추적, 분류할 수 있습니다. 장착 위치가 높아 기체가 엄폐물 뒤에 숨어 있는 동안에도 사용할 수 있습니다."
SB-1 x32_fullName,Full equip name of: SB-1 x32,SB-1 x32,SB-1 x32
SB-1 x32_description,Item description of: SB-1 x32,A rack of 32 standard un-guided 500lb bombs.,표준형 무유도 500파운드 폭탄 32발입니다.
AIRS-T Advanced SRM_fullName,Full equip name of: AIRS-T Advanced SRM,AIRS-T Advanced SRM,AIRS-T 첨단 단거리 미사일
AIRS-T Advanced SRM_description,Item description of: AIRS-T Advanced SRM,"Short range heat seeking air to air missile with thrust vectoring.
Improved maneuverability, range, and counter-countermeasure system.
Advanced technology allows it to intercept incoming missiles.","추력 편향 기능을 갖춘 단거리 열추적 공대공 미사일입니다.
기동성, 사거리, 기만 장비 대응 능력이 향상되었습니다.
첨단 기술로 날아오는 미사일을 요격할 수도 있습니다."
Mk-82AIR High Drag Bomb x1_fullName,Full equip name of: Mk-82AIR High Drag Bomb x1,Mk-82AIR High Drag Bomb x1,Mk-82AIR 고저항 폭탄 x1
Mk-82AIR High Drag Bomb x1_description,Item description of: Mk-82AIR High Drag Bomb x1,Standard un-guided 500lb bomb. Deploys an inflatable drag chute to slow descent for low altitude bombing.,표준형 무유도 500파운드 폭탄입니다. 저고도 폭격 시 낙하 속도를 늦추는 팽창식 감속 낙하산을 전개합니다.
ASF-SRM-RA x1_fullName,Full equip name of: ASF-SRM-RA x1,ASF-SRM-RA x1,ASF-SRM-RA x1
ASF-SRM-RA x1_description,Item description of: ASF-SRM-RA x1,An older rear-aspect heat-seeking anti-air missile.,후방에서만 추적 가능한 구형 열추적 대공 미사일입니다.
Mk.82 Bomb x4_fullName,Full equip name of: Mk.82 Bomb x4,Mk.82 Bomb x4,Mk.82 폭탄 x4
Mk.82 Bomb x4_description,Item description of: Mk.82 Bomb x4,Four standard un-guided 500lb bombs.,표준형 무유도 500파운드 폭탄 4발입니다.
ASMRM-7 x8 Internal_fullName,Full equip name of: ASMRM-7 x8 Internal,ASMRM-7 x8 Internal,ASMRM-7 x8 내장
ASMRM-7 x8 Internal_description,Item description of: ASMRM-7 x8 Internal,Medium range radar guided air to air missile. Missiles are stowed internally to improve stealth and aerodynamics.,중거리 레이더 유도 공대공 미사일입니다. 스텔스 성능과 공기역학 특성을 위해 내부 무장창에 탑재됩니다.
Mk.83 Bomb x1_fullName,Full equip name of: Mk.83 Bomb x1,Mk.83 Bomb x1,Mk.83 폭탄 x1
Mk.83 Bomb x1_description,Item description of: Mk.83 Bomb x1,Standard un-guided 1000lb bomb.,표준형 무유도 1000파운드 폭탄입니다.
AGM-126 SideARM II x3_fullName,Full equip name of: AGM-126 SideARM II x3,AGM-126 SideARM II x3,AGM-126 SideARM II x3
AGM-126 SideARM II x3_description,Item description of: AGM-126 SideARM II x3,Compact short range anti-radiation missile based on the AIM-9x.,AIM-9x를 기반으로 한 소형 단거리 대레이더 미사일입니다.
AIM-9 Sidewinder_fullName,Full equip name of: AIM-9 Sidewinder,AIM-9 Sidewinder,AIM-9 사이드와인더
AIM-9 Sidewinder_description,Item description of: AIM-9 Sidewinder,A standard short range heat seeking air to air missile.,표준형 단거리 열추적 공대공 미사일입니다.
MAD-4A Missile_fullName,Full equip name of: MAD-4A Missile,MAD-4A Missile,MAD-4A 미사일
MAD-4A Missile_description,Item description of: MAD-4A Missile,Advanced active radar-guided missile built for the Mobile Air Defense launcher. It has a range of about 55km (30nm).,이동식 방공 발사대를 위해 제작된 첨단 능동형 레이더 유도 미사일입니다. 사거리는 약 55km(30nm)입니다.
Mk-82 Bomb x1_fullName,Full equip name of: Mk-82 Bomb x1,Mk-82 Bomb x1,Mk-82 폭탄 x1
Mk-82 Bomb x1_description,Item description of: Mk-82 Bomb x1,Standard un-guided 500lb bomb.,표준형 무유도 500파운드 폭탄입니다.
s_cs_granted,Text in campaign selector,Granted,지급
s_cs_budget,Text in campaign selector,Budget,예산
s_cs_newMission,Text in campaign selector,New Mission:,새로운 임무:
s_cs_newTraining,Text in campaign selector,New Training:,새로운 훈련:
s_cs_newEquip,Text in campaign selector,New Equipment:,새로운 장비:
s_cs_incompatibleVersion,Text in campaign selector,Incompatible game version,호환되지 않는 게임 버전
campaign_customScenarios,,Custom Scenarios,커스텀 시나리오
campaign_customScenarios_description,,Play custom scenarios created in the VTEditor.,VT 에디터로 제작한 커스텀 시나리오를 플레이합니다.
campaign_ws,,Steam Workshop Scenarios,Steam 창작마당 시나리오
campaign_ws_description,,Play custom scenarios installed through Steam Workshop.,Steam 창작마당에서 설치한 커스텀 시나리오를 플레이합니다.
s_cInfo_completed,x% [Completed]' text in campaign selector,Completed,완료
GBU-38 Bomb x4_fullName,Full equip name of: GBU-38 Bomb x4,GBU-38 Bomb x4,GBU-38 폭탄 x4
GBU-38 Bomb x4_description,Item description of: GBU-38 Bomb x4,500lb GPS guided direct attack munition. It's a Mk.82 bomb with a guidance package strapped on.,500파운드 GPS 유도 직격 폭탄입니다. Mk.82 폭탄에 유도 장치를 부착한 것입니다.
tutName_Weapon Basics,Name of a legacy tutorial objective,Weapon Basics,무기 기본
tutDesc_Weapon Basics,Description of a legacy tutorial,Complete the tutorial.,튜토리얼을 완료하십시오.
tut:Weapon Basics:Intro10,A tutorial label,Welcome to the basic weapons tutorial.,기본 무기 튜토리얼에 오신 것을 환영합니다.
tut:Weapon Basics:Intro21,A tutorial label,"Today, we will be covering weapon configuration, target acquisition, and firing weapons.","오늘은 무장 설정, 목표 포착, 무기 발사 방법을 다룹니다."
tut:Weapon Basics:Intro32,A tutorial label,Let's start by setting the MFDs to the pages we will use.,먼저 MFD를 우리가 사용할 페이지로 설정해 봅시다.
tut:Weapon Basics:MFD3GoHome3,A tutorial label,Go to HOME page.,HOME 페이지로 이동하십시오.
tut:Weapon Basics:Open EQUIP4,A tutorial label,Open EQUIP,EQUIP을 여십시오.
tut:Weapon Basics:MFD2GoHome5,A tutorial label,Go to HOME page.,HOME 페이지로 이동하십시오.
tut:Weapon Basics:Open TGP6,A tutorial label,Open TGP,TGP 페이지를 여십시오.
tut:Weapon Basics:MFD1GoHome7,A tutorial label,Go to HOME page.,HOME 페이지로 이동하십시오.
tut:Weapon Basics:Open NAV8,A tutorial label,Open NAV,NAV 페이지를 여십시오.
tut:Weapon Basics:EQUIP info9,A tutorial label,The EQUIP page shows what you have on each of the vehicle's equipment mounts.,EQUIP 페이지는 기체의 각 무장 장착대에 장착된 장비를 보여줍니다.
tut:Weapon Basics:EQUIP info 210,A tutorial label,"It displays information on each item, and allows you to arm/disarm, configure, or mark them for jettison.","각 장비의 정보를 표시하며, 무장하거나 해제하고, 설정하거나 버릴 것으로 표시할 수 있습니다."
tut:Weapon Basics:EQUIP info 311,A tutorial label,We'll go over each feature in more detail later.,각 기능에 대한 구체적인 사항은 조금 뒤에 살펴보겠습니다.
tut:Weapon Basics:TGP info12,A tutorial label,The TGP is what you will use to acquire ground targets.,TGP는 지상 목표를 포착할 때 사용합니다.
tut:Weapon Basics:TGP info 213,A tutorial label,"To use it, first you must supply power to the sensor mounted under the nose of the vehicle.",사용하려면 먼저 기수 아래에 장착된 센서에 전원을 공급해야 합니다.
tut:Weapon Basics:PWR on TGP14,A tutorial label,Enable TGP power.,TGP 전원을 켜십시오.
tut:Weapon Basics:TGP info 315,A tutorial label,"The TGP will be in FWD mode by default, which just looks straight forward.",TGP는 기본적으로 정면을 바라보는 FWD 모드로 설정되어 있습니다.
tut:Weapon Basics:TGP info 416,A tutorial label,"To be able to control it, you must designate the TGP as the sensor of interest (SOI).",TGP를 조작하려면 TGP를 관심 센서(SOI)로 지정해야 합니다.
tut:Weapon Basics:Enable TGP SOI17,A tutorial label,Enable SOI,SOI를 활성화하십시오.
tut:Weapon Basics:Slew TGP info18,A tutorial label,"Now, you can slew the targeting sensor around using the thumb control on your joystick.",이제 조종간의 엄지 조작부로 조준 센서를 움직일 수 있습니다.
tut:Weapon Basics:TrySlewing19,A tutorial label,Try slewing the TGP around using the joystick thumb control.,조종간의 엄지 조작부로 TGP를 움직여 보십시오.
tut:Weapon Basics:Slew TGP info 220,A tutorial label,"When you move the sensor, it will auto switch to TGT mode, which locks its focus point on the ground while you're flying.",센서를 움직이면 비행 중 지상의 한 지점에 시선을 고정하는 TGT 모드로 자동 전환됩니다.
tut:Weapon Basics:Slew TGP info 321,A tutorial label,The yellow arrow on the screen shows the relative bearing to the target point.,화면의 노란 화살표는 목표 지점까지의 상대 방위를 나타냅니다.
tut:Weapon Basics:TGP info 522,A tutorial label,The target point also shows up on the NAV map as a yellow cross.,목표 지점은 NAV 지도에도 노란 십자로 표시됩니다.
tut:Weapon Basics:Now lets take off23,A tutorial label,Now let's find some targets.  Take off and fly to the objective waypoint.,이제 표적을 찾아봅시다. 이륙하여 목표 경유지로 비행하십시오.
tut:Weapon Basics:Brakes OFF24,A tutorial label,Unlock Brakes,브레이크를 해제하십시오.
tut:Weapon Basics:Fly to AO25,A tutorial label,,
tut:Weapon Basics:MasterArmInfo26,A tutorial label,"Now that we are in the AO, you can enable the Master Arm switch.",작전 지역에 진입했으니 이제 무장 안전 스위치(마스터 암)를 켤 수 있습니다.
tut:Weapon Basics:MasterArm ON27,A tutorial label,Enable Master Arm,마스터 암을 켜십시오.
tut:Weapon Basics:MasterArmInfo228,A tutorial label,"With the weapon system armed, you will see some new icons on the HUD",무장 시스템이 활성화되면 HUD에 새로운 아이콘이 몇 개 나타납니다.
tut:Weapon Basics:ReticleInfo29,A tutorial label,"At the center, you have the weapon targeting reticle or pipper.",중앙에는 무기 조준점(피퍼)이 표시됩니다.
tut:Weapon Basics:WeaponInfo30,A tutorial label,"Here, you have weapon type, name, and shots remaining.","여기에는 무기 종류, 이름, 남은 발수가 표시됩니다."
tut:Weapon Basics:WeaponSwitching31,A tutorial label,You can cycle through all ARMED weapons by pressing the button on the joystick.,조종간의 버튼을 눌러 무장된 모든 무기를 차례로 전환할 수 있습니다.
tut:Weapon Basics:WeaponSwitching32,A tutorial label,Switch to HYDRA70,HYDRA70으로 전환하십시오.
tut:Weapon Basics:WeaponSwitching33,A tutorial label,Switch to GAU-8,GAU-8로 전환하십시오.
tut:Weapon Basics:Firing34,A tutorial label,These unguided weapons can be fired by simply pulling the trigger on the joystick.,이런 무유도 무기는 조종간의 방아쇠를 당기기만 하면 발사됩니다.
tut:Weapon Basics:Firing 235,A tutorial label,You have limited stores so save your rounds for the targets.,탄약이 제한되어 있으니 표적을 위해 아껴 두십시오.
tut:Weapon Basics:GunMission136,A tutorial label,Let's try deploying the GAU-8 on some ground targets.,GAU-8을 지상 표적에 사용해 봅시다.
tut:Weapon Basics:GunMission237,A tutorial label,"In a moment, you'll receive a mission objective.",잠시 후 임무 목표를 받게 됩니다.
tut:Weapon Basics:GunMission338,A tutorial label,You can auto-slew your TGP to the objective waypoint by pressing the WPT button in the TGP screen.,TGP 화면의 WPT 버튼을 누르면 TGP가 목표 경유지로 자동 조준됩니다.
tut:Weapon Basics:GunMission4 Start39,A tutorial label,Go ahead and destroy the tanks.,이제 전차들을 파괴하십시오.
tut:Weapon Basics:GunMission40,A tutorial label,,
tut:Weapon Basics:GoodJobGuns41,A tutorial label,Great job!  Now let's work with rockets.,잘했습니다! 이제 로켓을 사용해 봅시다.
tut:Weapon Basics:SwitchToRockets42,A tutorial label,Switch to HYDRA70,HYDRA70으로 전환하십시오.
tut:Weapon Basics:Rocket info43,A tutorial label,"Hydra 70's are small, unguided rockets.",Hydra 70은 소형 무유도 로켓입니다.
tut:Weapon Basics:Rocket info 244,A tutorial label,"By default, each pull of the trigger will fire one rocket.",기본 설정에서는 방아쇠를 한 번 당길 때마다 로켓이 한 발씩 발사됩니다.
tut:Weapon Basics:Rocket info 345,A tutorial label,"However, they can be configured to launch rapidly.  This is called 'ripple' firing.",하지만 연속으로 빠르게 발사하도록 설정할 수도 있습니다. 이를 '리플(연속 발사)'이라고 합니다.
tut:Weapon Basics:Rocket info 446,A tutorial label,"To access a weapons config menu, set the EQUIP MFD page to CONFIG mode",무기 설정 메뉴에 들어가려면 EQUIP MFD 페이지를 CONFIG 모드로 설정하십시오
tut:Weapon Basics:Set to config mode47,A tutorial label,Set to CONFIG mode,CONFIG 모드로 설정하십시오.
tut:Weapon Basics:Rocket info 548,A tutorial label,"Then, select the weapon you want to configure.",그다음 설정할 무기를 선택하십시오.
tut:Weapon Basics:Rocket info 649,A tutorial label,"If you have multiple of the same weapon, the settings will be copied over to all of them.",같은 무기를 여러 개 장착한 경우 설정이 전부에 똑같이 적용됩니다.
tut:Weapon Basics:TryRipple50,A tutorial label,Try setting the rockets to different ripple intervals and destroy the next set of targets.,로켓의 연속 발사 간격을 바꿔 가며 다음 표적들을 파괴하십시오.
tut:Weapon Basics:RocketMission51,A tutorial label,,
tut:Weapon Basics:Well done52,A tutorial label,Well done! You've destroyed all of the targets.,잘했습니다! 모든 표적을 파괴했습니다.
tut:Weapon Basics:Conclusion53,A tutorial label,This concludes the basic weapons tutorial.,이것으로 기본 무기 튜토리얼을 마칩니다.
Mk-82 Bomb x2_fullName,Full equip name of: Mk-82 Bomb x2,Mk-82 Bomb x2,Mk-82 폭탄 x2
Mk-82 Bomb x2_description,Item description of: Mk-82 Bomb x2,Two standard un-guided 500lb bombs.,표준형 무유도 500파운드 폭탄 2발입니다.
AGM-161 Anti Surface Stand-off Missile_fullName,Full equip name of: AGM-161 Anti Surface Stand-off Missile,AGM-161 Anti Surface Stand-off Missile,AGM-161 원거리 발사 공대지 미사일
AGM-161 Anti Surface Stand-off Missile_description,Item description of: AGM-161 Anti Surface Stand-off Missile,A cruise missile designed to deliver a large payload to a ground target over a long distance.  It follows a pre-programmed GPS course with automatic terrain avoidance.,장거리에서 지상 목표에 대형 탄두를 투사하도록 설계된 순항 미사일입니다. 사전 입력된 GPS 경로를 따라 비행하며 자동으로 지형을 회피합니다.
eqSublabel_GPS-CRUISE,HUD sub-label of an equip,GPS CRUISE,GPS 순항
PAC-3_fullName,Full equip name of: PAC-3,PAC-3,PAC-3
PAC-3_description,Item description of: PAC-3,Radar-guided surface-to-air defense missile.,레이더 유도 지대공 방어 미사일입니다.
GMA-14 x3_fullName,Full equip name of: GMA-14 x3,GMA-14 x3,GMA-14 x3
GMA-14 x3_description,Item description of: GMA-14 x3,A rack of 3 laser guided anti-tank missiles.,레이저 유도 대전차 미사일 3발입니다.
FLKM-100_fullName,Full equip name of: FLKM-100,FLKM-100,FLKM-100
FLKM-100_description,Item description of: FLKM-100,Dual stage long range active radar-guided missile that deploys a field of explosive munitions.,폭발성 자탄을 광범위하게 살포하는 2단 장거리 능동 레이더 유도 미사일입니다.
MK-82 x32_fullName,Full equip name of: MK-82 x32,MK-82 x32,MK-82 폭탄 x32
MK-82 x32_description,Item description of: MK-82 x32,A rack of 32 MK-82 bombs.,MK-82 폭탄 32발이 장착된 랙입니다.
CAGM-6 Cluster Missile_fullName,Full equip name of: CAGM-6 Cluster Missile,CAGM-6 Cluster Missile,CAGM-6 확산탄 미사일
CAGM-6 Cluster Missile_description,Item description of: CAGM-6 Cluster Missile,"An optically guided ""fire-and-forget"" missile. 
Deploys 6 submunitions that independently seek targets in the field of view.","광학 유도 미사일입니다. 발사 후에는 알아서 목표를 향해 유도됩니다(발사 후 망각).
시야 내 목표를 각자 추적하는 자탄 6발을 전개합니다."
eqSublabel_OPTICAL-FF-CLUSTER,HUD sub-label of an equip,OPTICAL FF CLUSTER,OPTICAL FF CLUSTER
AGM-126 SideARM II x2_fullName,Full equip name of: AGM-126 SideARM II x2,AGM-126 SideARM II x2,AGM-126 SideARM II x2
AGM-126 SideARM II x2_description,Item description of: AGM-126 SideARM II x2,Compact short range anti-radiation missile based on the AIM-9x.,AIM-9x를 기반으로 한 소형 단거리 대레이더 미사일입니다.
AIM-9 Sidewinder x3_fullName,Full equip name of: AIM-9 Sidewinder x3,AIM-9 Sidewinder x3,AIM-9 사이드와인더 x3
AIM-9 Sidewinder x3_description,Item description of: AIM-9 Sidewinder x3,A rack of three standard heat-seeking Sidewinder anti-air missiles.,표준형 열추적 사이드와인더 대공 미사일 3발입니다.
F/A-26B_mfd_cam:B3,Label for an MFD button (short!).,PREV,이전
F/A-26B_mfd_cam:B5,Label for an MFD button (short!).,NEXT,다음
F/A-26B_mfd_home:B1,Label for an MFD button (short!).,NAV,항법
F/A-26B_mfd_home:B1_tooltip,Tooltip for an MFD button.,Navigation,항법
F/A-26B_mfd_home:B2,Label for an MFD button (short!).,OBJ,목표
F/A-26B_mfd_home:B2_tooltip,Tooltip for an MFD button.,Objectives,임무 목표
F/A-26B_mfd_home:B3,Label for an MFD button (short!).,CAM,CAM
F/A-26B_mfd_home:B3_tooltip,Tooltip for an MFD button.,External Cameras,외부 카메라
F/A-26B_mfd_home:B4,Label for an MFD button (short!).,TGP,TGP
F/A-26B_mfd_home:B4_tooltip,Tooltip for an MFD button.,Targeting,조준 포드
F/A-26B_mfd_home:B5,Label for an MFD button (short!).,GPS,GPS
F/A-26B_mfd_home:B5_tooltip,Tooltip for an MFD button.,GPS Targets,GPS 표적
F/A-26B_mfd_home:R2,Label for an MFD button (short!).,S-CAM,관전
F/A-26B_mfd_home:R2_tooltip,Tooltip for an MFD button.,Spectator Camera,관전 카메라
F/A-26B_mfd_home:R3,Label for an MFD button (short!).,GAME,게임
F/A-26B_mfd_home:R3_tooltip,Tooltip for an MFD button.,Game Menu,게임 메뉴
F/A-26B_mfd_home:R4,Label for an MFD button (short!).,LOG,기록
F/A-26B_mfd_home:R4_tooltip,Tooltip for an MFD button.,Flight Log,비행 기록
F/A-26B_mfd_home:L2,Label for an MFD button (short!).,EQUIP,장비
F/A-26B_mfd_home:L2_tooltip,Tooltip for an MFD button.,Mounted Equipment,탑재 장비
F/A-26B_mfd_home:L3,Label for an MFD button (short!).,OPTION,옵션
F/A-26B_mfd_home:L3_tooltip,Tooltip for an MFD button.,Options,옵션
F/A-26B_mfd_home:L4,Label for an MFD button (short!).,COMMS,통신
F/A-26B_mfd_home:L4_tooltip,Tooltip for an MFD button.,Communications,통신
F/A-26B_mfd_home:T4,Label for an MFD button (short!).,RADAR,레이더
F/A-26B_mfd_home:T4_tooltip,Tooltip for an MFD button.,Radar,레이더
F/A-26B_mfd_home:T5,Label for an MFD button (short!).,ARAD,ARAD
F/A-26B_mfd_home:T5_tooltip,Tooltip for an MFD button.,Anti-Radar Attack Display,대레이더 공격 표시
F/A-26B_mfd_home:R5,Label for an MFD button (short!).,DATA,데이터
F/A-26B_mfd_home:R5_tooltip,Tooltip for an MFD button.,Flight Data,비행 데이터
F/A-26B_mfd_home:L5,Label for an MFD button (short!).,CMS,CMS
F/A-26B_mfd_home:L5_tooltip,Tooltip for an MFD button.,Countermeasure System,기만 장비 시스템
F/A-26B_mfd_flightLog:R2_tooltip,Tooltip for an MFD button.,Scroll Up,위로 스크롤
F/A-26B_mfd_flightLog:R4_tooltip,Tooltip for an MFD button.,Scroll Down,아래로 스크롤
F/A-26B_mfd_flightLog:R5_tooltip,Tooltip for an MFD button.,Scroll Bottom,맨 아래로 스크롤
F/A-26B_mfd_flightLog:B3_tooltip,Tooltip for an MFD button.,Dump log to file.,비행 기록 파일로 저장
F/A-26B_mfd_mission:B1,Label for an MFD button (short!).,WPT,WPT
F/A-26B_mfd_mission:B1_tooltip,Tooltip for an MFD button.,Set Waypoint,경유지 지정
F/A-26B_mfd_mission:B3,Label for an MFD button (short!).,NEXT,다음
F/A-26B_mfd_mission:B3_tooltip,Tooltip for an MFD button.,Next Objective,다음 목표
F/A-26B_mfd_mission:B5,Label for an MFD button (short!).,PREV,이전
F/A-26B_mfd_mission:B5_tooltip,Tooltip for an MFD button.,Previous Objective,이전 목표
F/A-26B_mfd_gpsTgts:T2,Label for an MFD button (short!).,MAP,지도
F/A-26B_mfd_gpsTgts:T2_tooltip,Tooltip for an MFD button.,Nav Map,항법 지도
F/A-26B_mfd_gpsTgts:T3,Label for an MFD button (short!).,WPT,WPT
F/A-26B_mfd_gpsTgts:T3_tooltip,Tooltip for an MFD button.,Set Waypoints,경유지 지정
F/A-26B_mfd_gpsTgts:L2_tooltip,Tooltip for an MFD button.,Previous Group,이전 그룹
F/A-26B_mfd_gpsTgts:L3_tooltip,Tooltip for an MFD button.,Next Group,다음 그룹
F/A-26B_mfd_gpsTgts:B1_tooltip,Tooltip for an MFD button.,Create Group,그룹 생성
F/A-26B_mfd_gpsTgts:B2_tooltip,Tooltip for an MFD button.,Delete Group,그룹 삭제
F/A-26B_mfd_gpsTgts:B4_tooltip,Tooltip for an MFD button.,Delete Target,표적 삭제
F/A-26B_mfd_gpsTgts:R3_tooltip,Tooltip for an MFD button.,Next Target,다음 표적
F/A-26B_mfd_gpsTgts:R2_tooltip,Tooltip for an MFD button.,Previous Target,이전 표적
F/A-26B_mfd_gpsTgts:R1_tooltip,Tooltip for an MFD button.,Toggle Path Mode,경로 모드 전환
F/A-26B_mfd_gpsTgts:R4_tooltip,Tooltip for an MFD button.,Move Up,위로
F/A-26B_mfd_gpsTgts:R5_tooltip,Tooltip for an MFD button.,MoveDown,아래로
F/A-26B_mfd_gpsTgts:B5,Label for an MFD button (short!).,SEND,전송
F/A-26B_mfd_gpsTgts:B5_tooltip,Tooltip for an MFD button.,Send Data,데이터 전송
F/A-26B_mfd_flyCam:B2,Label for an MFD button (short!).,START,켜기
F/A-26B_mfd_flyCam:B2_tooltip,Tooltip for an MFD button.,Start Camera,카메라 켜기
F/A-26B_mfd_flyCam:B3,Label for an MFD button (short!).,END,끄기
F/A-26B_mfd_flyCam:B3_tooltip,Tooltip for an MFD button.,End Camera,카메라 끄기
F/A-26B_mfd_flyCam:B1,Label for an MFD button (short!).,VIEW,보기
F/A-26B_mfd_flyCam:B1_tooltip,Tooltip for an MFD button.,Toggle Preview,미리보기 전환
F/A-26B_mfd_flyCam:R1,Label for an MFD button (short!).,RANDM,랜덤
F/A-26B_mfd_flyCam:R1_tooltip,Tooltip for an MFD button.,Toggle Random,랜덤 전환
F/A-26B_mfd_flyCam:L3,Label for an MFD button (short!).,FOV:,FOV:
F/A-26B_mfd_flyCam:L3_tooltip,Tooltip for an MFD button.,Toggle FOV,시야각 전환
F/A-26B_mfd_flyCam:L4,Label for an MFD button (short!)., ,
F/A-26B_mfd_flyCam:L4_tooltip,Tooltip for an MFD button.,Toggle AutoFOV,자동 시야각 전환
F/A-26B_mfd_flyCam:L5,Label for an MFD button (short!)., ,
F/A-26B_mfd_flyCam:L5_tooltip,Tooltip for an MFD button.,Toggle Audio,오디오 전환
F/A-26B_mfd_flyCam:R2,Label for an MFD button (short!).,MODE,카메라
F/A-26B_mfd_flyCam:R2_tooltip,Tooltip for an MFD button.,Toggle Cam Mode,카메라 모드 전환
F/A-26B_mfd_flyCam:R3,Label for an MFD button (short!).,LOOK,시야
F/A-26B_mfd_flyCam:R3_tooltip,Tooltip for an MFD button.,Toggle Look Mode,시야 모드 전환
F/A-26B_mfd_flyCam:R5,Label for an MFD button (short!)., ,
F/A-26B_mfd_flyCam:R5_tooltip,Tooltip for an MFD button.,Toggle Auto-Reset,자동 리셋 전환
F/A-26B_mfd_flyCam:B5,Label for an MFD button (short!)., ,
F/A-26B_mfd_flyCam:B5_tooltip,Tooltip for an MFD button.,Cycle Reset Time,리셋 시간 순환
F/A-26B_mfd_flyCam:T3,Label for an MFD button (short!).,SS,캡처
F/A-26B_mfd_flyCam:T3_tooltip,Tooltip for an MFD button.,4K Screenshot,4K 스크린샷
F/A-26B_mfd_antiRad:T5,Label for an MFD button (short!).,SOI,SOI
F/A-26B_mfd_antiRad:T5_tooltip,Tooltip for an MFD button.,Sensor of Interest,센서 활성화
F/A-26B_mfd_antiRad:R4,Label for an MFD button (short!).,HUD,HUD
F/A-26B_mfd_antiRad:R4_tooltip,Tooltip for an MFD button.,HUD Mode,HUD 모드
F/A-26B_mfd_antiRad:R5_tooltip,Tooltip for an MFD button.,Declutter,간소화
F/A-26B_mfd_cmsPage:L4_tooltip,Tooltip for an MFD button.,Release Mode,방출 모드
F/A-26B_mfd_cmsPage:B2,Label for an MFD button (short!).,-,-
F/A-26B_mfd_cmsPage:B2_tooltip,Tooltip for an MFD button.,- Release Rate,방출 속도 -
F/A-26B_mfd_cmsPage:B4,Label for an MFD button (short!).,+,+
F/A-26B_mfd_cmsPage:B4_tooltip,Tooltip for an MFD button.,+ Release Rate,방출 속도 +
F/A-26B_mfd_map:T2,Label for an MFD button (short!).,GPS,GPS
F/A-26B_mfd_map:T2_tooltip,Tooltip for an MFD button.,GPS Targets,GPS 표적들
F/A-26B_mfd_map:R2,Label for an MFD button (short!).,ZOOM+,확대
F/A-26B_mfd_map:R3,Label for an MFD button (short!).,ZOOM-,축소
F/A-26B_mfd_map:R4,Label for an MFD button (short!).,UP,위
F/A-26B_mfd_map:R5,Label for an MFD button (short!).,DOWN,아래
F/A-26B_mfd_map:B4,Label for an MFD button (short!).,LEFT,왼쪽
F/A-26B_mfd_map:B5,Label for an MFD button (short!).,RIGHT,오른쪽
F/A-26B_mfd_map:R1,Label for an MFD button (short!).,RESET,리셋
F/A-26B_mfd_map:R1_tooltip,Tooltip for an MFD button.,Reset Offset,오프셋 리셋
F/A-26B_mfd_map:T4,Label for an MFD button (short!).,MODE,모드
F/A-26B_mfd_map:T4_tooltip,Tooltip for an MFD button.,Toggle Rotation Mode,회전 모드 전환
F/A-26B_mfd_map:T5,Label for an MFD button (short!).,SOI,SOI
F/A-26B_mfd_map:T5_tooltip,Tooltip for an MFD button.,Toggle Sensor of Interest,센서 활성화 전환
F/A-26B_mfd_map:L4,Label for an MFD button (short!).,FUEL,연료
F/A-26B_mfd_map:L4_tooltip,Tooltip for an MFD button.,Set Fuel Waypoint,연료 경유지 설정
F/A-26B_mfd_map:L3,Label for an MFD button (short!).,RTB,귀환
F/A-26B_mfd_map:L3_tooltip,Tooltip for an MFD button.,Set Return to Base Waypoint,기지 귀환 경유지 설정
F/A-26B_mfd_map:L2,Label for an MFD button (short!).,OBJ,목표
F/A-26B_mfd_map:L2_tooltip,Tooltip for an MFD button.,Set Objective Waypoint,목표 경유지 설정
F/A-26B_mfd_map:B1,Label for an MFD button (short!).,SET ALT,고도 설정
F/A-26B_mfd_map:B1_tooltip,Tooltip for an MFD button.,Set Target Alt,목표 고도 설정
F/A-26B_mfd_map:B2,Label for an MFD button (short!).,ALT+,고도+
F/A-26B_mfd_map:B2_tooltip,Tooltip for an MFD button.,Raise Target Alt,목표 고도 +
F/A-26B_mfd_map:B3,Label for an MFD button (short!).,GPS-S,GPS-S
F/A-26B_mfd_map:B3_tooltip,Tooltip for an MFD button.,Send GPS Target,GPS 표적 송신
F/A-26B_mfd_options:L2_tooltip,Tooltip for an MFD button.,Unit Options,단위 설정
F/A-26B_mfd_options:R2_tooltip,Tooltip for an MFD button.,Toggle Joystick Mode,조종간 모드 전환
F/A-26B_mfd_options:L3_tooltip,Tooltip for an MFD button.,Fuel Settings,연료 설정
F/A-26B_mfd_options:L4_tooltip,Tooltip for an MFD button.,Altitude Warning Settings,고도 경보 설정
F/A-26B_mfd_options:R3_tooltip,Tooltip for an MFD button.,Joystick Sensitivity,조종간 감도
F/A-26B_mfd_unitOptions:L2_tooltip,Tooltip for an MFD button.,Altitude Units,고도 단위
F/A-26B_mfd_unitOptions:L3_tooltip,Tooltip for an MFD button.,Distance Units,거리 단위
F/A-26B_mfd_unitOptions:L4_tooltip,Tooltip for an MFD button.,Speed Units,속도 단위
F/A-26B_mfd_unitOptions:T5_tooltip,Tooltip for an MFD button.,Back,뒤로가기
F/A-26B_mfd_fuelConfig:T5_tooltip,Tooltip for an MFD button.,Back,뒤로가기
F/A-26B_mfd_fuelConfig:L4_tooltip,Tooltip for an MFD button.,Bingo Fuel +,귀환 한계 연료 +
F/A-26B_mfd_fuelConfig:L5_tooltip,Tooltip for an MFD button.,Bingo Fuel -,귀환 한계 연료 -
F/A-26B_mfd_altitudeSettings:T5_tooltip,Tooltip for an MFD button.,Back,뒤로가기
F/A-26B_mfd_altitudeSettings:L3_tooltip,Tooltip for an MFD button.,Set Min Alt,최소 고도 설정
F/A-26B_mfd_altitudeSettings:L4_tooltip,Tooltip for an MFD button.,Min Alt -,최소 고도 -
F/A-26B_mfd_altitudeSettings:R3_tooltip,Tooltip for an MFD button.,Set Max Alt,최대 고도 설정
F/A-26B_mfd_altitudeSettings:R4_tooltip,Tooltip for an MFD button.,Max Alt -,최대 고도 -
F/A-26B_mfd_altitudeSettings:L2_tooltip,Tooltip for an MFD button.,Toggle Alt Mode,고도 모드 전환
F/A-26B_mfd_hardpoints:T4_tooltip,Tooltip for an MFD button.,HP Gun,기관포
F/A-26B_mfd_hardpoints:L5_tooltip,Tooltip for an MFD button.,HP 1,무장 장착대 1
F/A-26B_mfd_hardpoints:L4_tooltip,Tooltip for an MFD button.,HP 2,무장 장착대 2
F/A-26B_mfd_hardpoints:L3_tooltip,Tooltip for an MFD button.,HP 3,무장 장착대 3
F/A-26B_mfd_hardpoints:L2_tooltip,Tooltip for an MFD button.,HP 4,무장 장착대 4
F/A-26B_mfd_hardpoints:L1_tooltip,Tooltip for an MFD button.,HP 5,무장 장착대 5
F/A-26B_mfd_hardpoints:R1_tooltip,Tooltip for an MFD button.,HP 6,무장 장착대 6
F/A-26B_mfd_hardpoints:R2_tooltip,Tooltip for an MFD button.,HP 7,무장 장착대 7
F/A-26B_mfd_hardpoints:R3_tooltip,Tooltip for an MFD button.,HP 8,무장 장착대 8
F/A-26B_mfd_hardpoints:R4_tooltip,Tooltip for an MFD button.,HP 9,무장 장착대 9
F/A-26B_mfd_hardpoints:R5_tooltip,Tooltip for an MFD button.,HP 10,무장 장착대 10
F/A-26B_mfd_hardpoints:B1_tooltip,Tooltip for an MFD button.,HP 11,무장 장착대 11
F/A-26B_mfd_hardpoints:B5_tooltip,Tooltip for an MFD button.,HP 12,무장 장착대 12
F/A-26B_mfd_hardpoints:B3_tooltip,Tooltip for an MFD button.,HP 13,무장 장착대 13
F/A-26B_mfd_hardpoints:T5,Label for an MFD button (short!).,MODE,모드
F/A-26B_mfd_hardpoints:T5_tooltip,Tooltip for an MFD button.,Toggle Mode,모드 전환
F/A-26B_mfd_hardpointInfoPage:R1_tooltip,Tooltip for an MFD button.,Return to Equip,장비 화면으로 돌아가기
F/A-26B_mfd_hardpointInfoPage:B2_tooltip,Tooltip for an MFD button.,Toggle Arming,무장 설정 전환
F/A-26B_mfd_hardpointInfoPage:B5_tooltip,Tooltip for an MFD button.,Toggle Jettison,버리기 설정 전환
F/A-26B_mfd_target:B3,Label for an MFD button (short!).,HEAD,시야
F/A-26B_mfd_target:B3_tooltip,Tooltip for an MFD button.,Head-track Mode,시야 추적 모드
F/A-26B_mfd_target:B2,Label for an MFD button (short!).,FWD,전방
F/A-26B_mfd_target:B2_tooltip,Tooltip for an MFD button.,Forward Mode,전방 주시 모드
F/A-26B_mfd_target:B5,Label for an MFD button (short!).,PWR,전원
F/A-26B_mfd_target:B5_tooltip,Tooltip for an MFD button.,Toggle TGP Power,조준 포드 전원
F/A-26B_mfd_target:R2,Label for an MFD button (short!).,ZOOM+,확대
F/A-26B_mfd_target:R2_tooltip,Tooltip for an MFD button.,Zoom In,확대
F/A-26B_mfd_target:R3,Label for an MFD button (short!).,ZOOM-,축소
F/A-26B_mfd_target:R3_tooltip,Tooltip for an MFD button.,Zoom Out,축소
F/A-26B_mfd_target:R4,Label for an MFD button (short!).,GPS-S,GPS-S
F/A-26B_mfd_target:R4_tooltip,Tooltip for an MFD button.,GPS Send,GPS 좌표 송신
F/A-26B_mfd_target:R5,Label for an MFD button (short!).,GPS-A,GPS-A
F/A-26B_mfd_target:R5_tooltip,Tooltip for an MFD button.,GPS Acquire,GPS 좌표 포착
F/A-26B_mfd_target:L2,Label for an MFD button (short!).,MODE,모드
F/A-26B_mfd_target:L2_tooltip,Tooltip for an MFD button.,Cycle Modes,모드 순환
F/A-26B_mfd_target:L3,Label for an MFD button (short!).,SENS,센서
F/A-26B_mfd_target:L3_tooltip,Tooltip for an MFD button.,Sensor Mode,센서 모드
F/A-26B_mfd_target:T3,Label for an MFD button (short!).,WPT,WPT
F/A-26B_mfd_target:T3_tooltip,Tooltip for an MFD button.,To Waypoint,경유지로
F/A-26B_mfd_target:T5,Label for an MFD button (short!).,SOI,SOI
F/A-26B_mfd_target:T5_tooltip,Tooltip for an MFD button.,Toggle Sensor of Interest,관심 센서(SOI) 전환
F/A-26B_mfd_target:B4_tooltip,Tooltip for an MFD button.,Toggle HMD View,HMD 화면 전환
F/A-26B_mfd_target:L4,Label for an MFD button (short!).,LIM,한계
F/A-26B_mfd_target:L4_tooltip,Tooltip for an MFD button.,Toggle Limits Overlay,한계 표시 전환
F/A-26B_mfd_target:R1,Label for an MFD button (short!).,MARK,표식
F/A-26B_mfd_target:R1_tooltip,Tooltip for an MFD button.,Laser Marker,레이저 표식
F/A-26B_mfd_gameMenu:B2,Label for an MFD button (short!).,RESTART,재시작
F/A-26B_mfd_gameMenu:B2_tooltip,Tooltip for an MFD button.,Restart Mission,임무 재시작
F/A-26B_mfd_gameMenu:B4,Label for an MFD button (short!).,EXIT,나가기
F/A-26B_mfd_gameMenu:B4_tooltip,Tooltip for an MFD button.,Return to Main,메인 메뉴로 돌아가기
F/A-26B_mfd_gameMenu:B3,Label for an MFD button (short!).,EXIT,나가기
F/A-26B_mfd_gameMenu:B3_tooltip,Tooltip for an MFD button.,Return to Briefing Room,브리핑실로 돌아가기
F/A-26B_mfd_gameMenu:R2,Label for an MFD button (short!).,CENTER,재정렬
F/A-26B_mfd_gameMenu:R2_tooltip,Tooltip for an MFD button.,Recenter Seat,시점 재정렬
F/A-26B_mfd_gameMenu:L3,Label for an MFD button (short!).,QSAVE,QSAVE
F/A-26B_mfd_gameMenu:L3_tooltip,Tooltip for an MFD button.,Quick Save Menu,빠른 저장 메뉴
F/A-26B_mfd_gameMenu:R4,Label for an MFD button (short!).,PLAYERS,플레이어
F/A-26B_mfd_gameMenu:R4_tooltip,Tooltip for an MFD button.,View Players,플레이어 보기
F/A-26B_mfd_gameMenu:R5,Label for an MFD button (short!).,NETWORK,네트워크
F/A-26B_mfd_gameMenu:R5_tooltip,Tooltip for an MFD button.,Network Analytics,네트워크 분석
F/A-26B_mfd_quicksave:L3_tooltip,Tooltip for an MFD button.,Save,저장
F/A-26B_mfd_quicksave:B4_tooltip,Tooltip for an MFD button.,Load,불러오기
F/A-26B_mfd_quicksave:T5,Label for an MFD button (short!).,BACK,BACK
F/A-26B_mfd_quicksave:T5_tooltip,Tooltip for an MFD button.,Back,뒤로가기
F/A-26B_mfd_netAnalytics:B1,Label for an MFD button (short!).,BACK,BACK
F/A-26B_mfd_netAnalytics:B1_tooltip,Tooltip for an MFD button.,Back,뒤로가기
F/A-26B_mfd_mpPlayers:B1,Label for an MFD button (short!).,BACK,BACK
F/A-26B_mfd_mpPlayers:B1_tooltip,Tooltip for an MFD button.,Back,뒤로가기
F/A-26B_mfd_mpPlayers:T5,Label for an MFD button (short!).,MANAGE,관리
F/A-26B_mfd_mpPlayers:T5_tooltip,Tooltip for an MFD button.,Manage Players,플레이어 관리
F/A-26B_mfd_mpPlayers:R4_tooltip,Tooltip for an MFD button.,Scroll Up,스크롤 위로
F/A-26B_mfd_mpPlayers:R5_tooltip,Tooltip for an MFD button.,Scroll Down,스크롤 아래로
F/A-26B_mfd_radar:R2,Label for an MFD button (short!).,R+,R+
F/A-26B_mfd_radar:R2_tooltip,Tooltip for an MFD button.,Range +,거리 +
F/A-26B_mfd_radar:R3,Label for an MFD button (short!).,R-,R-
F/A-26B_mfd_radar:R3_tooltip,Tooltip for an MFD button.,Range -,거리 -
F/A-26B_mfd_radar:R4,Label for an MFD button (short!).,BORE,정면
F/A-26B_mfd_radar:R4_tooltip,Tooltip for an MFD button.,Toggle Boresight,정면 조준 전환
F/A-26B_mfd_radar:B1,Label for an MFD button (short!).,CLR,CLR
F/A-26B_mfd_radar:B1_tooltip,Tooltip for an MFD button.,Clear Tracks,추적 초기화
F/A-26B_mfd_radar:B2,Label for an MFD button (short!).,UNLCK,UNLCK
F/A-26B_mfd_radar:B2_tooltip,Tooltip for an MFD button.,Unlock,고정 해제
F/A-26B_mfd_radar:B5_tooltip,Tooltip for an MFD button.,Scan Angle,스캔 각도
F/A-26B_mfd_radar:T5,Label for an MFD button (short!).,SOI,SOI
F/A-26B_mfd_radar:T5_tooltip,Tooltip for an MFD button.,Sensor of Interest,관심 센서(SOI)
F/A-26B_mfd_radar:L2_tooltip,Tooltip for an MFD button.,Track 1,추적 목표 1
F/A-26B_mfd_radar:L3_tooltip,Tooltip for an MFD button.,Track 2,추적 목표 2
F/A-26B_mfd_radar:L4_tooltip,Tooltip for an MFD button.,Track 3,추적 목표 3
F/A-26B_mfd_radar:L5_tooltip,Tooltip for an MFD button.,Track 4,추적 목표 4
F/A-26B_mfd_radar:R5_tooltip,Tooltip for an MFD button.,Toggle Head Sight,헬멧 조준기 전환
CG25 Twin Chaingun_fullName,Full equip name of: CG25 Twin Chaingun,CG25 Twin Chaingun,CG25 쌍열 체인건
CG25 Twin Chaingun_description,Item description of: CG25 Twin Chaingun,A fixed 25mm dual-barrel chaingun.,25mm 고정형 쌍열 체인건입니다.
AIM-120D Advanced Radar Missile x2_fullName,Full equip name of: AIM-120D Advanced Radar Missile x2,AIM-120D Advanced Radar Missile x2,AIM-120D 중거리 레이더 유도 미사일 x2
AIM-120D Advanced Radar Missile x2_description,Item description of: AIM-120D Advanced Radar Missile x2,"Two internally mounted, radar guided, medium range air to air missiles.  Improved packaging and datalink capabilities.
",내부 무장창에 장착된 레이더 유도 중거리 공대공 미사일 2발입니다. 탑재 방식과 데이터링크 성능이 개선되었습니다.
MK-83 x12_fullName,Full equip name of: MK-83 x12,MK-83 x12,MK-83 폭탄 x12
MK-83 x12_description,Item description of: MK-83 x12,A rack of 12 MK-83 1000lb bombs.,MK-83 1000파운드 폭탄 12발이 장착된 랙입니다.
GBU-12 Laser Guided Bomb x3_fullName,Full equip name of: GBU-12 Laser Guided Bomb x3,GBU-12 Laser Guided Bomb x3,GBU-12 레이저 유도 폭탄 x3
GBU-12 Laser Guided Bomb x3_description,Item description of: GBU-12 Laser Guided Bomb x3,A rack of three 500lb laser guided bomb.,500파운드 레이저 유도 폭탄 3발이 장착된 랙입니다.
AGM-89 Anti-ship Cruise Missile_fullName,Full equip name of: AGM-89 Anti-ship Cruise Missile,AGM-89 Anti-ship Cruise Missile,AGM-89 대함 순항 미사일
AGM-89 Anti-ship Cruise Missile_description,Item description of: AGM-89 Anti-ship Cruise Missile,"Air-launched anti-ship cruise missile.  Equipped with waypoint following, radar target acquisition, and terminal maneuvering technology.","공중 발사형 대함 순항 미사일입니다. 경유지 추적, 레이더 목표 포착 기능과 명중 직전 단계에 회피 기동하는 종말 유도 기술을 갖추고 있습니다."
Hydra-70 4x4 Rocket Pod_fullName,Full equip name of: Hydra-70 4x4 Rocket Pod,Hydra-70 4x4 Rocket Pod,Hydra-70 4x4 로켓 포드
Hydra-70 4x4 Rocket Pod_description,Item description of: Hydra-70 4x4 Rocket Pod,"A cluster of pods carrying a total of 16 high explosive rockets.  Can be fired in single shot mode, or rapid fire (ripple).",총 16발의 고폭 로켓을 탑재한 포드 묶음입니다. 단발 사격 또는 연속 발사(리플)가 가능합니다.
GBU-53 Advanced SD Bomb x4_fullName,Full equip name of: GBU-53 Advanced SD Bomb x4,GBU-53 Advanced SD Bomb x4,GBU-53 개량형 소구경 폭탄 x4
GBU-53 Advanced SD Bomb x4_description,Item description of: GBU-53 Advanced SD Bomb x4,An internally mounted rack of 4 optically guided small diameter bomb. Each bomb has built-in folding wings that allow it to glide for long distances and hit targets with precision. Advanced optics allow it to track moving targets from extended range without laser designation.,내부 무장창에 장착된 광학 유도 소구경 폭탄 4발입니다. 각 폭탄에 내장된 접이식 날개로 장거리 활공과 정밀 타격이 가능합니다. 첨단 광학 장비 덕분에 레이저 조사 없이도 원거리에서 이동 목표를 추적할 수 있습니다.
eqSublabel_OPTICAL-BOMB-FAF,HUD sub-label of an equip,OPTICAL BOMB FAF,광학 폭탄 FAF
tutName_Basic Flight,Name of a legacy tutorial objective,Basic Flight,기본 비행
tutDesc_Basic Flight,Description of a legacy tutorial,Complete the tutorial.,튜토리얼을 완료하세요.
tut:Basic Flight:Intro10,A tutorial label,Welcome to the Basic Flight tutorial.,기본 비행 튜토리얼에 오신 것을 환영합니다.
tut:Basic Flight:Intro21,A tutorial label,We'll skip the start-up procedure now.,시동 절차는 지금은 생략하겠습니다.
tut:Basic Flight:Intro32,A tutorial label,"The main flight controls are the joystick and throttle.  You can grip them by holding the grip buttons, or toggle lock your hands to them by tapping the grip buttons.","주요 비행 조종 장치는 조종간과 스로틀입니다. 그립 버튼을 누르고 있으면 잡을 수 있고, 그립 버튼을 짧게 누르면 손이 고정됩니다."
tut:Basic Flight:StartTaxi3,A tutorial label,Let's start with taxiing.,먼저 지상 활주부터 시작해 봅시다.
tut:Basic Flight:GrabStick4,A tutorial label,Grab Joystick,조종간을 잡으십시오.
tut:Basic Flight:GrabThrottle5,A tutorial label,Grab Throttle,스로틀을 잡으십시오.
tut:Basic Flight:SteerInfo6,A tutorial label,"To steer the front wheel, you will have to twist the joystick on the vertical axis.",앞바퀴를 조향하려면 조종간을 수직축으로 비틀어야 합니다.
tut:Basic Flight:TiltInfo7,A tutorial label,"In order to get moving, we need to tilt the engines to the forward position.",기체를 움직이려면 엔진을 앞쪽으로 기울여야 합니다.
tut:Basic Flight:HoldBrakes8,A tutorial label,Hold the throttle trigger to lock the brakes,스로틀 트리거를 잡아 브레이크를 잠그십시오.
tut:Basic Flight:StartTilt9,A tutorial label,Then press and hold up on the throttle thumb control to tilt the engines forward.,그다음 스로틀 엄지 조작부를 위로 누르고 있으면 엔진이 앞으로 기울어집니다.
tut:Basic Flight:StartRoll10,A tutorial label,"If you release the brakes and slightly lift the throttle lever, you will start to roll.",브레이크를 풀고 스로틀 레버를 살짝 올리면 기체가 굴러가기 시작합니다.
tut:Basic Flight:ControlSpeed11,A tutorial label,Apply small amounts of throttle or brakes to control your speed.,스로틀과 브레이크를 조금씩 사용해 속도를 조절하십시오.
tut:Basic Flight:DriveToRamp12,A tutorial label,Drive over here!,이곳으로 이동하십시오!
tut:Basic Flight:DriveToRamp213,A tutorial label,Drive over here!,이곳으로 이동하십시오!
tut:Basic Flight:Fullstop14,A tutorial label,Full stop!  Throttle down and hold the throttle brake trigger.,정지! 스로틀을 내리고 스로틀 브레이크 트리거를 잡으십시오.
tut:Basic Flight:PrepareTakeoff15,A tutorial label,Let's prepare for a conventional take-off.,일반적인 활주 이륙을 준비해 봅시다.
tut:Basic Flight:SetBrakeLock16,A tutorial label,Set the brake lock so you can free up your hands.,브레이크 잠금을 걸어 두 손을 자유롭게 하십시오.
tut:Basic Flight:Set flaps.17,A tutorial label,Set flaps to setting 1.,플랩을 1단으로 설정하십시오.
tut:Basic Flight:SetAssists18,A tutorial label,Make sure all flight assists are enabled,모든 비행 보조 기능이 켜져 있는지 확인하십시오.
tut:Basic Flight:EnsureTilt19,A tutorial label,Check that the engines are tilted all the way forward.,엔진이 완전히 앞쪽으로 기울어져 있는지 확인하십시오.
tut:Basic Flight:GrabThrottle220,A tutorial label,Now grab the throttle and hold the brakes...,이제 스로틀을 잡고 브레이크를 누른 상태에서...
tut:Basic Flight:Unlock Brakes21,A tutorial label,...so you can disable brake lock.,...브레이크 잠금을 해제하십시오.
tut:Basic Flight:TurnOntoRunway22,A tutorial label,Now turn left onto runway 20,이제 좌회전하여 활주로 20으로 진입하십시오.
tut:Basic Flight:BeforeTakeoff23,A tutorial label,"Now.. to take off, raise the throttle to full and steer to keep aligned with the runway.",이륙하려면 스로틀을 최대로 올리고 활주로와 정렬을 유지하도록 조향하십시오.
tut:Basic Flight:WaitSpeed24,A tutorial label,Speed up to [80]! Straight down the runway!,[80]까지 가속하십시오! 활주로를 따라 똑바로!
tut:Basic Flight:Rotate!25,A tutorial label,Now carefully rotate the joystick back to pull the nose up!,이제 조심스럽게 조종간을 뒤로 당겨 기수를 들어 올리십시오!
tut:Basic Flight:Liftoff!26,A tutorial label,Great! You're in the air. ,좋습니다! 이륙에 성공했습니다.
tut:Basic Flight:RaiseGear27,A tutorial label,Raise the landing gear.,착륙 장치(랜딩 기어)를 올리십시오.
tut:Basic Flight:RaiseFlaps28,A tutorial label,Set flaps to 0 (retracted),플랩을 0(접힘)으로 설정하십시오.
tut:Basic Flight:GainAltitude29,A tutorial label,Now gently steer your nose to about 20 degrees and keep climbing to {1000} ASL.,이제 부드럽게 기수를 약 20도로 올리고 {1000} ASL까지 계속 상승하십시오.
tut:Basic Flight:FlightControls30,A tutorial label,Let's practice basic flight controls.,기본적인 비행 조작을 연습해 봅시다.
tut:Basic Flight:Roll31,A tutorial label,Rotate the joystick left or right to roll towards your target,조종간을 좌우로 기울여 기체를 목표 방향으로 롤(roll)시키십시오.
tut:Basic Flight:Pitch32,A tutorial label,Rotate the joystick forward or back to pitch your nose towards it.,조종간을 앞뒤로 기울여 기수가 목표를 향하도록 피치(pitch)를 조작하십시오.
tut:Basic Flight:VelVector33,A tutorial label,"This is your velocity vector, showing the direction you are moving.",이것이 속도 벡터입니다. 기체가 이동하는 방향을 보여줍니다.
tut:Basic Flight:VelVector234,A tutorial label,You want to steer velocity vector towards where you want to go.,가고자 하는 방향으로 속도 벡터를 움직이며 비행하십시오.
tut:Basic Flight:FlyToTarget135,A tutorial label,Fly over here!,이곳으로 날아가십시오!
tut:Basic Flight:FlyToTarget236,A tutorial label,Fly over here!,이곳으로 날아가십시오!
tut:Basic Flight:Great Flying37,A tutorial label,Great flying! Now let's try to land at the airbase.,훌륭한 비행이었습니다! 이제 공군기지에 착륙해 봅시다.
tut:Basic Flight:StartLanding38,A tutorial label,Start your landing here at about [150],이곳에서 약 [150]으로 착륙을 시작하십시오.
tut:Basic Flight:Landing239,A tutorial label,Line up with the runway and bring speed down to about [100],활주로와 정렬하고 속도를 약 [100]까지 줄이십시오.
tut:Basic Flight:Landing340,A tutorial label,"Flaps down, gear down.  Speed down to [80]",플랩을 내리고 착륙 장치를 내린 뒤 속도를 [80]까지 줄이십시오.
tut:Basic Flight:Landing441,A tutorial label,Maintain speed and glide slope.  Keep the vector on target!,속도와 활공 경로를 유지하십시오. 속도 벡터를 목표 지점에 유지하십시오!
tut:Basic Flight:PrepareToFlare42,A tutorial label,Prepare to flare nose up for a smooth landing,부드러운 착륙을 위해 기수를 들어 올릴(플레어) 준비를 하십시오.
tut:Basic Flight:Flare43,A tutorial label, ,
tut:Basic Flight:Touchdown44,A tutorial label,Touch down! Bring your nose down.,터치다운! 기수를 내리십시오.
tut:Basic Flight:Bring to stop.45,A tutorial label,"Steer down the runway, throttle down and carefully apply brakes.",활주로를 따라 직진하면서 스로틀을 내리고 조심스럽게 브레이크를 잡으십시오.
tut:Basic Flight:Done46,A tutorial label,Congratulations!  This concludes the basic flight tutorial.,축하합니다! 이것으로 기본 비행 튜토리얼을 마칩니다.
ASMRM-7 x6 Internal_fullName,Full equip name of: ASMRM-7 x6 Internal,ASMRM-7 x6 Internal,ASMRM-7 x6 내장
ASMRM-7 x6 Internal_description,Item description of: ASMRM-7 x6 Internal,Medium range radar guided air to air missile. Missiles are stowed internally to improve stealth and aerodynamics.,중거리 레이더 유도 공대공 미사일입니다. 스텔스 성능과 공기역학 특성을 위해 내부 무장창에 수납됩니다.
4200L Fuel Drop Tank_fullName,Full equip name of: 4200L Fuel Drop Tank,4200L Fuel Drop Tank,4200L 외부 연료 탱크
4200L Fuel Drop Tank_description,Item description of: 4200L Fuel Drop Tank,A 4200 liter fuel tank.,4200리터 연료 탱크입니다.
Hydra-70 x57 Rocket Pod_fullName,Full equip name of: Hydra-70 x57 Rocket Pod,Hydra-70 x57 Rocket Pod,Hydra-70 x57 로켓 포드
Hydra-70 x57 Rocket Pod_description,Item description of: Hydra-70 x57 Rocket Pod,"A pod carrying a total of 57 (19 x 3) high explosive rockets.  Can be fired in single shot mode, or rapid fire (ripple).",총 57발(19 x 3)의 고폭 로켓을 탑재한 포드입니다. 단발 사격 또는 연속 발사(리플)가 가능합니다.
Mk-82AIR High Drag Bomb x3_fullName,Full equip name of: Mk-82AIR High Drag Bomb x3,Mk-82AIR High Drag Bomb x3,Mk-82AIR 고항력 폭탄 x3
Mk-82AIR High Drag Bomb x3_description,Item description of: Mk-82AIR High Drag Bomb x3,Standard un-guided 500lb bombs. Deploys an inflatable drag chute to slow descent for low altitude bombing.,표준형 무유도 500파운드 폭탄입니다. 저고도 폭격 시 낙하 속도를 늦추는 팽창식 감속 낙하산을 전개합니다.
4600L Drop Tank_fullName,Full equip name of: 4600L Drop Tank,4600L Drop Tank,4600L 외부 연료 탱크
4600L Drop Tank_description,Item description of: 4600L Drop Tank,A 4600L external fuel drop tank.,4600L 외부 연료 탱크입니다.
UCAV GMA-14 Launcher_fullName,Full equip name of: UCAV GMA-14 Launcher,UCAV GMA-14 Launcher,UCAV GMA-14 발사기
UCAV GMA-14 Launcher_description,Item description of: UCAV GMA-14 Launcher,Single air-to-ground missile launcher for UCAV.,UCAV용 단발 공대지 미사일 발사기입니다.
AIM-92 Stinger_fullName,Full equip name of: AIM-92 Stinger,AIM-92 Stinger,AIM-92 스팅어
AIM-92 Stinger_description,Item description of: AIM-92 Stinger,Wingtip-mounted heat-seeking air-to-air missile.,날개 끝에 장착되는 적외선 유도 공대공 미사일입니다.
GAU-94 20mm Rotary Cannon_fullName,Full equip name of: GAU-94 20mm Rotary Cannon,GAU-94 20mm Rotary Cannon,GAU-94 20mm 회전식 기관포
GAU-94 20mm Rotary Cannon_description,Item description of: GAU-94 20mm Rotary Cannon,Three-barreled 20mm gimbal-mounted rotary cannon in a lightly armored housing.,경장갑 하우징에 짐벌 방식으로 장착된 3열 20mm 회전식 기관포입니다.
AIM-9+ Sidewinder x2_fullName,Full equip name of: AIM-9+ Sidewinder x2,AIM-9+ Sidewinder x2,AIM-9+ 사이드와인더 x2
AIM-9+ Sidewinder x2_description,Item description of: AIM-9+ Sidewinder x2,An internally mounted rack of two advanced heat-seeking AIM-9+ anti-air missiles.,내부 무장창에 장착된 첨단 적외선 유도 AIM-9+ 공대공 미사일 2발입니다.
loadingView_loadingMap,Text in custom map loading view.,Loading map...,맵 로딩 중...
GBU-39ER x4_fullName,Full equip name of: GBU-39ER x4,GBU-39ER x4,GBU-39ER x4
GBU-39ER x4_description,Item description of: GBU-39ER x4,A rack of 4 GPS guided glidebombs equipped with booster stages.,부스터가 장착된 GPS 유도 활공 폭탄 4발이 장착된 랙입니다.
eqSublabel_GPS,HUD sub-label of an equip,GPS,GPS
BSM-66_fullName,Full equip name of: BSM-66,BSM-66,BSM-66
BSM-66_description,Item description of: BSM-66,Standard semi-active radar-guided surface to air missile.,표준형 반능동 레이더 유도 지대공 미사일입니다(발사한 쪽 레이더가 목표를 계속 비춰 주어야 유도되는 방식).
AIM-120D Advanced Radar Missile_fullName,Full equip name of: AIM-120D Advanced Radar Missile,AIM-120D Advanced Radar Missile,AIM-120D 중거리 레이더 유도 미사일
AIM-120D Advanced Radar Missile_description,Item description of: AIM-120D Advanced Radar Missile,"Radar guided medium range air to air missile. Improved packaging and datalink capabilities.
",레이더 유도 중거리 공대공 미사일입니다. 탑재 방식과 데이터링크 성능이 개선되었습니다.
AV-42C_description,Short description of playable vehicle AV-42C,"""Kestrel"" Multi-role VTOL aircraft. Tilting jet nozzles give it the ability to take off and land vertically or horizontally. Large cargo bay and multiple weapon mounts allow for both transport and attack missions.","""Kestrel"" 다목적 수직이착륙(VTOL) 항공기입니다. 틸트형 제트 노즐로 수직 또는 수평 이착륙이 가능합니다. 대형 화물칸과 여러 무장 장착대를 갖추고 있어 수송과 공격 임무를 모두 수행할 수 있습니다."
F/A-26B_description,Short description of playable vehicle F/A-26B,"""Wasp"" Carrier based air-superiority fighter that can also be configured for ground attack roles.","""Wasp"" 지상 공격 임무도 수행할 수 있는 항공모함 기반 공중 우세 전투기입니다."
F-45A_description,Short description of playable vehicle F-45A,"""Ghost"" Stealthy, single-engine, VTOL/STOVL capable aircraft with four internal bays. Optional external hardpoints can be used to increase carrying capacity when stealth is not needed.","""Ghost"" 4개의 내부 무장창을 갖춘 스텔스 단발 엔진 수직/단거리 이착륙(VTOL/STOVL) 항공기입니다. 스텔스가 필요 없을 때는 외부 무장 장착대를 사용해 탑재량을 늘릴 수 있습니다."
AH-94_description,Short description of playable vehicle AH-94,"The AH-94 ""Dragonfly"" is a twin-turboshaft attack helicopter with a tandem cockpit for two pilots.","AH-94 ""Dragonfly""는 2명의 조종사가 앞뒤로 탑승하는 탠덤 조종석의 쌍발 터보샤프트 공격 헬리콥터입니다."
campaign_av42cTheIsland_name,Name of a campaign.,The Island,섬
campaign_av42cTheIsland_description,Description of a campaign.,The Island campaign.,섬 캠페인입니다.
av42cTheIsland:01_preparations_name,Name of a mission.,Preparations,준비
av42cTheIsland:01_preparations_description,Description of a mission.,Help make preparations to defend the island. Transport personnel to coastal SAM site.,섬 방어 준비를 도우십시오. 병력을 해안 지대공 미사일 기지로 수송하십시오.
AV-42C:av42cTheIsland:01_preparations:obj_0:name,A mission objective name,Pick Up,탑승
AV-42C:av42cTheIsland:01_preparations:obj_0:info,Mission objective info.,Let the soldiers into your passenger bay.,병사들을 승객 격실에 태우십시오.
AV-42C:av42cTheIsland:01_preparations:obj_1:name,A mission objective name,Drop Off,하차
AV-42C:av42cTheIsland:01_preparations:obj_1:info,Mission objective info.,Drop the soldiers off at the east bay SAM site.,병사들을 동쪽 만의 지대공 미사일 기지에 내려 주십시오.
AV-42C:av42cTheIsland:01_preparations:obj_2:name,A mission objective name,Join Fighters,전투기와 합류
AV-42C:av42cTheIsland:01_preparations:obj_2:info,Mission objective info.,Join up with the fighter escort wing.,전투기 호위 편대와 합류하십시오.
AV-42C:av42cTheIsland:01_preparations:obj_4:name,A mission objective name,Investigate,조사
AV-42C:av42cTheIsland:01_preparations:obj_4:info,Mission objective info.,Investigate the AV-42 crash site.,AV-42 추락 지점을 조사하십시오.
AV-42C:av42cTheIsland:01_preparations:obj_5:name,A mission objective name,Pick-up Survivors,생존자 구조
AV-42C:av42cTheIsland:01_preparations:obj_5:info,Mission objective info.,Pick up the survivors from the crash site.,추락 지점에서 생존자들을 구조하십시오.
AV-42C:av42cTheIsland:01_preparations:obj_6:name,A mission objective name,Deliver Survivors,생존자 이송
AV-42C:av42cTheIsland:01_preparations:obj_6:info,Mission objective info.,Deliver the survivors to the hospital.,생존자들을 병원으로 이송하십시오.
AV-42C:av42cTheIsland:01_preparations:obj_7:name,A mission objective name,RTB,기지로 귀환
AV-42C:av42cTheIsland:01_preparations:obj_7:info,Mission objective info.,Return to and land at the airbase.,공군기지로 돌아가 착륙하십시오.
AV-42C:av42cTheIsland:01_preparations:obj_8:name,A mission objective name,Destroy Drones,드론 파괴
AV-42C:av42cTheIsland:01_preparations:obj_8:info,Mission objective info.,Allow the fighters to clear out the hostile drones.,전투기들이 적 드론을 제거하도록 하십시오.
av42cTheIsland:02_minesweeper_name,Name of a mission.,Minesweeper,기뢰 제거
av42cTheIsland:02_minesweeper_description,Description of a mission.,Destroy the drone ships laying mines on supply routes.,보급로에 기뢰를 부설하는 드론 선박을 파괴하십시오.
AV-42C:av42cTheIsland:02_minesweeper:obj_0:name,A mission objective name,Join fighters,전투기와 합류
AV-42C:av42cTheIsland:02_minesweeper:obj_0:info,Mission objective info.,Meet up with Victor1 at the waypoint.,경유지에서 Victor1과 합류하십시오.
AV-42C:av42cTheIsland:02_minesweeper:obj_1:name,A mission objective name,Fly to AO,작전 지역으로 이동
AV-42C:av42cTheIsland:02_minesweeper:obj_1:info,Mission objective info.,Lead the strike group to the area of operations.,공격 편대를 작전 지역으로 인도하십시오.
AV-42C:av42cTheIsland:02_minesweeper:obj_2:name,A mission objective name,Strike,공격
AV-42C:av42cTheIsland:02_minesweeper:obj_2:info,Mission objective info.,[Critical] Destroy the mine boats.,[중요] 기뢰정을 파괴하십시오.
AV-42C:av42cTheIsland:02_minesweeper:obj_3:name,A mission objective name,Support,지원
AV-42C:av42cTheIsland:02_minesweeper:obj_3:info,Mission objective info.,"If able, support your wingmen by destroying the carrier's weapons and drones.",가능하다면 항공모함의 무기와 드론을 파괴하여 윙맨을 지원하십시오.
AV-42C:av42cTheIsland:02_minesweeper:obj_4:name,A mission objective name,RTB,기지로 귀환
AV-42C:av42cTheIsland:02_minesweeper:obj_4:info,Mission objective info.,Return to the airbase.,공군기지로 귀환하십시오.
av42cTheIsland:03_redirection_name,Name of a mission.,Redirection,방향 전환
av42cTheIsland:03_redirection_description,Description of a mission.,Join the carrier fleet embarking on a pre-emptive naval strike.,선제 해상 타격에 나서는 항공모함 함대에 합류하십시오.
AV-42C:av42cTheIsland:03_redirection:obj_0:name,A mission objective name,Search,수색
AV-42C:av42cTheIsland:03_redirection:obj_0:info,Mission objective info.,Search for the lost pilot near the objective waypoint.,목표 경유지 근처에서 길 잃은 조종사를 수색하십시오.
AV-42C:av42cTheIsland:03_redirection:obj_1:name,A mission objective name,Join Tanker,급유기와 합류
AV-42C:av42cTheIsland:03_redirection:obj_1:info,Mission objective info.,Lead the lost pilot to the refuel tanker.,길 잃은 조종사를 공중급유기로 인도하십시오.
AV-42C:av42cTheIsland:03_redirection:obj_2:name,A mission objective name,Refuel,급유
AV-42C:av42cTheIsland:03_redirection:obj_2:info,Mission objective info.,Allow the pilot to refuel.,조종사가 급유할 수 있도록 하십시오.
AV-42C:av42cTheIsland:03_redirection:obj_3:name,A mission objective name,Join Carrier,항공모함과 합류
AV-42C:av42cTheIsland:03_redirection:obj_3:info,Mission objective info.,Lead the pilot to the aircraft carrier.,조종사를 항공모함으로 인도하십시오.
AV-42C:av42cTheIsland:03_redirection:obj_4:name,A mission objective name,Land,착륙
AV-42C:av42cTheIsland:03_redirection:obj_4:info,Mission objective info.,Land on the aircraft carrier.,항공모함에 착륙하십시오.
av42cTheIsland:04_openWater_name,Name of a mission.,Open Water,망망대해
av42cTheIsland:04_openWater_description,Description of a mission.,Meet the enemy in open water for a pre-emptive strike.,선제 타격을 위해 대양에서 적과 맞서십시오.
AV-42C:av42cTheIsland:04_openWater:obj_0:name,A mission objective name,Join Strikers,공격기와 합류
AV-42C:av42cTheIsland:04_openWater:obj_0:info,Mission objective info.,Join the striker group X-Ray1,공격 편대 X-Ray1에 합류하십시오.
AV-42C:av42cTheIsland:04_openWater:obj_1:name,A mission objective name,Defend,방어
AV-42C:av42cTheIsland:04_openWater:obj_1:info,Mission objective info.,Help defend the fleet from the incoming drones.,접근하는 드론으로부터 함대를 방어하십시오.
AV-42C:av42cTheIsland:04_openWater:obj_2:name,A mission objective name,Regroup,재집결
AV-42C:av42cTheIsland:04_openWater:obj_2:info,Mission objective info.,Join up with the fighters.,전투기와 합류하십시오.
AV-42C:av42cTheIsland:04_openWater:obj_3:name,A mission objective name,Fly to AO,작전 지역으로 이동
AV-42C:av42cTheIsland:04_openWater:obj_3:info,Mission objective info.,Vector to the enemy fleet.,적 함대를 향해 기동하십시오.
AV-42C:av42cTheIsland:04_openWater:obj_4:name,A mission objective name,Destroy Targets,목표물 파괴
AV-42C:av42cTheIsland:04_openWater:obj_4:info,Mission objective info.,"Destroy or disable all enemy weapon systems, sensors, and drones.","적의 모든 무기 체계, 센서, 드론을 파괴하거나 무력화하십시오."
AV-42C:av42cTheIsland:04_openWater:obj_5:name,A mission objective name,RTB,기지로 귀환
AV-42C:av42cTheIsland:04_openWater:obj_5:info,Mission objective info.,Return to the fleet and land.,함대로 돌아가 착륙하십시오.
av42cTheIsland:05_silentIsland_name,Name of a mission.,Silent Island,침묵의 섬
av42cTheIsland:05_silentIsland_description,Description of a mission.,Return to the island to investigate why communications have gone silent.,섬으로 돌아가 통신이 두절된 이유를 조사하십시오.
AV-42C:av42cTheIsland:05_silentIsland:obj_0:name,A mission objective name,Join Tanker,급유기와 합류
AV-42C:av42cTheIsland:05_silentIsland:obj_0:info,Mission objective info.,Take off and fly to the aerial fuel tanker.,이륙하여 공중급유기로 비행하십시오.
AV-42C:av42cTheIsland:05_silentIsland:obj_1:name,A mission objective name,Refuel 1,급유 1
AV-42C:av42cTheIsland:05_silentIsland:obj_1:info,Mission objective info.,Allow your Romeo1-1 to refuel.,Romeo1-1이 급유할 수 있도록 하십시오.
AV-42C:av42cTheIsland:05_silentIsland:obj_2:name,A mission objective name,Refuel 2,급유 2
AV-42C:av42cTheIsland:05_silentIsland:obj_2:info,Mission objective info.,Allow Romeo1-2 to refuel. Then you may refuel yourself if necessary.,Romeo1-2가 급유하도록 하십시오. 그 후 필요하면 직접 급유해도 됩니다.
AV-42C:av42cTheIsland:05_silentIsland:obj_3:name,A mission objective name,Investigate,조사
AV-42C:av42cTheIsland:05_silentIsland:obj_3:info,Mission objective info.,Investigate the island.,섬을 조사하십시오.
AV-42C:av42cTheIsland:05_silentIsland:obj_4:name,A mission objective name,Retreat,철수
AV-42C:av42cTheIsland:05_silentIsland:obj_4:info,Mission objective info.,Avoid the enemy fleet. Return to the waypoint and await orders.,적 함대를 피하십시오. 경유지로 돌아가 명령을 대기하십시오.
AV-42C:av42cTheIsland:05_silentIsland:obj_5:name,A mission objective name,CAS,근접 항공 지원
AV-42C:av42cTheIsland:05_silentIsland:obj_5:info,Mission objective info.,Destroy the armored units moving toward our allied infantry.,아군 보병을 향해 이동하는 기갑 부대를 파괴하십시오.
AV-42C:av42cTheIsland:05_silentIsland:obj_6:name,A mission objective name,Exfil,탈출
AV-42C:av42cTheIsland:05_silentIsland:obj_6:info,Mission objective info.,Pick up Bravo squad.,Bravo 분대를 태우십시오.
AV-42C:av42cTheIsland:05_silentIsland:obj_7:name,A mission objective name,RTB,기지로 귀환
AV-42C:av42cTheIsland:05_silentIsland:obj_7:info,Mission objective info.,Return to the aircraft carrier.,항공모함으로 돌아가십시오.
av42cTheIsland:06_darkness_name,Name of a mission.,Darkness,어둠
av42cTheIsland:06_darkness_description,Description of a mission.,Begin a counterattack under the cover of darkness.,어둠을 틈타 반격을 시작하십시오.
AV-42C:av42cTheIsland:06_darkness:obj_0:name,A mission objective name,Begin,시작
AV-42C:av42cTheIsland:06_darkness:obj_0:info,Mission objective info.,Take off and prepare for your anti-ship strike.,이륙하고 대함 공격을 준비하십시오.
AV-42C:av42cTheIsland:06_darkness:obj_1:name,A mission objective name,ASM Strike,대함 미사일 공격
AV-42C:av42cTheIsland:06_darkness:obj_1:info,Mission objective info.,Destroy the long range missile cruiser.,장거리 미사일 순양함을 파괴하십시오.
AV-42C:av42cTheIsland:06_darkness:obj_2:name,A mission objective name,RTB,기지로 귀환
AV-42C:av42cTheIsland:06_darkness:obj_2:info,Mission objective info.,Return to the aircraft carrier.,항공모함으로 돌아가십시오.
av42cTheIsland:07_islandDefense_name,Name of a mission.,Island Defense,섬 방어
av42cTheIsland:07_islandDefense_description,Description of a mission.,Begin to take back the island and eliminate the enemy fleet off the northern coast.,섬 탈환을 시작하고 북쪽 해안의 적 함대를 제거하십시오.
AV-42C:av42cTheIsland:07_islandDefense:obj_6:name,A mission objective name,AntiShip 2,대함 2
AV-42C:av42cTheIsland:07_islandDefense:obj_6:info,Mission objective info.,Destroy the incoming enemy carrier fleet.,접근 중인 적 항공모함 함대를 파괴하십시오.
AV-42C:av42cTheIsland:07_islandDefense:obj_4:name,A mission objective name,AntiShip,대함
AV-42C:av42cTheIsland:07_islandDefense:obj_4:info,Mission objective info.,Destroy the remaining enemy fleet.,남은 적 함대를 파괴하십시오.
AV-42C:av42cTheIsland:07_islandDefense:obj_3:name,A mission objective name,Airbase,공군기지
AV-42C:av42cTheIsland:07_islandDefense:obj_3:info,Mission objective info.,Clear out the enemy units at the airbase.,공군기지의 적 유닛을 소탕하십시오.
AV-42C:av42cTheIsland:07_islandDefense:obj_7:name,A mission objective name,SEAD,방공망 제압
AV-42C:av42cTheIsland:07_islandDefense:obj_7:info,Mission objective info.,Destroy the enemy SAM site to allow reinforcements to take off.,증원 병력이 이륙할 수 있도록 적 지대공 미사일 기지를 파괴하십시오.
AV-42C:av42cTheIsland:07_islandDefense:obj_8:name,A mission objective name,Launch,출격
AV-42C:av42cTheIsland:07_islandDefense:obj_8:info,Mission objective info.,,
AV-42C:av42cTheIsland:07_islandDefense:obj_9:name,A mission objective name,Regroup,재집결
AV-42C:av42cTheIsland:07_islandDefense:obj_9:info,Mission objective info.,"Rearm if necessary, then regroup with Victor 1.",필요하면 재무장한 뒤 Victor 1과 재집결하십시오.
AV-42C:av42cTheIsland:07_islandDefense:obj_10:name,A mission objective name,RTB,기지로 귀환
AV-42C:av42cTheIsland:07_islandDefense:obj_10:info,Mission objective info.,Land at the airbase.,공군기지에 착륙하십시오.
AV-42C:av42cTheIsland:07_islandDefense:obj_11:name,A mission objective name,Drone Boats,드론 보트
AV-42C:av42cTheIsland:07_islandDefense:obj_11:info,Mission objective info.,Destroy the rocket-equipped drone boats threatening the carrier.,항공모함을 위협하는 로켓 장착 드론 보트를 파괴하십시오.
AV-42C:av42cTheIsland:07_islandDefense:obj_12:name,A mission objective name,Destroy Ship Defense,함선 방어망 파괴
AV-42C:av42cTheIsland:07_islandDefense:obj_12:info,Mission objective info.,Destroy the carrier group's radars and air defenses so bombers can come to help.,폭격기가 지원하러 올 수 있도록 항공모함 전단의 레이더와 방공망을 파괴하십시오.
av42cTheIsland_01_preparations_b0,Text from a mission briefing.,"Negotiations for peace have failed.  We believe the enemy will strike here first, as a stepping stone to the mainland.

We have begun preparing coastal air defenses.","평화 협상이 결렬되었습니다. 적은 본토로 가는 발판으로 삼기 위해 이곳을 먼저 공격할 것으로 보입니다.

우리는 해안 방공망 구축을 시작했습니다."
av42cTheIsland_01_preparations_b1,Text from a mission briefing.,"As an AV-42C pilot, you will deliver personnel to the defense sites.

Other pilots and soldiers will be arriving by air from the mainland soon.","AV-42C 조종사인 당신은 방어 진지로 병력을 수송하게 됩니다.

다른 조종사와 병사들도 곧 본토에서 항공편으로 도착할 예정입니다."
av42cTheIsland_02_minesweeper_b0,Text from a mission briefing.,"As we continue to prepare our defenses against the invasive enemy forces, we need to secure supply routes from the mainland to the island.","침공해 오는 적에 맞서 방어를 준비하는 한편, 본토에서 섬으로 이어지는 보급로를 확보해야 합니다."
av42cTheIsland_02_minesweeper_b1,Text from a mission briefing.,The troops you recovered from the crash site reported that they spotted what seemed to be unmanned vessels deploying sea mines near the south east supply route.,추락 지점에서 구조된 병력이 남동쪽 보급로 부근에서 기뢰를 부설하는 것으로 보이는 무인 선박을 발견했다고 보고했습니다.
av42cTheIsland_02_minesweeper_b2,Text from a mission briefing.,"You will lead a strike group with the order of destroying all hostile targets in the designated area.  

Prepare your aircraft appropriately.","당신은 지정 구역의 모든 적 목표물을 파괴하라는 명령을 받고 공격 편대를 이끌게 됩니다.

그에 맞게 기체 무장을 준비하십시오."
av42cTheIsland_03_redirection_b0,Text from a mission briefing.,Our engineers were able to salvage the navigation computers from the drone ships and used them to determine the location of the main naval fleet of the enemy.,"우리 기술진이 드론 선박에서 항법 컴퓨터를 회수했고, 이를 통해 적 주력 함대의 위치를 알아냈습니다."
av42cTheIsland_03_redirection_b1,Text from a mission briefing.,"We have tasked an aircraft carrier fleet to intercept before they get too close to the island.  In order to maximize their force, you and other pilots are ordered to join the fleet.",적이 섬에 너무 가까이 접근하기 전에 요격하도록 항공모함 함대에 임무를 부여했습니다.  전력을 극대화하기 위해 당신과 다른 조종사들은 함대에 합류하라는 명령을 받았습니다.
av42cTheIsland_03_redirection_b2,Text from a mission briefing.,"A pilot belonging to the carrier was out on combat air patrol when his navigation systems experienced a failure.  The pilot is lost and low on fuel, so you must quickly find him and lead him to the fuel tanker on the way to the carrier.","항공모함 소속의 한 조종사가 전투 초계 비행 중 항법 장치 고장을 겪었습니다.  조종사는 길을 잃었고 연료도 부족하니, 서둘러 그를 찾아 항공모함으로 가는 길에 있는 공중급유기로 인도해야 합니다."
av42cTheIsland_04_openWater_b0,Text from a mission briefing.,"We have intercepted the enemy fleet sooner than we expected to. They have already deployed aerial drones which are heading towards our fleet. All units are to scramble to defend the fleet, as well as quickly launch a counter-attack.",예상보다 빨리 적 함대와 조우했습니다. 적은 이미 우리 함대를 향해 공중 드론을 출격시켰습니다. 전 병력은 함대 방어를 위해 긴급 출격하는 동시에 신속히 반격을 개시해야 합니다.
av42cTheIsland_04_openWater_b1,Text from a mission briefing.,"The enemy force is numerous and includes small drone boats, missile cruisers, and drone carriers. This is going to get messy.

Good luck.","적 전력은 수가 많으며 소형 드론 보트, 미사일 순양함, 드론 항공모함을 포함합니다.

행운을 빕니다."
av42cTheIsland_05_silentIsland_b0,Text from a mission briefing.,"We received an encrypted message from the island airbase which suggested that a large presence was detected coming in from the north.

After that, all communications went silent.","섬 공군기지로부터 북쪽에서 대규모 세력이 접근 중이라는 암호화된 메시지를 받았습니다.

그 후 모든 통신이 두절되었습니다."
av42cTheIsland_05_silentIsland_b1,Text from a mission briefing.,"The captain is worried that the enemy fleet we just attacked was just a diversion, and a larger enemy fleet somehow sailed to the island undetected.

We are returning to the island to investigate the radio silence.","함장은 우리가 방금 공격한 적 함대가 양동 작전에 불과했고, 더 큰 적 함대가 탐지되지 않은 채 섬으로 항해했을 것을 우려하고 있습니다.

통신 두절의 원인을 조사하기 위해 섬으로 돌아갑니다."
av42cTheIsland_05_silentIsland_b2,Text from a mission briefing.,"We are conserving on-board jet fuel in anticipation of responding to the potential threat, so the fighter escorts will need to refuel in the air.

Once everyone is topped off, scout the island and report back.  Good luck.","잠재적 위협에 대응하기 위해 함내 항공유를 아끼고 있으므로, 전투기 호위대는 공중에서 급유해야 합니다.

모두 급유를 마치면 섬을 정찰하고 보고하십시오.  행운을 빕니다."
av42cTheIsland_06_darkness_b0,Text from a mission briefing.,"On the scouting sortie, a large enemy fleet was detected north of the island.  The enemy has also begun landing ground units on the island.

Before we can begin to move in and take back the island, we need to eliminate the threat posed by the enemy long range missile cruiser.","정찰 출격에서 섬 북쪽의 대규모 적 함대가 탐지되었습니다.  적은 섬에 지상 부대 상륙도 시작했습니다.

진입하여 섬을 되찾기에 앞서, 적 장거리 미사일 순양함의 위협부터 제거해야 합니다."
av42cTheIsland_06_darkness_b1,Text from a mission briefing.,"The cruiser has an array of launch tubes which we believe are capable of deploying two-stage surface-to-air and anti-ship missiles.  It also has a vertical launching system defense cannons, so it may not be effective to use conventional bombs or air-to-ground missiles.",이 순양함에는 2단 지대공 및 대함 미사일을 발사할 수 있는 것으로 보이는 발사관들이 있습니다.  또한 수직 발사 시스템과 방어 기관포를 갖추고 있어 재래식 폭탄이나 공대지 미사일은 효과적이지 않을 수 있습니다.
av42cTheIsland_06_darkness_b2,Text from a mission briefing.,"In order to take out the threat, we are authorizing the use of the AGM-89 anti-ship cruise missile.  It has advanced features such as waypoint navigation, radar target acquisition, and a large payload.  Use it wisely and destroy the high priority target.","위협을 제거하기 위해 AGM-89 대함 순항 미사일 사용을 승인합니다.  경유지 항법, 레이더 목표 포착, 대형 탄두 등 첨단 기능을 갖추고 있습니다.  현명하게 사용하여 최우선 목표를 파괴하십시오."
av42cTheIsland_06_darkness_b3,Text from a mission briefing.,"The mission launches at midnight. You will be escorted by a small wing of fighters to defend you from airborne threats.

The enemy has likely deployed more self-propelled SAM units to the island, so keep an eye out for missile launches and radar locks.

Good luck.","임무는 자정에 개시됩니다. 공중 위협으로부터 당신을 보호하기 위해 소규모 전투기 편대가 호위할 것입니다.

적이 섬에 자주식 지대공 미사일을 추가 배치했을 가능성이 높으니, 미사일 발사와 레이더 록온에 주의하십시오.

행운을 빕니다."
av42cTheIsland_07_islandDefense_b0,Text from a mission briefing.,"With the destruction of the enemy fleet's most powerful ship, we can begin an effort to take back the island.

Through the night, the enemy has continued to deploy troops and set up defenses around the island.","적 함대의 가장 강력한 함선이 파괴되었으니, 이제 섬 탈환 작전을 시작할 수 있습니다.

밤사이 적은 계속해서 병력을 배치하고 섬 주변에 방어선을 구축했습니다."
av42cTheIsland_07_islandDefense_b1,Text from a mission briefing.,"The first order is to clear out enemy units from the island airbase. Air defenses have been set up, so be prepared to use the surrounding hills for cover.

Once the airbase has been cleared, we can use it for refueling and rearming.","첫 번째 임무는 섬 공군기지에서 적 유닛을 소탕하는 것입니다. 방공망이 구축되어 있으니 주변 언덕을 엄폐물로 활용할 준비를 하십시오.

공군기지를 확보하면 급유와 재무장에 사용할 수 있습니다."
av42cTheIsland_07_islandDefense_b2,Text from a mission briefing.,"Once that is out of the way, we must eliminate the rest of the enemy fleet parked off the norther coast.

An allied carrier fleet is arriving from the east to support us, but are unable to launch aircraft due to enemy air defenses in the eastern city.","그 일이 끝나면 북쪽 해안에 정박한 나머지 적 함대를 제거해야 합니다.

아군 항공모함 함대가 우리를 지원하기 위해 동쪽에서 접근 중이지만, 동쪽 도시의 적 방공망 때문에 항공기를 출격시키지 못하고 있습니다."
av42cTheIsland_07_islandDefense_b3,Text from a mission briefing.,"Destroy the eastern air defenses to allow the allied pilots to take off, then make a combined effort to destroy the enemy fleet.

The allied fleet will also move into firing range to support with anti-ship missiles.","아군 조종사들이 이륙할 수 있도록 동쪽 방공망을 파괴한 뒤, 힘을 합쳐 적 함대를 격멸하십시오.

아군 함대도 대함 미사일 지원을 위해 사거리 안으로 이동할 것입니다."
campaign_av42cQuickFlight_name,Name of a campaign.,Quick Flight,빠른 비행
campaign_av42cQuickFlight_description,Description of a campaign.,Quick flights and practice scenarios for the AV-42C.,AV-42C를 위한 빠른 비행 및 연습 시나리오입니다.
av42cQuickFlight:42c_freeFlight2_name,Name of a mission.,Free Flight 2,자유 비행 2
av42cQuickFlight:42c_freeFlight2_description,Description of a mission.,Free flight on a custom map.,커스텀 맵에서의 자유 비행입니다.
av42cQuickFlight:aerialRefuelPractice_name,Name of a mission.,Aerial Refueling Practice,공중 급유 연습
av42cQuickFlight:aerialRefuelPractice_description,Description of a mission.,Practice refueling in the air. Remember to lower your starting fuel.,공중 급유를 연습하십시오. 시작 연료를 낮게 설정하는 것을 잊지 마십시오.
AV-42C:av42cQuickFlight:aerialRefuelPractice:obj_0:name,A mission objective name,Refuel,급유
AV-42C:av42cQuickFlight:aerialRefuelPractice:obj_0:info,Mission objective info.,Refuel in the air.,공중에서 급유하십시오.
av42cQuickFlight:carrierLanding_name,Name of a mission.,Naval Landing Practice,함상 착륙 연습
av42cQuickFlight:carrierLanding_description,Description of a mission.,Practice landing on the carrier or one of the cruisers.,항공모함이나 순양함에 착륙하는 연습을 하십시오.
AV-42C:av42cQuickFlight:carrierLanding:obj_0:name,A mission objective name,Land,착륙
AV-42C:av42cQuickFlight:carrierLanding:obj_0:info,Mission objective info.,Land on the carrier or one of the cruisers.,항공모함이나 순양함 중 한 곳에 착륙하십시오.
av42cQuickFlight:freeFlight_name,Name of a mission.,Free Flight,자유 비행
av42cQuickFlight:freeFlight_description,Description of a mission.,No objectives or hostiles.  Just fly around and have fun!,목표도 적도 없습니다. 그냥 자유롭게 날아다니며 즐기십시오!
AV-42C:av42cQuickFlight:freeFlight:obj_0:name,A mission objective name,Free Flight,자유 비행
AV-42C:av42cQuickFlight:freeFlight:obj_0:info,Mission objective info.,"This is a free flight, however, landing on the carrier will complete the mission",자유 비행이지만 항공모함에 착륙하면 임무가 완료됩니다.
av42cQuickFlight:targetPractice_name,Name of a mission.,Target Practice,표적 연습
av42cQuickFlight:targetPractice_description,Description of a mission.,Practice using different weapons on multiple groups of non-hostile targets.,비적대적 표적 여러 무리를 상대로 다양한 무기 사용을 연습하십시오.
AV-42C:av42cQuickFlight:targetPractice:obj_0:name,A mission objective name,Destroy Artillery,포병 파괴
AV-42C:av42cQuickFlight:targetPractice:obj_0:info,Mission objective info.,Destroy the artillery on the edge of the south-eastern city.,남동쪽 도시 외곽에 있는 포병을 파괴하십시오.
AV-42C:av42cQuickFlight:targetPractice:obj_1:name,A mission objective name,Destroy Infantry,보병 파괴
AV-42C:av42cQuickFlight:targetPractice:obj_1:info,Mission objective info.,Eliminate the enemy infantry squad patrolling near the hospital,병원 근처를 순찰하는 적 보병 분대를 제거하십시오.
AV-42C:av42cQuickFlight:targetPractice:obj_2:name,A mission objective name,Destroy Convoy,호송대 파괴
AV-42C:av42cQuickFlight:targetPractice:obj_2:info,Mission objective info.,Destroy the armored convoy moving west from the eastern city.,동쪽 도시에서 서쪽으로 이동하는 기갑 호송대를 파괴하십시오.
AV-42C:av42cQuickFlight:targetPractice:obj_3:name,A mission objective name,Destroy Air Defense,방공망 파괴
AV-42C:av42cQuickFlight:targetPractice:obj_3:info,Mission objective info.,Destroy the air defense network on the mountain peak.,산 정상의 방공망을 파괴하십시오.
AV-42C:av42cQuickFlight:targetPractice:obj_4:name,A mission objective name,Kill Enemy Strikers,적 공격기 격추
AV-42C:av42cQuickFlight:targetPractice:obj_4:info,Mission objective info.,Destroy the wing of enemy attack aircraft.,적 공격기 편대를 파괴하십시오.
AV-42C:av42cQuickFlight:targetPractice:obj_5:name,A mission objective name,RTB,기지로 귀환
AV-42C:av42cQuickFlight:targetPractice:obj_5:info,Mission objective info.,Land at the airbase.,공군기지에 착륙하십시오.
av42cQuickFlight_42c_freeFlight2_b0,Text from a mission briefing.,Just fly around and have fun!,그냥 자유롭게 날아다니며 즐기십시오!
av42cQuickFlight_42c_freeFlight2_b1,Text from a mission briefing.,A tanker is available for A2A refuelling.,공중 급유를 위한 급유기를 이용할 수 있습니다.
av42cQuickFlight_42c_freeFlight2_b2,Text from a mission briefing.,Try landing on one of the ships!,함선 중 하나에 착륙해 보십시오!
av42cQuickFlight_aerialRefuelPractice_b0,Text from a mission briefing.,"Practice refueling in the air. Remember to lower your starting fuel, or else the tanker won't bother lowering the boom.",공중 급유를 연습하십시오. 시작 연료를 낮게 설정해야 합니다. 연료가 충분하면 급유기가 급유 붐을 내리지 않습니다.
av42cQuickFlight_carrierLanding_b0,Text from a mission briefing.,"Practice landing on the ships.  For the carrier, you can land vertically or with the arrestor cables.

The carrier will be moving from east to west.  Use the NAV screen on the MFD to aid you in your approach.","함선에 착륙하는 연습을 하십시오.  항공모함에는 수직으로 착륙하거나 착함 제동 케이블을 이용해 착륙할 수 있습니다.

항공모함은 동쪽에서 서쪽으로 이동합니다.  MFD의 NAV 화면을 활용하면 접근에 도움이 됩니다."
av42cQuickFlight_freeFlight_b0,Text from a mission briefing.,"There are no objectives. Just fly around and have fun!

There is an aircraft carrier at sea and an aerial refueling tanker in the sky.","목표가 없습니다. 그냥 자유롭게 날아다니며 즐기십시오!

바다에는 항공모함이, 하늘에는 공중급유기가 있습니다."
av42cQuickFlight_targetPractice_b0,Text from a mission briefing.,"There are multiple groups of surface and air targets for you to practice on.

Check the waypoints and information in the Objectives MFD page.","연습할 수 있는 지상 및 공중 표적이 여러 무리 있습니다.

목표 MFD 페이지에서 경유지와 정보를 확인하십시오."
campaign_fa26bFreeFlight_name,Name of a campaign.,Quick Flight,빠른 비행
campaign_fa26bFreeFlight_description,Description of a campaign.,Simple scenarios for the F/A-26B.,F/A-26B를 위한 간단한 시나리오입니다.
fa26bFreeFlight:26b_targetPractice2_name,Name of a mission.,Target Practice,표적 연습
fa26bFreeFlight:26b_targetPractice2_description,Description of a mission.,Several ground and air targets to practice deploying your weapons on. Targets will not shoot back.,무기 사용을 연습할 수 있는 여러 지상 및 공중 표적이 있습니다. 표적은 반격하지 않습니다.
F/A-26B:fa26bFreeFlight:26b_targetPractice2:obj_0:name,A mission objective name,Moving Targets,이동 표적
F/A-26B:fa26bFreeFlight:26b_targetPractice2:obj_0:info,Mission objective info.,Destroy the column of vehicles crossing the bridge.,다리를 건너는 차량 대열을 파괴하십시오.
F/A-26B:fa26bFreeFlight:26b_targetPractice2:obj_1:name,A mission objective name,Artillery Targets,포병 표적
F/A-26B:fa26bFreeFlight:26b_targetPractice2:obj_1:info,Mission objective info.,Destroy the artillery targets.,포병 표적을 파괴하십시오.
F/A-26B:fa26bFreeFlight:26b_targetPractice2:obj_2:name,A mission objective name,Bomber Group,폭격기 편대
F/A-26B:fa26bFreeFlight:26b_targetPractice2:obj_2:info,Mission objective info.,Destroy the bomber and its escorts flying at high altitude.,고고도로 비행하는 폭격기와 호위기를 파괴하십시오.
F/A-26B:fa26bFreeFlight:26b_targetPractice2:obj_3:name,A mission objective name,Radar Network,레이더망
F/A-26B:fa26bFreeFlight:26b_targetPractice2:obj_3:info,Mission objective info.,Destroy the radar network around the central mountains.,중앙 산악 지대 주변의 레이더망을 파괴하십시오.
F/A-26B:fa26bFreeFlight:26b_targetPractice2:obj_4:name,A mission objective name,Attack Jets,공격기
F/A-26B:fa26bFreeFlight:26b_targetPractice2:obj_4:info,Mission objective info.,Destroy the vertical take-off attack jets coming from the FARP.,전방 기지(FARP)에서 출격하는 수직 이륙 공격기를 파괴하십시오.
F/A-26B:fa26bFreeFlight:26b_targetPractice2:obj_5:name,A mission objective name,RTB,기지로 귀환
F/A-26B:fa26bFreeFlight:26b_targetPractice2:obj_5:info,Mission objective info.,Land at any of the airbases or aircraft carrier.,아무 공군기지나 항공모함에 착륙하십시오.
fa26bFreeFlight:2v2dogfight_name,Name of a mission.,2v2 Air Combat,2v2 공중전
fa26bFreeFlight:2v2dogfight_description,Description of a mission.,Take on two enemy fighters with your wingman.,윙맨과 함께 적 전투기 2기를 상대하십시오.
F/A-26B:fa26bFreeFlight:2v2dogfight:obj_0:name,A mission objective name,CAP,전투 초계
F/A-26B:fa26bFreeFlight:2v2dogfight:obj_0:info,Mission objective info.,Destroy the two enemy fighters.,적 전투기 2기를 파괴하십시오.
F/A-26B:fa26bFreeFlight:2v2dogfight:obj_1:name,A mission objective name,Surprise,기습
F/A-26B:fa26bFreeFlight:2v2dogfight:obj_1:info,Mission objective info.,Surprise! More fighters to kill. Where will they come from?,기습입니다! 처치할 전투기가 더 나타났습니다. 어디서 나타날까요?
F/A-26B:fa26bFreeFlight:2v2dogfight:obj_2:name,A mission objective name,Land,착륙
F/A-26B:fa26bFreeFlight:2v2dogfight:obj_2:info,Mission objective info.,Land at the airbase.,공군기지에 착륙하십시오.
fa26bFreeFlight:carrierLandingPractice_name,Name of a mission.,Carrier Landing Practice,항공모함 착함 연습
fa26bFreeFlight:carrierLandingPractice_description,Description of a mission.,Practice landing on the aircraft carrier.,항공모함에 착륙하는 연습을 하십시오.
F/A-26B:fa26bFreeFlight:carrierLandingPractice:obj_0:name,A mission objective name,Land,착륙
F/A-26B:fa26bFreeFlight:carrierLandingPractice:obj_0:info,Mission objective info.,Land on the carrier.,항공모함에 착륙하십시오.
fa26bFreeFlight:FA26Difficult_name,Name of a mission.,Difficult Mission,고난도 임무
fa26bFreeFlight:FA26Difficult_description,Description of a mission.,"A variety of hostile targets to destroy.  Practice using the aircraft as a fighter, a striker, or a mix of both.","파괴할 다양한 적 표적이 있습니다. 항공기를 전투기, 공격기 또는 두 역할 모두로 운용하는 연습을 하십시오."
F/A-26B:fa26bFreeFlight:FA26Difficult:obj_0:name,A mission objective name,Destroy Radars 1,레이더 파괴 1
F/A-26B:fa26bFreeFlight:FA26Difficult:obj_0:info,Mission objective info.,Destroy the enemy fire control radars around south city.,남쪽 도시 주변의 적 사격 통제 레이더를 파괴하십시오.
F/A-26B:fa26bFreeFlight:FA26Difficult:obj_1:name,A mission objective name,Destroy Ships,함선 파괴
F/A-26B:fa26bFreeFlight:FA26Difficult:obj_1:info,Mission objective info.,Destroy the naval group to the east.,동쪽의 함대를 파괴하십시오.
F/A-26B:fa26bFreeFlight:FA26Difficult:obj_2:name,A mission objective name,CAP,전투 초계
F/A-26B:fa26bFreeFlight:FA26Difficult:obj_2:info,Mission objective info.,Search for and destroy enemy fighters.,적 전투기를 수색하여 파괴하십시오.
F/A-26B:fa26bFreeFlight:FA26Difficult:obj_3:name,A mission objective name,RTB,기지로 귀환
F/A-26B:fa26bFreeFlight:FA26Difficult:obj_3:info,Mission objective info.,Return to the carrier.,항공모함으로 귀환하십시오.
fa26bFreeFlight:fa26Refuel_name,Name of a mission.,FA-26 Aerial Refuel Practice,FA-26 공중 급유 연습
fa26bFreeFlight:fa26Refuel_description,Description of a mission.,Practice aerial refuelling.,공중 급유를 연습하십시오.
F/A-26B:fa26bFreeFlight:fa26Refuel:obj_0:name,A mission objective name,Refuel,급유
F/A-26B:fa26bFreeFlight:fa26Refuel:obj_0:info,Mission objective info.,Refuel without landing. Fuel must be below 95% for the tanker to serve.,착륙하지 않고 급유하십시오. 연료가 95% 미만이어야 급유기가 급유해 줍니다.
fa26bFreeFlight:Free Flight_name,Name of a mission.,Free Flight,자유 비행
fa26bFreeFlight:Free Flight_description,Description of a mission.,No enemies or objectives.  Just fly around and have fun!,적도 목표도 없습니다. 그냥 자유롭게 날아다니며 즐기십시오!
fa26bFreeFlight:freeFlight2_name,Name of a mission.,Free Flight 2,자유 비행 2
fa26bFreeFlight:freeFlight2_description,Description of a mission.,Free flight in the twin-city bay map. No enemies or objectives.,트윈 시티 베이 맵에서의 자유 비행입니다. 적이나 목표가 없습니다.
fa26bFreeFlight_26b_targetPractice2_b0,Text from a mission briefing.,"Various air and land targets are scattered around the area. Practice using your sensors and weapons to find and destroy the targets without worrying about them shooting back.

Several airbases and a carrier are available for you to use for rearming and refuelling if necessary.","다양한 공중 및 지상 표적이 지역 곳곳에 흩어져 있습니다. 반격 걱정 없이 센서와 무기로 표적을 찾아 파괴하는 연습을 하십시오.

필요하면 재무장과 급유에 사용할 수 있는 여러 공군기지와 항공모함이 있습니다."
fa26bFreeFlight_2v2dogfight_b0,Text from a mission briefing.,"In this scenario, you will start in the air with a wingman.  Fly towards the island and take out the two enemy fighters.",이 시나리오에서는 윙맨과 함께 공중에서 시작합니다.  섬을 향해 비행하여 적 전투기 2기를 격추하십시오.
fa26bFreeFlight_carrierLandingPractice_b0,Text from a mission briefing.,"You will start in the air near the carrier.  Find it, then circle around for a landing approach.",항공모함 근처 공중에서 시작합니다.  항공모함을 찾은 뒤 선회하여 착륙 접근을 하십시오.
fa26bFreeFlight_FA26Difficult_b0,Text from a mission briefing.,"Several enemy air, land, and naval units are scattered around the island.
Complete each of the mission objectives and return to the carrier.","여러 적 공중, 지상, 해상 유닛이 섬 주변에 흩어져 있습니다.
각 임무 목표를 완료하고 항공모함으로 귀환하십시오."
fa26bFreeFlight_FA26Difficult_b1,Text from a mission briefing.,You may need to return to the carrier to refuel and rearm during the mission.,임무 중에 급유와 재무장을 위해 항공모함으로 돌아가야 할 수도 있습니다.
fa26bFreeFlight_fa26Refuel_b0,Text from a mission briefing.,"Practice aerial refueling with the F/A-26B.  Make sure to start off with a partially empty fuel tank.  Otherwise, the tanker will not lower to fuel boom.",F/A-26B로 공중 급유를 연습하십시오.  연료 탱크를 일부 비운 상태로 시작해야 합니다.  그렇지 않으면 급유기가 급유 붐을 내리지 않습니다.
fa26bFreeFlight_freeFlight2_b0,Text from a mission briefing.,Just fly around and have fun!,그냥 자유롭게 날아다니며 즐기십시오!
campaign_j4Campaign_name,Name of a campaign.,45477,7월 4일
campaign_j4Campaign_description,Description of a campaign.,Enter description...,설명을 입력하세요...
j4Campaign:j4_name,Name of a mission.,July 4th,7월 4일
j4Campaign:j4_description,Description of a mission.,Happy Independence day!,즐거운 독립기념일!
F/A-26B:j4Campaign:j4:obj_0:name,A mission objective name,45477,7월 4일
F/A-26B:j4Campaign:j4:obj_0:info,Mission objective info.,Defend the city from the enemy attack.,적의 공격으로부터 도시를 방어하십시오.
j4Campaign_j4_b0,Text from a mission briefing.,Happy Independence day!,즐거운 독립기념일!
j4Campaign_j4_b1,Text from a mission briefing.,"An unidentified flying object has been detected over the island.  It appears to be giving off the same signals as those recorded near the recent attacks on mainland cities, so we're assuming hostility.  Find it and destroy it at all cost.",섬 상공에서 미확인 비행 물체가 탐지되었습니다.  최근 본토 도시 공격 당시 기록된 것과 같은 신호를 내보내고 있어 적성체로 간주합니다.  무슨 수를 써서라도 찾아내 파괴하십시오.
campaign_fa26-opDesertCobra_name,Name of a campaign.,Operation: Desert Cobra,작전명: 사막 코브라
campaign_fa26-opDesertCobra_description,Description of a campaign.,A short campaign for the F/A-26B based around mountainous desert regions. ,산악 사막 지대를 배경으로 한 F/A-26B의 짧은 캠페인입니다.
fa26-opDesertCobra:mission1_name,Name of a mission.,Base Defense,기지 방어
fa26-opDesertCobra:mission1_description,Description of a mission.,Defend the airbase supply depots from the incoming enemy attack.,접근하는 적의 공격으로부터 공군기지 보급 창고를 방어하십시오.
F/A-26B:fa26-opDesertCobra:mission1:obj_0:name,A mission objective name,Defend Base,기지 방어
F/A-26B:fa26-opDesertCobra:mission1:obj_0:info,Mission objective info.,Prevent the enemy from destroying all of the storage depots.,적이 보급 창고를 모두 파괴하지 못하게 막으십시오.
F/A-26B:fa26-opDesertCobra:mission1:obj_1:name,A mission objective name,Destroy Bombers,폭격기 파괴
F/A-26B:fa26-opDesertCobra:mission1:obj_1:info,Mission objective info.,Destroy bomber (HB-106) and 2 escorts (ASF-30) before they destroy the depots.,폭격기(HB-106)와 호위기(ASF-30) 2기가 창고를 파괴하기 전에 격추하십시오.
F/A-26B:fa26-opDesertCobra:mission1:obj_2:name,A mission objective name,Destroy Strikers,공격기 파괴
F/A-26B:fa26-opDesertCobra:mission1:obj_2:info,Mission objective info.,"Destroy 3 strikers (GAV-25), 2 escorts (ASF-30) before they destroy the depots.",공격기(GAV-25) 3기와 호위기(ASF-30) 2기가 창고를 파괴하기 전에 격추하십시오.
F/A-26B:fa26-opDesertCobra:mission1:obj_3:name,A mission objective name,Destroy Artillery,포병 파괴
F/A-26B:fa26-opDesertCobra:mission1:obj_3:info,Mission objective info.,Destroy the artillery unit before it does more damage to the depots.,포병이 창고에 더 큰 피해를 입히기 전에 파괴하십시오.
F/A-26B:fa26-opDesertCobra:mission1:obj_4:name,A mission objective name,RTB,기지로 귀환
F/A-26B:fa26-opDesertCobra:mission1:obj_4:info,Mission objective info.,Mission complete!  Land back at the airbase.,임무 완료! 공군기지에 다시 착륙하십시오.
F/A-26B:fa26-opDesertCobra:mission1:obj_5:name,A mission objective name,[Opt] Defend AWACs,[선택] AWACS 방어
F/A-26B:fa26-opDesertCobra:mission1:obj_5:info,Mission objective info.,Destroy the 2 fighters (ASF-58) before they can take down our AWACs.,적 전투기(ASF-58) 2기가 아군 AWACS를 격추하기 전에 파괴하십시오.
fa26-opDesertCobra:mission2_name,Name of a mission.,Retalliation,보복
fa26-opDesertCobra:mission2_description,Description of a mission.,Turn the tables and attack the enemy airbases' supplies.,전세를 뒤집어 적 공군기지의 보급품을 공격하십시오.
F/A-26B:fa26-opDesertCobra:mission2:obj_7:name,A mission objective name,Destroy Depots North,북쪽 창고 파괴
F/A-26B:fa26-opDesertCobra:mission2:obj_7:info,Mission objective info.,Destroy the enemy depots at the northern airbase.,북쪽 공군기지의 적 보급 창고를 파괴하십시오.
F/A-26B:fa26-opDesertCobra:mission2:obj_4:name,A mission objective name,RTB,기지로 귀환
F/A-26B:fa26-opDesertCobra:mission2:obj_4:info,Mission objective info.,Mission complete!  Land back at the airbase.,임무 완료! 공군기지로 귀환하십시오.
F/A-26B:fa26-opDesertCobra:mission2:obj_6:name,A mission objective name,Destroy Depots East,동쪽 창고 파괴
F/A-26B:fa26-opDesertCobra:mission2:obj_6:info,Mission objective info.,Destroy the enemy depots at the eastern airbase.,동쪽 공군기지의 적 보급 창고를 파괴하십시오.
fa26-opDesertCobra:mission3_name,Name of a mission.,Strike on Naval Test Lake,해군 시험장 공격
fa26-opDesertCobra:mission3_description,Description of a mission.,Escort a strike group sent to destroy ships at the enemy's naval testing area.,적 해군 시험장의 함선들을 파괴하기 위해 파견된 공격 편대를 호위하십시오.
F/A-26B:fa26-opDesertCobra:mission3:obj_0:name,A mission objective name,Destroy Ships,함선 파괴
F/A-26B:fa26-opDesertCobra:mission3:obj_0:info,Mission objective info.,SEAD & protect X-Ray while they complete anti-shipping mission.,X-Ray가 대함 임무를 완수하는 동안 방공망을 제압(SEAD)하고 보호하십시오.
F/A-26B:fa26-opDesertCobra:mission3:obj_1:name,A mission objective name,RTB,기지로 귀환
F/A-26B:fa26-opDesertCobra:mission3:obj_1:info,Mission objective info.,Mission complete! Return to base.,임무 완료! 기지로 귀환하십시오.
F/A-26B:fa26-opDesertCobra:mission3:obj_2:name,A mission objective name,Join Strikers,공격기와 합류
F/A-26B:fa26-opDesertCobra:mission3:obj_2:info,Mission objective info.,Join the group of Anti-Ship strikers.,대함 공격 편대에 합류하십시오.
F/A-26B:fa26-opDesertCobra:mission3:obj_3:name,A mission objective name,Assist Bomber,폭격기 지원
F/A-26B:fa26-opDesertCobra:mission3:obj_3:info,Mission objective info.,Protect the bomber while it attacks the remaining ships.,폭격기가 남은 함선을 공격하는 동안 폭격기를 보호하십시오.
F/A-26B:fa26-opDesertCobra:mission3:obj_4:name,A mission objective name,Escort,호위
F/A-26B:fa26-opDesertCobra:mission3:obj_4:info,Mission objective info.,Follow and protect the strike group along the way to the attack waypoint.,공격 경유지까지 공격 편대를 따라가며 보호하십시오.
F/A-26B:fa26-opDesertCobra:mission3:obj_5:name,A mission objective name,Defend X-Ray,X-Ray 방어
F/A-26B:fa26-opDesertCobra:mission3:obj_5:info,Mission objective info.,Destroy the fighters threatening X-Ray strike group.,X-Ray 공격 편대를 위협하는 전투기를 격추하십시오.
fa26-opDesertCobra:mission4_name,Name of a mission.,Tanker Escort,급유기 호위
fa26-opDesertCobra:mission4_description,Description of a mission.,Defend a tanker from airborne threats while it rendezvous with allied bombers.,아군 폭격기와 합류하는 공중급유기를 공중 위협으로부터 방어하십시오.
F/A-26B:fa26-opDesertCobra:mission4:obj_0:name,A mission objective name,Protect Tanker,급유기 보호
F/A-26B:fa26-opDesertCobra:mission4:obj_0:info,Mission objective info.,Defend the tanker as it rendezvous with bomber group Sierra.,폭격기 편대 Sierra와 합류하는 급유기를 방어하십시오.
F/A-26B:fa26-opDesertCobra:mission4:obj_1:name,A mission objective name,Protect RTB,귀환 보호
F/A-26B:fa26-opDesertCobra:mission4:obj_1:info,Mission objective info.,Defend the tanker and bombers as they refuel and return to base.,급유를 마치고 기지로 돌아가는 급유기와 폭격기를 방어하십시오.
F/A-26B:fa26-opDesertCobra:mission4:obj_2:name,A mission objective name,RTB,기지로 귀환
F/A-26B:fa26-opDesertCobra:mission4:obj_2:info,Mission objective info.,Mission complete. Return to base.,임무 완료! 기지로 귀환하십시오.
fa26-opDesertCobra:mission5_name,Name of a mission.,Departure,출항
fa26-opDesertCobra:mission5_description,Description of a mission.,Our naval strike group will be departing from port on the western coast. Hostile forces are trying to stop them.,아군 해군 공격 전단이 서해안 항구에서 출항할 예정입니다. 적군이 이를 저지하려 하고 있습니다.
F/A-26B:fa26-opDesertCobra:mission5:obj_0:name,A mission objective name,Fly To AO,작전 지역으로 이동
F/A-26B:fa26-opDesertCobra:mission5:obj_0:info,Mission objective info.,Fly to the naval base.,해군 기지로 비행하십시오.
F/A-26B:fa26-opDesertCobra:mission5:obj_1:name,A mission objective name,Defend the fleet,함대 방어
F/A-26B:fa26-opDesertCobra:mission5:obj_1:info,Mission objective info.,Defend the carrier fleet as it embarks form the  port.,항구에서 출항하는 항공모함 함대를 방어하십시오.
F/A-26B:fa26-opDesertCobra:mission5:obj_2:name,A mission objective name,Carrier Landing,항공모함 착륙
F/A-26B:fa26-opDesertCobra:mission5:obj_2:info,Mission objective info.,Land on the carrier.,항공모함에 착륙하십시오.
F/A-26B:fa26-opDesertCobra:mission5:obj_3:name,A mission objective name,Ground Targets Brdg,지상 표적 Brdg
F/A-26B:fa26-opDesertCobra:mission5:obj_3:info,Mission objective info.,Destroy armored vehicles moving towards the base.,기지를 향해 이동하는 장갑 차량을 파괴하십시오.
F/A-26B:fa26-opDesertCobra:mission5:obj_4:name,A mission objective name,Ground Targets Cnyn,지상 표적 Cnyn
F/A-26B:fa26-opDesertCobra:mission5:obj_4:info,Mission objective info.,Destroy ground targets moving through the canyons towards the base.,협곡을 지나 기지를 향해 이동하는 지상 표적을 파괴하십시오.
F/A-26B:fa26-opDesertCobra:mission5:obj_5:name,A mission objective name,Hostile Attackers,적 공격기
F/A-26B:fa26-opDesertCobra:mission5:obj_5:info,Mission objective info.,Destroy hostile attack aircraft.,적 공격기를 파괴하십시오.
F/A-26B:fa26-opDesertCobra:mission5:obj_6:name,A mission objective name,Hostile Attackers 2,적 공격기 2
F/A-26B:fa26-opDesertCobra:mission5:obj_6:info,Mission objective info.,Destroy hostile attack aircraft.,적 공격기를 파괴하십시오.
F/A-26B:fa26-opDesertCobra:mission5:obj_7:name,A mission objective name,Hostile Bombers,적 폭격기
F/A-26B:fa26-opDesertCobra:mission5:obj_7:info,Mission objective info.,Destroy hostile bomber and its escorts.,적 폭격기와 호위기를 파괴하십시오.
fa26-opDesertCobra:mission6_name,Name of a mission.,Northern Assault,북부 공세
fa26-opDesertCobra:mission6_description,Description of a mission.,Participate in a strike on hostile military targets.,적 군사 목표물에 대한 공격에 참여하십시오.
F/A-26B:fa26-opDesertCobra:mission6:obj_0:name,A mission objective name,CAP,전투 초계
F/A-26B:fa26-opDesertCobra:mission6:obj_0:info,Mission objective info.,General objective: Fly Combat Air Patrol.,일반 목표: 전투 초계 비행(CAP)을 수행하십시오.
F/A-26B:fa26-opDesertCobra:mission6:obj_1:name,A mission objective name,Air Targets,공중 표적
F/A-26B:fa26-opDesertCobra:mission6:obj_1:info,Mission objective info.,Destroy enemy air targets.,적 공중 표적을 파괴하십시오.
F/A-26B:fa26-opDesertCobra:mission6:obj_2:name,A mission objective name,Carrier Aircraft,함재기
F/A-26B:fa26-opDesertCobra:mission6:obj_2:info,Mission objective info.,Destroy air targets launching from enemy carrier.,적 항공모함에서 발진하는 공중 표적을 파괴하십시오.
F/A-26B:fa26-opDesertCobra:mission6:obj_3:name,A mission objective name,Phase 2,2단계
F/A-26B:fa26-opDesertCobra:mission6:obj_3:info,Mission objective info.,Shift CAP focus to the next waypoint.,전투 초계 중심을 다음 경유지로 옮기십시오.
F/A-26B:fa26-opDesertCobra:mission6:obj_4:name,A mission objective name,Air Targets 2,공중 표적 2
F/A-26B:fa26-opDesertCobra:mission6:obj_4:info,Mission objective info.,Destroy aircraft departing from the enemy airbase.,적 공군기지에서 출격하는 항공기를 파괴하십시오.
F/A-26B:fa26-opDesertCobra:mission6:obj_5:name,A mission objective name,Destroy Bomber,폭격기 파괴
F/A-26B:fa26-opDesertCobra:mission6:obj_5:info,Mission objective info.,Destroy enemy bomber and escorts threatening carrier.,항공모함을 위협하는 적 폭격기와 호위기를 파괴하십시오.
F/A-26B:fa26-opDesertCobra:mission6:obj_6:name,A mission objective name,RTB,기지로 귀환
F/A-26B:fa26-opDesertCobra:mission6:obj_6:info,Mission objective info.,,
F/A-26B:fa26-opDesertCobra:mission6:obj_7:name,A mission objective name,Begin Attack,공격 개시
F/A-26B:fa26-opDesertCobra:mission6:obj_7:info,Mission objective info.,Approach the attack waypoint with the other air groups.,다른 편대와 함께 공격 경유지로 접근하십시오.
fa26-opDesertCobra:mission7_name,Name of a mission.,Striking Oil,석유 시설 타격
fa26-opDesertCobra:mission7_description,Description of a mission.,The carrier group's next target is one of the enemy's main sources of oil.,항공모함 전단의 다음 목표는 적의 주요 석유 공급원 중 하나입니다.
F/A-26B:fa26-opDesertCobra:mission7:obj_0:name,A mission objective name,Launch,출격
F/A-26B:fa26-opDesertCobra:mission7:obj_0:info,Mission objective info.,Take off and orbit waypoint.,이륙하여 경유지 상공을 선회하십시오.
F/A-26B:fa26-opDesertCobra:mission7:obj_1:name,A mission objective name,Attack Oil Rigs,석유 시추 시설 공격
F/A-26B:fa26-opDesertCobra:mission7:obj_1:info,Mission objective info.,Destroy the four oil rigs.,석유 시추 시설 4곳을 파괴하십시오.
F/A-26B:fa26-opDesertCobra:mission7:obj_3:name,A mission objective name,Pending,대기 중
F/A-26B:fa26-opDesertCobra:mission7:obj_3:info,Mission objective info.,Fly to objective waypoint and await further instructions.,목표 경유지로 비행하여 추가 지시를 기다리십시오.
F/A-26B:fa26-opDesertCobra:mission7:obj_4:name,A mission objective name,VIP Target,VIP 표적
F/A-26B:fa26-opDesertCobra:mission7:obj_4:info,Mission objective info.,Find and destroy the high priority target.,최우선 목표를 찾아 파괴하십시오.
F/A-26B:fa26-opDesertCobra:mission7:obj_5:name,A mission objective name,RTB,기지로 귀환
F/A-26B:fa26-opDesertCobra:mission7:obj_5:info,Mission objective info.,Return to the carrier.,항공모함으로 귀환하십시오.
fa26-opDesertCobra:mission8_name,Name of a mission.,Decapitation,참수 작전
fa26-opDesertCobra:mission8_description,Description of a mission.,End the conflict for good by launching a heavy strike on the command center.,사령부에 대규모 공격을 감행하여 분쟁을 완전히 끝내십시오.
F/A-26B:fa26-opDesertCobra:mission8:obj_0:name,A mission objective name,Rejoin,재합류
F/A-26B:fa26-opDesertCobra:mission8:obj_0:info,Mission objective info.,Rejoin with the wing leader.,편대장과 다시 합류하십시오.
F/A-26B:fa26-opDesertCobra:mission8:obj_1:name,A mission objective name,Follow,따라가기
F/A-26B:fa26-opDesertCobra:mission8:obj_1:info,Mission objective info.,Follow the wing leader and her commands on the way to the AO.,작전 지역까지 편대장을 따라가며 지시에 따르십시오.
F/A-26B:fa26-opDesertCobra:mission8:obj_2:name,A mission objective name,Strike Supplies,보급품 타격
F/A-26B:fa26-opDesertCobra:mission8:obj_2:info,Mission objective info.,Destroy all supply depots in the base.,기지의 보급 창고를 모두 파괴하십시오.
F/A-26B:fa26-opDesertCobra:mission8:obj_4:name,A mission objective name,Clear Defenses,방공망 제거
F/A-26B:fa26-opDesertCobra:mission8:obj_4:info,Mission objective info.,Disable any remaining air defenses around the base.,기지 주변에 남은 방공망을 모두 무력화하십시오.
F/A-26B:fa26-opDesertCobra:mission8:obj_5:name,A mission objective name,Protect Transport,수송기 보호
F/A-26B:fa26-opDesertCobra:mission8:obj_5:info,Mission objective info.,Protect the transport and the team of soldiers it carries.,수송기와 탑승한 병사들을 보호하십시오.
F/A-26B:fa26-opDesertCobra:mission8:obj_6:name,A mission objective name,Take Off,이륙
F/A-26B:fa26-opDesertCobra:mission8:obj_6:info,Mission objective info.,Take off and wait for wingmen.,이륙하여 윙맨을 기다리십시오.
F/A-26B:fa26-opDesertCobra:mission8:obj_7:name,A mission objective name,Destroy Tanks,전차 파괴
F/A-26B:fa26-opDesertCobra:mission8:obj_7:info,Mission objective info.,Destroy tanks threatening the raid team.,습격 팀을 위협하는 전차를 파괴하십시오.
F/A-26B:fa26-opDesertCobra:mission8:obj_9:name,A mission objective name,RTB,기지로 귀환
F/A-26B:fa26-opDesertCobra:mission8:obj_9:info,Mission objective info.,Return to the carrier.,항공모함으로 귀환하십시오.
fa26-opDesertCobra_mission1_b0,Text from a mission briefing.,"You are stationed at our most remote airbase, closest to the enemy border.

The enemy seeks to destroy the airbase's supplies in order to prevent us from conducting airstrikes in this region.","당신은 적 국경에서 가장 가까운 최전방 공군기지에 주둔하고 있습니다.

적은 이 지역에서 우리의 공습을 막기 위해 공군기지의 보급품을 파괴하려 합니다."
fa26-opDesertCobra_mission1_b1,Text from a mission briefing.,"Intel has revealed that the enemy has launched a multi-pronged effort to attack the airbase.

A small group of hostile self-propelled artillery have mobilized to get into firing range of our supply depots.","정보에 따르면 적이 공군기지를 공격하기 위해 다방면의 작전을 개시했다고 합니다.

적 자주포 소부대가 우리 보급 창고를 사정권에 넣기 위해 기동 중입니다."
fa26-opDesertCobra_mission1_b2,Text from a mission briefing.,"While it will be necessary to destroy the artillery, we believe that the attack is aimed to distract us from a follow-up airstrike.

The type of attackers, their locations, and numbers are unknown at this time.","자주포를 파괴해야 하지만, 이 공격은 후속 공습에서 시선을 돌리기 위한 것으로 판단됩니다.

공격기의 기종, 위치, 수는 현재 알 수 없습니다."
fa26-opDesertCobra_mission1_b3,Text from a mission briefing.,"An E-4 AWACS will be deployed in order to aid in locating the airborne threats.

Due to our proximity to enemy territory, the AWACS will be vulnerable.  Please defend it if necessary.","공중 위협의 위치 파악을 돕기 위해 E-4 조기경보통제기(AWACS)가 배치될 것입니다.

적 영토와 가깝기 때문에 AWACS는 공격에 취약합니다.  필요하면 방어해 주십시오."
fa26-opDesertCobra_mission1_b4,Text from a mission briefing.,"SUMMARY:
Objective:
Defend airbase supply depots.

Known targets:
3x self-propelled artillery

Unknown targets:
Bombers and/or attack aircraft.","요약:
목표:
공군기지 보급 창고 방어.

확인된 표적:
자주포 3문

미확인 표적:
폭격기 또는 공격기."
fa26-opDesertCobra_mission2_b0,Text from a mission briefing.,"Now's our chance to head back out and return the favor to the enemy.

They occupy two airbases -- one to the northeast, and one further due north.","이제 반격에 나서 적에게 되갚아 줄 기회입니다.

적은 공군기지 두 곳을 점령하고 있습니다. 하나는 북동쪽에, 다른 하나는 정북쪽에 있습니다."
fa26-opDesertCobra_mission2_b1,Text from a mission briefing.,"You must destroy the 4 supply depots at each base, for a total of 8 targets.

The enemy is most likely expecting us, so they probably beefed up air defenses as well as numerous aircraft on patrol.

Use the cover of darkness and terrain to mask your approach to the targets.","각 기지의 보급 창고 4개씩, 총 8개의 목표를 파괴해야 합니다.

적이 우리를 예상하고 있을 가능성이 높으므로 방공망을 강화하고 다수의 초계기를 띄웠을 것입니다.

어둠과 지형을 이용해 목표물 접근을 은폐하십시오."
fa26-opDesertCobra_mission2_b2,Text from a mission briefing.,"We have gathered intel on the near exact locations of their supplies, which will be set as the objective waypoints.

How you want to attack is up to you.
I recommend to remain radar silent to avoid detection.","보급품의 거의 정확한 위치 정보를 입수했으며, 해당 위치가 목표 경유지로 설정될 것입니다.

공격 방법은 당신에게 달려 있습니다.
탐지를 피하려면 레이더를 끄고 비행하기를 권장합니다."
fa26-opDesertCobra_mission2_b3,Text from a mission briefing.,"SUMMARY:
Objective: 
- Destroy the 8 supply depots at each base (4 each).

Threats:
- Numerous radar and IR SAM sites
- Hostile combat air patrol","요약:
목표:
- 각 기지의 보급 창고 8개(기지당 4개) 파괴.

위협:
- 다수의 레이더 및 적외선 지대공 미사일 기지
- 적 전투 초계기"
fa26-opDesertCobra_mission3_b0,Text from a mission briefing.,"You've been transferred to the airbase near Gloom Lake.  

This lake lies on another border between our nation and the enemy's, and is where they conduct tests on naval vessels and aircraft.","당신은 글룸 호수 근처의 공군기지로 전속되었습니다.

이 호수는 우리나라와 적국 사이의 또 다른 국경에 있으며, 적이 해군 함정과 항공기를 시험하는 곳입니다."
fa26-opDesertCobra_mission3_b1,Text from a mission briefing.,"There have been an unusually high number of enemy drones harassing us recently.  They fly dangerously close to our base and force us to take defensive measures.  

We believe that they're attempting to distract us while they test new military technologies.","최근 적 무인기가 유난히 자주 나타나 아군을 괴롭히고 있습니다.  무인기들이 아군 기지에 위험할 정도로 가까이 접근하여 방어 조치를 취할 수밖에 없는 상황입니다.  

적이 신형 군사 기술을 시험하는 동안 우리의 주의를 분산시키려는 것으로 판단됩니다."
fa26-opDesertCobra_mission3_b2,Text from a mission briefing.,"In order to put a damper on their research efforts, we're sending out a group of F/A-26Bs configured to sink their test ships.

Although this is a testing area, the enemy ships are fully functional and armed.","적의 연구 활동에 제동을 걸기 위해, 적 시험용 함선을 격침하도록 무장한 F/A-26B 편대를 출격시킵니다.

시험 구역이기는 하지만, 적 함선은 완전히 가동 중이며 무장도 갖추고 있습니다."
fa26-opDesertCobra_mission3_b3,Text from a mission briefing.,"You and your wingmen are tasked to destroy enemy air defenses and patrol aircraft, to allow the strikers to perform the anti-shipping attack.

The strikers will be in the air waiting for you.  Join them and escort them along their attack path.","당신과 윙맨들은 적 방공망과 초계기를 파괴하여 공격대가 대함 공격을 수행할 수 있도록 해야 합니다.

공격대는 공중에서 당신을 기다리고 있을 것입니다. 이들과 합류하여 공격 경로를 따라 호위하십시오."
fa26-opDesertCobra_mission3_b4,Text from a mission briefing.,"When you reach the end of the attack path, the strikers will begin anti-shipping. Target radars to prevent them from defending against the attack.

Simultaneously, allied combat air patrol will be vectored to the area to help keep enemy aircraft away.","공격 경로 끝에 도달하면 공격대가 대함 공격을 시작합니다. 적이 공격을 방어하지 못하도록 레이더를 목표로 삼으십시오.

동시에 아군 전투 초계기가 해당 구역으로 유도되어 적 항공기의 접근을 차단할 것입니다."
fa26-opDesertCobra_mission3_b5,Text from a mission briefing.,"SUMMARY:
Objective: Support strikers while they attack enemy ships.
- Suppress enemy air defenses
- Defend strikers from enemy air patrols

Primary Targets:
- Radars
- Aggressive Aircraft

Threats:
- Ships
- Aircraft
- SAMs
- AAA","요약:
목표: 적 함선을 공격하는 공격대를 지원하십시오.
- 적 방공망 제압
- 적 공중 초계로부터 공격대 방어

주요 목표:
- 레이더
- 공격적인 항공기

위협:
- 함선
- 항공기
- 지대공 미사일
- 대공포"
fa26-opDesertCobra_mission4_b0,Text from a mission briefing.,"A couple of bombers are returning from a long range mission.  Their fuel reserves are low, so we're sending out a KC-49 tanker to provide air-to-air refuelling.

We are concerned that enemy aircraft will intercept the tanker, which is where you and your wingmen come in.","폭격기 두 대가 장거리 임무를 마치고 귀환 중입니다.  연료 잔량이 부족해 공중 급유를 위해 KC-49 공중급유기를 보낼 예정입니다.

적 항공기가 급유기를 요격할 우려가 있으며, 바로 여기서 당신과 윙맨들이 나설 차례입니다."
fa26-opDesertCobra_mission4_b1,Text from a mission briefing.,"Fly with the tanker and keep it safe. Maintain active radar and RWR so you are aware of hostiles. 

AWACs will also be available to help spot incoming threats.","급유기와 함께 비행하며 안전을 지키십시오. 레이더와 RWR을 항상 켜 두어 적의 존재를 파악하십시오. 

AWACS(공중조기경보기)도 접근하는 위협을 탐지하는 데 도움을 줄 것입니다."
fa26-opDesertCobra_mission4_b2,Text from a mission briefing.,"SUMMARY
Objective: 
- Escort the tanker to the rendezvous.  
- Engage all hostile aircraft that approach.
- Mission complete when the tanker and bombers return to base.

Threats:
- Hostile aircraft","요약
목표: 
- 급유기를 합류 지점까지 호위  
- 접근하는 모든 적 항공기와 교전
- 급유기와 폭격기가 기지로 귀환하면 임무 완료

위협:
- 적 항공기"
fa26-opDesertCobra_mission5_b0,Text from a mission briefing.,"It's time to send a naval strike group deep into enemy territory.  The aircraft carrier and its escorts will soon be ready to depart, but enemy forces are close.  

They will likely attempt to stop the carrier group before our mission can even begin.","이제 해군 타격 전단을 적 영토 깊숙이 보낼 때입니다.  항공모함과 호위함들이 곧 출항 준비를 마치지만, 적군이 가까이 있습니다.  

적은 우리 임무가 시작되기도 전에 항모 전단을 저지하려 들 것입니다."
fa26-opDesertCobra_mission5_b1,Text from a mission briefing.,"Your job is to protect the ships, onboard aircraft, and the naval base from the enemy attack.  Hostile aircraft and land vehicles are approaching.  

Once the coast is clear, you will land on the carrier and join on the offensive.","당신의 임무는 적의 공격으로부터 함선과 탑재 항공기, 해군 기지를 보호하는 것입니다.  적 항공기와 지상 차량이 접근하고 있습니다.  

주변이 안전해지면 항공모함에 착함하여 공세에 합류하게 됩니다."
fa26-opDesertCobra_mission5_b2,Text from a mission briefing.,"SUMMARY

Objective:
- Defend naval strike group and naval base

Threats:
- Fighter Aircraft
- Bombers
- Tanks
- Mobile Anti-Air","요약

목표:
- 해군 타격 전단과 해군 기지 방어

위협:
- 전투기
- 폭격기
- 전차
- 이동식 대공포"
fa26-opDesertCobra_mission6_b0,Text from a mission briefing.,"The carrier group's first stop is a small northern island territory occupied by the enemy.

They have a few military bases here and use the island to stage their attacks on our western coast.","항모 전단의 첫 목적지는 적이 점령한 북쪽의 작은 섬입니다.

적은 이곳에 군사 기지 몇 곳을 두고, 이 섬을 우리 서부 해안 공격의 거점으로 사용하고 있습니다."
fa26-opDesertCobra_mission6_b1,Text from a mission briefing.,"The island is a valuable asset to the enemy's air and naval forces, so it's our duty to halt their operations here.

We will launch a full on air assault.","이 섬은 적 공군과 해군에게 귀중한 자산이므로, 이곳에서 적의 작전을 멈추게 하는 것이 우리의 임무입니다.

우리는 전면적인 공중 강습을 개시할 것입니다."
fa26-opDesertCobra_mission6_b2,Text from a mission briefing.,"There are 4 major components to the attack, which will be split up among 4 specialized air groups.

Whiskey group will suppress enemy air defenses. X-ray group will attack ground targets such as armored vehicles and supply depots.  Bravo will sink the enemy ships.","이번 공격은 4개의 주요 임무로 나뉘며, 4개의 전문 편대가 각각 맡게 됩니다.

Whiskey 편대는 적 방공망을 제압합니다. X-ray 편대는 장갑차량과 보급 창고 같은 지상 목표를 공격합니다.  Bravo 편대는 적 함선을 격침시킬 것입니다."
fa26-opDesertCobra_mission6_b3,Text from a mission briefing.,"Kilo group, your group, will fly combat air patrol and keep the enemy fighters away from the other groups.

The enemy only has a few groups of fighters in the air, but they have a carrier full of aircraft ready to go, and an airbase not far from our point of entry.","당신이 속한 Kilo 편대는 전투 초계 비행을 수행하며 적 전투기가 다른 편대에 접근하지 못하게 막습니다.

적은 공중에 소수의 전투기만 띄워 두었지만, 출격 준비를 마친 항공기로 가득한 항공모함과 우리 진입 지점에서 멀지 않은 공군기지를 보유하고 있습니다."
fa26-opDesertCobra_mission6_b4,Text from a mission briefing.,"All groups will maintain open communications, but you will only have command over your own group.  Focus on your own objective (CAP) but maintain awareness of the bigger picture.","모든 편대가 통신을 공유하지만, 당신은 자신의 편대에만 명령을 내릴 수 있습니다.  자신의 목표(전투 초계)에 집중하되 전체 상황도 놓치지 마십시오."
fa26-opDesertCobra_mission6_b5,Text from a mission briefing.,"SUMMARY

Objective:
- Combat air patrol

Targets:
- Multiple hostile aircraft

Threats:
- Hostile Aircraft
- SAMs
- Ships","요약

목표:
- 전투 초계 비행

대상:
- 다수의 적 항공기

위협:
- 적 항공기
- 지대공 미사일
- 함선"
fa26-opDesertCobra_mission7_b0,Text from a mission briefing.,"We have located the enemy's main source of oil off the shore of some remote islands.  

The carrier group has been sent to destroy the oil platforms and further reduce the enemy's ability to fuel war.","외딴 섬 앞바다에서 적의 주요 석유 공급원을 찾아냈습니다.  

항모 전단은 석유 시추 시설을 파괴하여 적의 전쟁 수행 능력을 더욱 약화시키기 위해 파견되었습니다."
fa26-opDesertCobra_mission7_b1,Text from a mission briefing.,"There seems to be an unusually high naval military presence here, so the guided missile cruisers will be assisting your attack.

Air groups X-ray and Sierra will be primarily focused on SEAD, while Bravo will provide CAP.","이 지역에는 유난히 많은 해군 병력이 주둔 중인 것으로 보이며, 유도 미사일 순양함들이 공격을 지원할 것입니다.

X-ray와 Sierra 편대는 주로 방공망 제압(SEAD)에 집중하고, Bravo 편대는 전투 초계를 담당합니다."
fa26-opDesertCobra_mission7_b2,Text from a mission briefing.,"Your group, Kilo, will be responsible for striking the oil platforms.

We need the platforms to be destroyed beyond all repair, so you can either destroy all key components on the platform, or destroy two support pillars to topple the entire platform.","당신이 속한 Kilo 편대는 석유 시추 시설 타격을 담당합니다.

시설은 복구가 불가능할 정도로 파괴되어야 합니다. 시설의 핵심 설비를 전부 파괴하거나, 지지 기둥 두 개를 부수어 시설 전체를 무너뜨려도 됩니다."
fa26-opDesertCobra_mission7_b3,Text from a mission briefing.,"Our cruisers will approach from the north, on the western side of the ridge. 

The air groups will approach on the eastern side of the ridge at low altitude. You should remain undetected until you reach the channel.","아군 순양함들은 능선 서쪽을 따라 북쪽에서 접근할 것입니다. 

항공 편대는 능선 동쪽에서 저고도로 접근합니다. 수로에 도달할 때까지 적에게 탐지되지 않아야 합니다."
fa26-opDesertCobra_mission7_b4,Text from a mission briefing.,"The SEAD attack from the east should occur at the same time that the cruiser anti-ship missiles reach the enemy.

This will keep their defenses saturated while Kilo comes in to take down the oil platforms.","동쪽에서의 방공망 제압 공격은 순양함의 대함 미사일이 적에게 도달하는 시점에 맞춰 이루어져야 합니다.

이렇게 하면 Kilo 편대가 석유 시추 시설을 파괴하러 진입하는 동안 적 방어망이 분산됩니다."
fa26-opDesertCobra_mission7_b5,Text from a mission briefing.,"There may be other ground targets for you, but we will keep you updated on those as we acquire more information.","다른 지상 목표가 추가될 수 있으며, 정보를 입수하는 대로 알려 드리겠습니다."
fa26-opDesertCobra_mission7_b6,Text from a mission briefing.,"SUMMARY

Objective:
- Destroy 4 oil platforms

Threats
- Ships
- SAMs
- Aircraft","요약

목표:
- 석유 시추 시설 4개 파괴

위협
- 함선
- 지대공 미사일
- 항공기"
fa26-opDesertCobra_mission8_b0,Text from a mission briefing.,"This mission will have two phases.
On the first phase, Kilo 1-1 will lead the flight into enemy territory.

You will be Kilo 1-2, and are assigned to support the flight lead.  Execute her commands to destroy secondary targets on the way to the enemy base.","이 임무는 두 단계로 진행됩니다.
첫 단계에서는 Kilo 1-1이 편대를 이끌고 적 영토로 진입합니다.

당신은 Kilo 1-2로서 편대장을 지원하는 임무를 맡습니다.  편대장의 명령에 따라 적 기지로 가는 길에 있는 보조 목표들을 파괴하십시오."
fa26-opDesertCobra_mission8_b1,Text from a mission briefing.,"The mission is scheduled to start when one of the enemy's coastal defense sites goes down temporarily.

We expect the defenses to resume operation when they spot your approach, but at least it will give you an opportunity to disable them before they can acquire you.","임무는 적 해안 방어 기지 중 하나가 일시적으로 작동을 멈추는 시점에 시작될 예정입니다.

적이 당신의 접근을 발견하면 방어망이 다시 가동되겠지만, 적어도 적이 당신을 포착하기 전에 방어망을 무력화할 기회는 얻을 수 있습니다."
fa26-opDesertCobra_mission8_b2,Text from a mission briefing.,"The flight path will be low, weaving through the valleys to avoid line of sight with enemy radar.

Maintain formation with Kilo 1 for the entirety of the ingress phase.","비행 경로는 적 레이더의 시야를 피해 계곡 사이를 누비는 저고도 경로입니다.

진입 단계 내내 Kilo 1과 대형을 유지하십시오."
fa26-opDesertCobra_mission8_b3,Text from a mission briefing.,"The secondary targets are coastal defenses at Alpha and two IR SAM units at Bravo. Destroying them will help clear the way for the bomber. 

Again, flight leader Kilo 1-1 will call the shots on these targets.","보조 목표는 Alpha 지점의 해안 방어 시설과 Bravo 지점의 적외선 유도 지대공 미사일 2기입니다. 이를 파괴하면 폭격기의 진로를 여는 데 도움이 됩니다. 

다시 말하지만, 이 목표들에 대한 지시는 편대장 Kilo 1-1이 내립니다."
fa26-opDesertCobra_mission8_b4,Text from a mission briefing.,"The primary objective will begin when you reach the base at Charlie.

Allied rocket artillery will be in the area launching strikes on the base's air defenses.","주 목표는 Charlie 지점의 기지에 도달하면 시작됩니다.

아군 로켓포가 이 지역에서 기지의 방공망을 타격하고 있을 것입니다."
fa26-opDesertCobra_mission8_b5,Text from a mission briefing.,"The primary targets are rows of cylindrical tents lined up from east to west.

Your flight path will allow you to strike multiple targets in a single low-altitude bombing pass.","주 목표물은 동서 방향으로 늘어선 원통형 텐트들입니다.

비행 경로상 저고도 폭격 1회 진입으로 여러 목표를 타격할 수 있습니다."
fa26-opDesertCobra_mission8_b6,Text from a mission briefing.,"After the first pass, flight lead duties will be passed over to you (Kilo 1-2).  Lead your wingmen to take down the remaining targets.","첫 번째 진입 후, 편대 지휘권이 당신(Kilo 1-2)에게 넘어옵니다.  윙맨들을 이끌고 남은 목표물을 파괴하십시오."
fa26-opDesertCobra_mission8_b7,Text from a mission briefing.,"A group of F-45A's will take off from a nearby FARP to help keep enemy aircraft and other threats off of you and your wingmen.

Once primary targets have been destroyed, an AV-42C will also dispatch from here to deliver troops to the headquarters and capture the enemy leaders.","F-45A 편대가 인근 FARP에서 이륙하여 적 항공기와 기타 위협으로부터 당신과 윙맨들을 지켜줄 것입니다.

주 목표물이 파괴되면 AV-42C도 이곳에서 출발하여 적 사령부에 병력을 투입하고 적 지휘부를 사로잡을 것입니다."
fa26-opDesertCobra_mission8_b8,Text from a mission briefing.,"You will be tasked to protect them at that time, but we'll update you on that final operation when we get to it.

Focus on supporting your wingmen during the flight through hostile territory and destroying the primary targets.","그때가 되면 그들을 보호하는 임무를 맡게 되지만, 최종 작전에 대해서는 그 시점에 다시 알려 드리겠습니다.

지금은 적 영토를 통과하는 동안 윙맨을 지원하고 주 목표물을 파괴하는 데 집중하십시오."
fa26-opDesertCobra_mission8_b9,Text from a mission briefing.,"SUMMARY

OBJECTIVES
-  Clear air defenses for bombers
- *Destroy enemy assets
-  Protect troop transport

THREATS
- IR and Radar SAMs
- Aircraft","요약

목표
-  폭격기를 위한 방공망 제거
- *적 자산 파괴
-  병력 수송기 보호

위협
- 적외선/레이더 유도 지대공 미사일
- 항공기"
campaign_f45-quickFlight_name,Name of a campaign.,Quick Flight,빠른 비행
campaign_f45-quickFlight_description,Description of a campaign.,A small collection of quick missions for the F-45A.,F-45A용 짧은 임무 모음입니다.
f45-quickFlight:45_2StageAttack_name,Name of a mission.,Counter-Bomber,폭격기 요격
f45-quickFlight:45_2StageAttack_description,Description of a mission.,Take the lead on this two-part mission to take down hostile bombers.,적 폭격기를 격추하는 2단계 임무를 이끄십시오.
F-45A:f45-quickFlight:45_2StageAttack:obj_0:name,A mission objective name,SEAD,방공망 제압
F-45A:f45-quickFlight:45_2StageAttack:obj_0:info,Mission objective info.,Destroy the long range MAD-4 Radar (M4) near the airbase.,공군기지 근처의 장거리 MAD-4 레이더(M4)를 파괴하십시오.
F-45A:f45-quickFlight:45_2StageAttack:obj_1:name,A mission objective name,Destroy Fighters,전투기 파괴
F-45A:f45-quickFlight:45_2StageAttack:obj_1:info,Mission objective info.,Destroy the fighters taking off from the base with the help of India group.,India 편대의 지원을 받아 기지에서 이륙하는 전투기를 파괴하십시오.
F-45A:f45-quickFlight:45_2StageAttack:obj_2:name,A mission objective name,Rearm,재무장
F-45A:f45-quickFlight:45_2StageAttack:obj_2:info,Mission objective info.,Rearm at FARP,FARP에서 재무장하십시오.
F-45A:f45-quickFlight:45_2StageAttack:obj_3:name,A mission objective name,Destroy Bombers,폭격기 파괴
F-45A:f45-quickFlight:45_2StageAttack:obj_3:info,Mission objective info.,Destroy bombers taking off from second airbase.,두 번째 공군기지에서 이륙하는 폭격기를 파괴하십시오.
F-45A:f45-quickFlight:45_2StageAttack:obj_4:name,A mission objective name,RTB,기지로 귀환
F-45A:f45-quickFlight:45_2StageAttack:obj_4:info,Mission objective info.,Return to the fleet.,함대로 귀환하십시오.
f45-quickFlight:45_BayAssault_name,Name of a mission.,Bay Assault,만 강습
f45-quickFlight:45_BayAssault_description,Description of a mission.,Attack high value targets in an attack on enemy territory.,적 영토 공격 작전에서 고가치 목표물을 공격합니다.
F-45A:f45-quickFlight:45_BayAssault:obj_0:name,A mission objective name,Destroy C2,C2 파괴
F-45A:f45-quickFlight:45_BayAssault:obj_0:info,Mission objective info.,Locate and destroy the command & control bunkers,지휘 통제 벙커를 찾아 파괴하십시오.
F-45A:f45-quickFlight:45_BayAssault:obj_1:name,A mission objective name,Destroy Artillery,포병 파괴
F-45A:f45-quickFlight:45_BayAssault:obj_1:info,Mission objective info.,Destroy the artillery attacking our ships.,아군 함선을 공격하는 포병을 파괴하십시오.
F-45A:f45-quickFlight:45_BayAssault:obj_2:name,A mission objective name,Destroy Aircraft,항공기 파괴
F-45A:f45-quickFlight:45_BayAssault:obj_2:info,Mission objective info.,Find and destroy the highly capable enemy stealth fighters.,고성능 적 스텔스 전투기를 찾아 파괴하십시오.
F-45A:f45-quickFlight:45_BayAssault:obj_3:name,A mission objective name,Destroy Bombers,폭격기 파괴
F-45A:f45-quickFlight:45_BayAssault:obj_3:info,Mission objective info.,Find and destroy the enemy bomber aircraft.,적 폭격기를 찾아 파괴하십시오.
F-45A:f45-quickFlight:45_BayAssault:obj_4:name,A mission objective name,RTB,기지로 귀환
F-45A:f45-quickFlight:45_BayAssault:obj_4:info,Mission objective info.,Return to the assault carrier.,강습 항모로 귀환하십시오.
F-45A:f45-quickFlight:45_BayAssault:obj_5:name,A mission objective name,Protect Carriers,항모 보호
F-45A:f45-quickFlight:45_BayAssault:obj_5:info,Mission objective info.,Do not let the enemy destroy either of our carriers!,적이 아군 항공모함을 파괴하지 못하게 막으십시오!
f45-quickFlight:45_carrierPractice_name,Name of a mission.,Carrier Landing Practice,항공모함 착함 연습
f45-quickFlight:45_carrierPractice_description,Description of a mission.,Practice arrested or vertical landings on a moving carrier.,이동 중인 항공모함에서 어레스팅 착함 또는 수직 착륙을 연습합니다.
f45-quickFlight:f45-freeFlight_name,Name of a mission.,Free Flight,자유 비행
f45-quickFlight:f45-freeFlight_description,Description of a mission.,No enemies or objectives.,적도 목표도 없습니다.
f45-quickFlight:f45_quickMission1_name,Name of a mission.,Stealth Strike,스텔스 공격
f45-quickFlight:f45_quickMission1_description,Description of a mission.,"Search for and destroy enemy weapon caches. Avoid detection or pay the price. Once they know where you are, they'll do anything to stop you.",적의 무기 저장고를 수색해 파괴하십시오. 탐지를 피하지 못하면 대가를 치르게 됩니다. 적이 당신의 위치를 알게 되면 수단과 방법을 가리지 않고 막으려 들 것입니다.
F-45A:f45-quickFlight:f45_quickMission1:obj_0:name,A mission objective name,Destroy Targets,목표물 파괴
F-45A:f45-quickFlight:f45_quickMission1:obj_0:info,Mission objective info.,Find and destroy enemy weapon caches. Locations unknown.,적 무기 저장고를 찾아 파괴하십시오. 위치는 알 수 없습니다.
F-45A:f45-quickFlight:f45_quickMission1:obj_1:name,A mission objective name,RTB,기지로 귀환
F-45A:f45-quickFlight:f45_quickMission1:obj_1:info,Mission objective info.,Return to and land on the helipad.,헬기 착륙장으로 돌아가 착륙하십시오.
f45-quickFlight_45_2StageAttack_b0,Text from a mission briefing.,"You will be the first to launch from the carrier.

Destroy the long range air defenses at the enemy coastal airbase Alpha first so that we can launch fighters.","당신은 항공모함에서 가장 먼저 출격합니다.

아군 전투기를 출격시킬 수 있도록 적 해안 공군기지 Alpha의 장거리 방공망을 먼저 파괴하십시오."
f45-quickFlight_45_2StageAttack_b1,Text from a mission briefing.,"Once the air defenses are destroyed, CAP group India will launch from the carrier to help you clean up the enemy fighters.",방공망이 파괴되면 전투 초계 편대 India가 항공모함에서 출격하여 적 전투기 소탕을 도울 것입니다.
f45-quickFlight_45_2StageAttack_b2,Text from a mission briefing.,"After clearing the fighters, land at the FARP to reconfigure for a purely air-to-air role. You will be joined by another F-45 to take down the enemy bombers taking off from airbase Bravo.

SEAD group Romeo will launch from the carrier to disable the SAM sites at Bravo.","전투기를 정리한 후 FARP에 착륙하여 순수 공대공 무장으로 재무장하십시오. 다른 F-45 한 대와 합류하여 Bravo 공군기지에서 이륙하는 적 폭격기를 격추하게 됩니다.

방공망 제압 편대 Romeo는 Bravo의 지대공 미사일 기지를 무력화하기 위해 항공모함에서 출격합니다."
f45-quickFlight_45_2StageAttack_b3,Text from a mission briefing.,Destroy the two bombers from Bravo then return to carrier to complete the mission!,Bravo에서 이륙한 폭격기 2대를 파괴한 뒤 항공모함으로 귀환하면 임무가 완료됩니다!
f45-quickFlight_45_BayAssault_b0,Text from a mission briefing.,"Complete all of the objectives, then return to the assault carrier.

You can complete them in any order you choose.

There's a mix of hardened surface targets and air targets.","모든 목표를 완료한 뒤 강습 항모로 귀환하십시오.

목표는 원하는 순서대로 완료할 수 있습니다.

견고한 지상 목표와 공중 목표가 섞여 있습니다."
f45-quickFlight_45_BayAssault_b1,Text from a mission briefing.,"Enemy rocket artillery have moved into range and have begun firing on our fleet from the other side of a mountain.

They have a low hit probability, but we must destroy them.","적 로켓포가 사거리 안으로 이동해 산 반대편에서 아군 함대를 향해 포격을 시작했습니다.

명중률은 낮지만 반드시 파괴해야 합니다."
f45-quickFlight_45_BayAssault_b2,Text from a mission briefing.,"Enemy bombers have also been known to operate from this area. If they decide to deploy them against our assault fleet, they will be a high priority target.",적 폭격기도 이 지역에서 활동하는 것으로 알려져 있습니다. 적이 아군 강습 함대를 향해 폭격기를 투입한다면 최우선 목표가 될 것입니다.
f45-quickFlight_45_BayAssault_b3,Text from a mission briefing.,"We have little intel on their whereabouts, but a handful of enemy stealth fighters are stationed by the bay and must be destroyed.","행방에 대한 정보는 거의 없지만, 적 스텔스 전투기 몇 대가 만 근처에 주둔하고 있으며 반드시 파괴해야 합니다."
f45-quickFlight_45_BayAssault_b4,Text from a mission briefing.,"Finally, you must find the enemy command post and destroy the two bunkers. The bunkers will likely be adjacent to large supply tents.",마지막으로 적 지휘소를 찾아 벙커 두 개를 파괴해야 합니다. 벙커는 대형 보급 텐트 근처에 있을 가능성이 높습니다.
f45-quickFlight_45_BayAssault_b5,Text from a mission briefing.,"Enemy bases are well defended, so use caution when operating near them.",적 기지는 방어가 견고하므로 근처에서 작전할 때는 주의하십시오.
f45-quickFlight_45_BayAssault_b6,Text from a mission briefing.,The mission will be considered a failure if either of our carriers are destroyed.,아군 항공모함 중 한 척이라도 파괴되면 임무는 실패로 간주됩니다.
f45-quickFlight_45_carrierPractice_b0,Text from a mission briefing.,"No objectives or enemies.

You will start at 300kts, 1000ft above two carriers.  Contact one of them to request clearance to land.","목표도 적도 없습니다.

두 항공모함 상공 1000ft에서 300kts로 시작합니다.  항공모함 중 한 곳과 교신하여 착함 허가를 요청하십시오."
f45-quickFlight_f45-freeFlight_b0,Text from a mission briefing.,No objectives or enemies.,목표도 적도 없습니다.
f45-quickFlight_f45_quickMission1_b0,Text from a mission briefing.,"You are stationed at small FARP (forward arming and refueling point) near an enemy airbase.  Unfortunately, you only have enough supplies for one last sortie, and it's a tough one.","당신은 적 공군기지 근처의 작은 FARP(전방 무장 및 급유 지점)에 주둔하고 있습니다.  아쉽게도 남은 보급품은 마지막 출격 한 번 분량뿐이며, 만만치 않은 임무가 될 것입니다."
f45-quickFlight_f45_quickMission1_b1,Text from a mission briefing.,"The mission is to destroy 3 enemy weapon caches.  We don't know exactly where they are, but they are most likely near air defenses.  Based on their radar emissions, we have estimated the positions of 4 sites.  The caches may all be at one site, or spread out between them.","임무는 적 무기 저장고 3개를 파괴하는 것입니다.  정확한 위치는 알 수 없지만 방공망 근처에 있을 가능성이 높습니다.  레이더 전파를 바탕으로 4개 지점의 위치를 추정했습니다.  저장고는 모두 한 지점에 있을 수도, 여러 지점에 나뉘어 있을 수도 있습니다."
f45-quickFlight_f45_quickMission1_b2,Text from a mission briefing.,"You don't have any support on this mission.  No extra fuel, no rearming, no wingmen, nothing.  With scattered SAM sites and numerous enemy air patrols, the odds are stacked against you.  Use stealthy tactics to maneuver around the area and destroy the targets.","이 임무에는 아무런 지원이 없습니다.  추가 연료도, 재무장도, 윙맨도 없습니다.  곳곳에 흩어진 지대공 미사일 기지와 수많은 적 공중 초계 때문에 상황은 불리합니다.  은밀한 전술로 지역을 기동하며 목표물을 파괴하십시오."
f45-quickFlight_f45_quickMission1_b3,Text from a mission briefing.,"SUMMARY:
Objective:
  - Destroy the 3 weapon caches (supply tents)

Threats:
  - SAMs
  - Patrolling aircraft","요약:
목표:
  - 무기 저장고 3개 파괴(보급 텐트)

위협:
  - 지대공 미사일
  - 초계 중인 항공기"
campaign_arcadeTutorial_name,Name of a campaign.,Tutorials,튜토리얼
campaign_arcadeTutorial_description,Description of a campaign.,Basic tutorials for the AV-42C,AV-42C 기본 튜토리얼
arcadeTutorial:tut_gettingStarted_name,Name of a mission.,Getting Started,시작하기
arcadeTutorial:tut_gettingStarted_description,Description of a mission.,"Cockpit familiarization, start-up procedures.","조종석 숙지, 시동 절차"
arcadeTutorial:tut_weapons1_name,Name of a mission.,Basic Weapons,기본 무장
arcadeTutorial:tut_weapons1_description,Description of a mission.,"Learn how to use the cannon, rockets, and targeting system.","기관포, 로켓, 조준 시스템 사용법을 배웁니다."
arcadeTutorial:verticalFlight1_name,Name of a mission.,AP Vertical Flight,자동 조종 수직 비행
arcadeTutorial:verticalFlight1_description,Description of a mission.,Learn how to use the hover autopilot feature.,호버링 자동 조종 기능 사용법을 배웁니다.
arcadeTutorial:tut_basicFlight_name,Name of a mission.,Basic Flight,기본 비행
arcadeTutorial:tut_basicFlight_description,Description of a mission.,"Taxi, take off, landing.","지상 활주, 이륙, 착륙."
arcadeTutorial_tut_gettingStarted_b0,Text from a mission briefing.,"Today we will be learning how to operate the AV-42C.

The start-up procedure is not very complicated, so let's jump in and get started.","오늘은 AV-42C 조작법을 배워 보겠습니다.

시동 절차는 그리 복잡하지 않으니 바로 시작해 봅시다."
arcadeTutorial_tut_weapons1_b0,Text from a mission briefing.,"The AV-42C is capable of equipping various weapons.  Today you will learn how to use the 30mm GAU-8 cannon, and the Hydra-70 unguided rockets.  You will also learn how to find and acquire targets using the TGP.",AV-42C는 다양한 무장을 장착할 수 있습니다.  오늘은 30mm GAU-8 기관포와 Hydra-70 무유도 로켓 사용법을 배웁니다.  또한 TGP(조준 포드)를 사용해 목표를 찾고 포착하는 방법도 배웁니다.
arcadeTutorial_verticalFlight1_b0,Text from a mission briefing.,"Vertical flight can be tricky, but by using the hover autopilot, you can take off, hover, and land with ease.","수직 비행은 까다로울 수 있지만, 호버링 자동 조종을 사용하면 이륙, 호버링, 착륙을 쉽게 할 수 있습니다."
campaign_ah94-quickFlight_name,Name of a campaign.,AH-94 Quick Flight,AH-94 빠른 비행
campaign_ah94-quickFlight_description,Description of a campaign.,Quick flights and missions for the AH-94 Attack Helicopter.,AH-94 공격 헬리콥터용 빠른 비행 및 임무 모음입니다.
ah94-quickFlight:arcticAssault_name,Name of a mission.,Arctic Assault,북극 강습
ah94-quickFlight:arcticAssault_description,Description of a mission.,Scout targets for artillery and destroy anything that remains.,포격을 위해 목표를 정찰하고 남은 것을 모두 파괴하십시오.
AH-94:ah94-quickFlight:arcticAssault:obj_0:name,A mission objective name,Artillery Targets,포격 목표
AH-94:ah94-quickFlight:arcticAssault:obj_0:info,Mission objective info.,Destroy any remaining targets at the waypoint.,경유지에 남아 있는 모든 목표물을 파괴하십시오.
AH-94:ah94-quickFlight:arcticAssault:obj_1:name,A mission objective name,Armored Targets,기갑 목표
AH-94:ah94-quickFlight:arcticAssault:obj_1:info,Mission objective info.,Destroy the armored group moving towards our troops.,아군 병력을 향해 이동 중인 기갑 부대를 파괴하십시오.
AH-94:ah94-quickFlight:arcticAssault:obj_2:name,A mission objective name,Find Targets,목표 수색
AH-94:ah94-quickFlight:arcticAssault:obj_2:info,Mission objective info.,Pinpoint the location of targets at the waypoint.,경유지에서 목표물의 정확한 위치를 파악하십시오.
AH-94:ah94-quickFlight:arcticAssault:obj_3:name,A mission objective name,Destroy Targets,목표 파괴
AH-94:ah94-quickFlight:arcticAssault:obj_3:info,Mission objective info.,Destroy the targets you found. Artillery will assist.,찾아낸 목표물을 파괴하십시오. 포병이 지원할 것입니다.
AH-94:ah94-quickFlight:arcticAssault:obj_4:name,A mission objective name,Destroy MAD-4,MAD-4 파괴
AH-94:ah94-quickFlight:arcticAssault:obj_4:info,Mission objective info.,Destroy enemy air defenses to allow bombers to pass.,폭격기가 통과할 수 있도록 적 방공망을 파괴하십시오.
AH-94:ah94-quickFlight:arcticAssault:obj_5:name,A mission objective name,RTB,기지 귀환
AH-94:ah94-quickFlight:arcticAssault:obj_5:info,Mission objective info.,Return to the FARP.,FARP로 귀환하십시오.
ah94-quickFlight:flightPractice_name,Name of a mission.,Flight Practice,비행 연습
ah94-quickFlight:flightPractice_description,Description of a mission.,"Practice take off, flight, and landing in various locations.","다양한 장소에서 이륙, 비행, 착륙을 연습합니다."
AH-94:ah94-quickFlight:flightPractice:obj_0:name,A mission objective name,Take Off,이륙
AH-94:ah94-quickFlight:flightPractice:obj_0:info,Mission objective info.,Take off to 50ft.,50ft까지 이륙하십시오.
AH-94:ah94-quickFlight:flightPractice:obj_1:name,A mission objective name,Land Pad 1,1번 패드 착륙
AH-94:ah94-quickFlight:flightPractice:obj_1:info,Mission objective info.,Land on the same pad you took off from.,이륙했던 패드에 다시 착륙하십시오.
AH-94:ah94-quickFlight:flightPractice:obj_2:name,A mission objective name,Short Hop,짧은 이동
AH-94:ah94-quickFlight:flightPractice:obj_2:info,Mission objective info.,Land on Pad 2,2번 패드에 착륙하십시오.
AH-94:ah94-quickFlight:flightPractice:obj_3:name,A mission objective name,Medium Hop,중거리 이동
AH-94:ah94-quickFlight:flightPractice:obj_3:info,Mission objective info.,Slight turn to Pad 3,살짝 선회하여 3번 패드에 착륙하십시오.
AH-94:ah94-quickFlight:flightPractice:obj_4:name,A mission objective name,Long Hop,장거리 이동
AH-94:ah94-quickFlight:flightPractice:obj_4:info,Mission objective info.,Long hop to pad 4.  Small pad!,4번 패드까지 장거리 이동입니다.  패드가 작습니다!
AH-94:ah94-quickFlight:flightPractice:obj_5:name,A mission objective name,Tight Spot,좁은 자리
AH-94:ah94-quickFlight:flightPractice:obj_5:info,Mission objective info.,Land on the pad between the buildings.,건물 사이의 패드에 착륙하십시오.
AH-94:ah94-quickFlight:flightPractice:obj_6:name,A mission objective name,Rooftop 1,옥상 1
AH-94:ah94-quickFlight:flightPractice:obj_6:info,Mission objective info.,Land on the rooftop.,옥상에 착륙하십시오.
AH-94:ah94-quickFlight:flightPractice:obj_7:name,A mission objective name,Rooftop 2,옥상 2
AH-94:ah94-quickFlight:flightPractice:obj_7:info,Mission objective info.,Land on the rooftop 2.,두 번째 옥상에 착륙하십시오.
AH-94:ah94-quickFlight:flightPractice:obj_8:name,A mission objective name,Dock Pad,부두 패드
AH-94:ah94-quickFlight:flightPractice:obj_8:info,Mission objective info.,,
AH-94:ah94-quickFlight:flightPractice:obj_9:name,A mission objective name,Cross Country,크로스 컨트리
AH-94:ah94-quickFlight:flightPractice:obj_9:info,Mission objective info.,Land on the rooftop in the next city.,다음 도시의 옥상에 착륙하십시오.
AH-94:ah94-quickFlight:flightPractice:obj_10:name,A mission objective name,Cruiser,순양함
AH-94:ah94-quickFlight:flightPractice:obj_10:info,Mission objective info.,Land on the cruiser deck.,순양함 갑판에 착륙하십시오.
ah94-quickFlight:smallArms_name,Name of a mission.,Small Arms,경무장
ah94-quickFlight:smallArms_description,Description of a mission.,Attack lightly defended enemy encampments.,방어가 허술한 적 야영지를 공격하십시오.
AH-94:ah94-quickFlight:smallArms:obj_0:name,A mission objective name,Target Outpost A,전초기지 A 공격
AH-94:ah94-quickFlight:smallArms:obj_0:info,Mission objective info.,Destroy all units at the waypoint.,경유지의 모든 유닛을 파괴하십시오.
AH-94:ah94-quickFlight:smallArms:obj_1:name,A mission objective name,Target Outpost B,전초기지 B 공격
AH-94:ah94-quickFlight:smallArms:obj_1:info,Mission objective info.,Destroy all units at the waypoint.,경유지의 모든 유닛을 파괴하십시오.
AH-94:ah94-quickFlight:smallArms:obj_2:name,A mission objective name,Recon,정찰
AH-94:ah94-quickFlight:smallArms:obj_2:info,Mission objective info.,Fly to the designated area.,지정된 구역으로 비행하십시오.
AH-94:ah94-quickFlight:smallArms:obj_3:name,A mission objective name,Find Targets,목표 수색
AH-94:ah94-quickFlight:smallArms:obj_3:info,Mission objective info.,Use TADS to get an ID on targets in the area.,TADS를 사용해 해당 구역의 목표물을 식별하십시오.
AH-94:ah94-quickFlight:smallArms:obj_4:name,A mission objective name,Destroy Radar,레이더 파괴
AH-94:ah94-quickFlight:smallArms:obj_4:info,Mission objective info.,Destroy the radar on the mountain site.,산 위의 레이더를 파괴하십시오.
AH-94:ah94-quickFlight:smallArms:obj_5:name,A mission objective name,RTB,기지 귀환
AH-94:ah94-quickFlight:smallArms:obj_5:info,Mission objective info.,Land anywhere at base.,기지 아무 곳에나 착륙하십시오.
ah94-quickFlight:surpriseAttack_name,Name of a mission.,Surprise Attack,기습 공격
ah94-quickFlight:surpriseAttack_description,Description of a mission.,Surprise the enemy with a quick and sneaky attack on their airbase.,적 공군기지를 빠르고 은밀하게 기습 공격하십시오.
AH-94:ah94-quickFlight:surpriseAttack:obj_0:name,A mission objective name,Destroy Aircraft,항공기 파괴
AH-94:ah94-quickFlight:surpriseAttack:obj_0:info,Mission objective info.,Wait for bomber to land then destroy the aircraft before they take off!,"폭격기가 착륙할 때까지 기다렸다가, 항공기들이 이륙하기 전에 파괴하십시오!"
AH-94:ah94-quickFlight:surpriseAttack:obj_1:name,A mission objective name,RTB,기지 귀환
AH-94:ah94-quickFlight:surpriseAttack:obj_1:info,Mission objective info.,Return to the FARP.,FARP로 귀환하십시오.
ah94-quickFlight:Target Practice_name,Name of a mission.,Target Practice,사격 연습
ah94-quickFlight:Target Practice_description,Description of a mission.,Practice using the AH-94's weapons on various targets.,다양한 표적에 AH-94의 무장 사용을 연습합니다.
AH-94:ah94-quickFlight:Target Practice:obj_0:name,A mission objective name,Beach Targets,해변 표적
AH-94:ah94-quickFlight:Target Practice:obj_0:info,Mission objective info.,Destroy the stationary targets at the beach.,해변의 고정 표적을 파괴하십시오.
AH-94:ah94-quickFlight:Target Practice:obj_1:name,A mission objective name,Downtown MAD Targets,도심 MAD 표적
AH-94:ah94-quickFlight:Target Practice:obj_1:info,Mission objective info.,Destroy the MAD-4 launchers stationed between the skyscrapers.,고층 빌딩 사이에 배치된 MAD-4 발사대를 파괴하십시오.
AH-94:ah94-quickFlight:Target Practice:obj_2:name,A mission objective name,Moving Targets 1,이동 표적 1
AH-94:ah94-quickFlight:Target Practice:obj_2:info,Mission objective info.,Destroy the column of tanks driving around the suburbs.,교외를 주행 중인 전차 대열을 파괴하십시오.
AH-94:ah94-quickFlight:Target Practice:obj_3:name,A mission objective name,Moving Targets 2,이동 표적 2
AH-94:ah94-quickFlight:Target Practice:obj_3:info,Mission objective info.,Destroy the column of tanks driving around downtown.,도심을 주행 중인 전차 대열을 파괴하십시오.
AH-94:ah94-quickFlight:Target Practice:obj_4:name,A mission objective name,Oil Platform Targets,석유 시추 시설 표적
AH-94:ah94-quickFlight:Target Practice:obj_4:info,Mission objective info.,Neutralize the soldiers occupying the oil platform.,석유 시추 시설을 점거한 병력을 무력화하십시오.
AH-94:ah94-quickFlight:Target Practice:obj_5:name,A mission objective name,Destroy Boats,선박 파괴
AH-94:ah94-quickFlight:Target Practice:obj_5:info,Mission objective info.,Destroy the boats in the channel.,수로에 있는 선박들을 파괴하십시오.
AH-94:ah94-quickFlight:Target Practice:obj_7:name,A mission objective name,Destroy Air Targets,공중 목표 파괴
AH-94:ah94-quickFlight:Target Practice:obj_7:info,Mission objective info.,Destroy the air targets patrolling the channel.,수로를 초계 중인 공중 표적을 파괴하십시오.
ah94-quickFlight_arcticAssault_b0,Text from a mission briefing.,"We're in the final stages of the assault on the enemy base.

We have the enemy right where we want them -- a small valley within range of our artillery.","적 기지 공격이 최종 단계에 접어들었습니다.

적은 우리가 원하던 위치, 즉 아군 포병 사거리 안의 작은 계곡에 모여 있습니다."
ah94-quickFlight_arcticAssault_b1,Text from a mission briefing.,"We'll begin firing rocket artillery and need you to scout out the enemy position to confirm their destruction.

Your job will be to clean up any targets that remain after the artillery barrage.","곧 로켓 포격을 시작할 것이며, 당신이 적 진지를 정찰해 파괴 여부를 확인해야 합니다.

당신의 임무는 포격 후 남은 목표물을 정리하는 것입니다."
ah94-quickFlight_arcticAssault_b2,Text from a mission briefing.,"Once the main enemy battalion has been destroyed, we'll have you scout out and destroy a few other secondary targets to support our ground forces and clear the way for our bombers.","적 주력 대대가 파괴되면, 아군 지상군을 지원하고 폭격기의 진로를 확보하기 위해 몇 가지 보조 목표를 정찰하고 파괴하게 됩니다."
ah94-quickFlight_arcticAssault_b3,Text from a mission briefing.,Your role is crucial in this final push towards victory. Good luck!,승리를 향한 마지막 공세에서 당신의 역할이 매우 중요합니다. 행운을 빕니다!
ah94-quickFlight_flightPractice_b0,Text from a mission briefing.,Practice taking off and landing in various locations.,다양한 장소에서 이륙과 착륙을 연습합니다.
ah94-quickFlight_flightPractice_b1,Text from a mission briefing.,Just follow each waypoint. Can you make each landing smoother or more efficient than the last?,경유지를 차례로 따라가면 됩니다. 매번 이전보다 더 부드럽고 효율적으로 착륙해 보십시오.
ah94-quickFlight_flightPractice_b2,Text from a mission briefing.,Finish the mission by landing on the moving cruiser's deck.,이동 중인 순양함 갑판에 착륙하면 임무가 완료됩니다.
ah94-quickFlight_smallArms_b0,Text from a mission briefing.,"Welcome!

I know you've been itching for a bit of action so I have a few tasks lined up for you today.

Let's get started.","환영합니다!

실전이 그리웠을 테니 오늘은 몇 가지 임무를 준비해 두었습니다.

시작해 봅시다."
ah94-quickFlight_smallArms_b1,Text from a mission briefing.,"A huge mountain range divides us from the enemy territory, so we usually don't get too much activity in the area.

Recently we began spotting small groups passing through and setting up small camps on our side of the ridge.","거대한 산맥이 아군과 적 영토를 갈라놓고 있어 평소에는 이 지역에 큰 움직임이 없었습니다.

그런데 최근 소규모 부대가 산맥을 넘어와 능선 이쪽에 작은 야영지를 세우는 모습이 포착되기 시작했습니다."
ah94-quickFlight_smallArms_b2,Text from a mission briefing.,"They appear to be setting up forward operating bases to service their VTOL capable attack aircraft.

They are still early in the preparation stage so we should attack now before they get too fortified.","적은 수직이착륙 공격기를 운용하기 위한 전진 작전 기지를 세우려는 것으로 보입니다.

아직 준비 초기 단계이므로 방비가 굳어지기 전에 지금 공격해야 합니다."
ah94-quickFlight_smallArms_b3,Text from a mission briefing.,"We currently have positive intel on two camps.  We know where they are, and that they're only equipped with small arms, so this should be a breeze for you.

Their locations are available in the objective data.","현재 야영지 두 곳에 대한 확실한 정보를 갖고 있습니다.  위치도 파악했고 적은 가벼운 화기만 갖추고 있으니 어렵지 않을 것입니다.

위치는 목표 데이터에서 확인할 수 있습니다."
ah94-quickFlight_smallArms_b4,Text from a mission briefing.,"After you clear out those sites, there will be one more matter we need to look into.  

We are aware of transport activity in the high mountain region so we'll have you go and perform some recon.  Be sure to bring enough fuel.","그 두 곳을 정리한 뒤에 한 가지 더 확인할 일이 있습니다.  

고산 지대에서 수송 활동이 포착되어 정찰을 보내려 합니다. 연료를 충분히 채우고 가십시오."
ah94-quickFlight_smallArms_b5,Text from a mission briefing.,"Absolutely never go beyond the mountain range and into the plains.

Beyond that point is the enemy territory which is heavily defended by long range air defenses and fighters.","절대 산맥을 넘어 평원으로 들어가지 마십시오.

그 너머는 장거리 방공망과 전투기가 삼엄하게 지키는 적 영토입니다."
ah94-quickFlight_smallArms_b6,Text from a mission briefing.,"Summary
 Objectives
 - Destroy all targets at sites A and B
 - Perform recon in the high mountains
 Threats
 - Small arms fire
- MANPADS","요약
 목표
 - A, B 지점의 모든 목표물 파괴
 - 고산 지대 정찰
 위협
 - 소구경 화기 사격
- 휴대용 지대공 미사일"
ah94-quickFlight_surpriseAttack_b0,Text from a mission briefing.,"For this mission, you will need to act quickly and quietly.

The enemy plans to launch several groups of aircraft from their base.

Your objective is to destroy all of these aircraft before they take off.","이번 임무에서는 빠르고 조용하게 움직여야 합니다.

적은 기지에서 여러 항공기 편대를 출격시키려 하고 있습니다.

당신의 목표는 이 항공기들이 이륙하기 전에 모두 파괴하는 것입니다."
ah94-quickFlight_surpriseAttack_b1,Text from a mission briefing.,"You will be taking off from a forward arming and refueling point (FARP) about 30 miles from the target.

Fly low and make your way to the to the airbase undetected.","당신은 목표에서 약 30마일 떨어진 전방 무장 및 급유 지점(FARP)에서 이륙합니다.

낮게 비행하여 탐지되지 않은 채 공군기지까지 접근하십시오."
ah94-quickFlight_surpriseAttack_b2,Text from a mission briefing.,"A bomber is inbound to land at the airbase.  After it lands, the enemy fighters will begin to take off.  

You will have this window to strike while all aircraft are still on the ground.","폭격기 한 대가 공군기지에 착륙하러 접근 중입니다.  폭격기가 착륙한 뒤 적 전투기들이 이륙을 시작할 것입니다.  

모든 항공기가 아직 지상에 있는 이때가 공격 기회입니다."
ah94-quickFlight_surpriseAttack_b3,Text from a mission briefing.,"Beware that if they spot you before you are ready to attack, they may launch preemptively to defend themselves.","공격 준비를 마치기 전에 발각되면, 적이 자신을 지키기 위해 선제적으로 이륙할 수 있으니 주의하십시오."
ah94-quickFlight_surpriseAttack_b4,Text from a mission briefing.,"SUMMARY

Primary Targets:
- Landed aircraft

Threats:
- IR guided SAMs
- Small arms fire
- AAA","요약

주요 목표:
- 지상의 항공기

위협:
- 적외선 유도 지대공 미사일
- 소구경 화기 사격
- 대공포"
ah94-quickFlight_Target Practice_b0,Text from a mission briefing.,"Practice using the AH-94's weapons on various targets.

Targets will not shoot back so take your time to learn the equipment.

Check the objectives data to find targets.","다양한 표적에 AH-94의 무장 사용을 연습하십시오.

표적은 반격하지 않으니 천천히 장비를 익히십시오.

목표 데이터를 확인하여 표적을 찾으십시오."
campaign_av42c_tutorials_name,Name of a campaign.,AV-42C Tutorials,AV-42C 튜토리얼
campaign_av42c_tutorials_description,Description of a campaign.,Tutorials for the AV-42C,AV-42C 튜토리얼 모음
av42c_tutorials:tut_av42c_agm_name,Name of a mission.,Air-to-Ground Missiles,공대지 미사일
av42c_tutorials:tut_av42c_agm_description,Description of a mission.,Learn how to use air-to-ground missiles.,공대지 미사일 사용법을 배웁니다.
AV-42C:av42c_tutorials:tut_av42c_agm:obj_0:name,A mission objective name,AGM Tutorial,AGM 튜토리얼
AV-42C:av42c_tutorials:tut_av42c_agm:obj_0:info,Mission objective info.,Complete the AGM tutorial.,AGM 튜토리얼을 완료하십시오.
AV-42C:av42c_tutorials:tut_av42c_agm:obj_1:name,A mission objective name,Destroy Targets A,목표물 A 파괴
AV-42C:av42c_tutorials:tut_av42c_agm:obj_1:info,Mission objective info.,Destroy some of the targets around the waypoint using the AGM-114.,AGM-114를 사용해 경유지 주변의 목표물 일부를 파괴하십시오.
AV-42C:av42c_tutorials:tut_av42c_agm:obj_2:name,A mission objective name,Destroy Targets B,목표물 B 파괴
AV-42C:av42c_tutorials:tut_av42c_agm:obj_2:info,Mission objective info.,,
av42c_tutorials:tut_basicFlight_name,Name of a mission.,Basic Flight,기본 비행
av42c_tutorials:tut_basicFlight_description,Description of a mission.,"Taxi, take off, landing.","지상 활주, 이륙, 착륙."
av42c_tutorials:tut_gettingStarted_name,Name of a mission.,Getting Started,시작하기
av42c_tutorials:tut_gettingStarted_description,Description of a mission.,"Cockpit familiarization, start-up procedures.","조종석 숙지, 시동 절차"
av42c_tutorials:tut_weapons1_name,Name of a mission.,Basic Weapons,기본 무장
av42c_tutorials:tut_weapons1_description,Description of a mission.,"Learn how to use the cannon, rockets, and targeting system.","기관포, 로켓, 조준 시스템 사용법을 배웁니다."
av42c_tutorials:verticalFlight1_name,Name of a mission.,AP Vertical Flight,자동 조종 수직 비행
av42c_tutorials:verticalFlight1_description,Description of a mission.,Learn how to use the hover autopilot feature.,호버링 자동 조종 기능 사용법을 배웁니다.
av42c_tutorials_tut_av42c_agm_b0,Text from a mission briefing.,"Today, you will learn how to use air-to-ground missiles (AGMs) to destroy armored ground targets.",오늘은 공대지 미사일(AGM)을 사용하여 장갑 지상 목표물을 파괴하는 방법을 배웁니다.
av42c_tutorials_tut_basicFlight_b0,Text from a mission briefing.,"Learn how to use the virtual flight controls to taxi, take off, and land the AV-42C ""Kestrel"".","가상 비행 조종 장치를 사용하여 AV-42C ""Kestrel""의 지상 활주, 이륙, 착륙 방법을 배웁니다."
av42c_tutorials_tut_gettingStarted_b0,Text from a mission briefing.,"Today we will be learning how to operate the AV-42C.

The start-up procedure is not very complicated, so let's jump in and get started.","오늘은 AV-42C 조작법을 배워 보겠습니다.

시동 절차는 그리 복잡하지 않으니 바로 시작해 봅시다."
av42c_tutorials_tut_weapons1_b0,Text from a mission briefing.,"The AV-42C is capable of equipping various weapons.  Today you will learn how to use the 30mm GAU-8 cannon, and the Hydra-70 unguided rockets.  You will also learn how to find and acquire targets using the TGP.",AV-42C는 다양한 무장을 장착할 수 있습니다.  오늘은 30mm GAU-8 기관포와 Hydra-70 무유도 로켓 사용법을 배웁니다.  또한 TGP(조준 포드)를 사용해 목표를 찾고 포착하는 방법도 배웁니다.
av42c_tutorials_verticalFlight1_b0,Text from a mission briefing.,"Vertical flight can be tricky, but by using the hover autopilot, you can take off, hover, and land with ease.","수직 비행은 까다로울 수 있지만, 호버링 자동 조종을 사용하면 이륙, 호버링, 착륙을 쉽게 할 수 있습니다."
campaign_fa26b_tutorials_name,Name of a campaign.,FA-26B Tutorials,F/A-26B 튜토리얼
campaign_fa26b_tutorials_description,Description of a campaign.,Built-in tutorials for the F/A-26B.,F/A-26B 내장 튜토리얼입니다.
fa26b_tutorials:tut_26_radar_name,Name of a mission.,Radar,레이더
fa26b_tutorials:tut_26_radar_description,Description of a mission.,"Learn how to use the radar to find, track, and lock onto aircraft.","레이더를 사용해 항공기를 찾고, 추적하고, 록온하는 방법을 배웁니다."
F/A-26B:fa26b_tutorials:tut_26_radar:obj_0:name,A mission objective name,Tutorial,튜토리얼
F/A-26B:fa26b_tutorials:tut_26_radar:obj_0:info,Mission objective info.,Complete the radar tutorial,레이더 튜토리얼을 완료하십시오.
F/A-26B:fa26b_tutorials:tut_26_radar:obj_1:name,A mission objective name,Air Target 1,공중 표적 1
F/A-26B:fa26b_tutorials:tut_26_radar:obj_1:info,Mission objective info.,Shoot the target with an AIM-120,AIM-120으로 표적을 격추하십시오.
F/A-26B:fa26b_tutorials:tut_26_radar:obj_2:name,A mission objective name,Air Targets 2,공중 표적 2
F/A-26B:fa26b_tutorials:tut_26_radar:obj_2:info,Mission objective info.,Destroy the 5 other air targets.,나머지 공중 표적 5개를 파괴하십시오.
fa26b_tutorials:tut_26_sead_name,Name of a mission.,SEAD,방공망 제압
fa26b_tutorials:tut_26_sead_description,Description of a mission.,Learn how to use the ARAD and AGM-88 to destroy radar targets.,ARAD와 AGM-88을 사용해 레이더 표적을 파괴하는 방법을 배웁니다.
F/A-26B:fa26b_tutorials:tut_26_sead:obj_0:name,A mission objective name,SEAD Tutorial,방공망 제압 튜토리얼
F/A-26B:fa26b_tutorials:tut_26_sead:obj_0:info,Mission objective info.,Complete the SEAD tutorial,방공망 제압(SEAD) 튜토리얼을 완료하십시오.
F/A-26B:fa26b_tutorials:tut_26_sead:obj_1:name,A mission objective name,SEAD,방공망 제압
F/A-26B:fa26b_tutorials:tut_26_sead:obj_1:info,Mission objective info.,Destroy the SAM radars.,지대공 미사일 레이더를 파괴하십시오.
fa26b_tutorials_tut_26_radar_b0,Text from a mission briefing.,The F/A-26B is equipped with powerful forward facing radar. Learn how to use it to detect and track other aircraft.  Lock onto enemy targets to allow you to fire radar guided missiles.,F/A-26B에는 강력한 전방 레이더가 장착되어 있습니다. 이를 사용해 다른 항공기를 탐지하고 추적하는 방법을 배웁니다. 적 목표물을 록온하면 레이더 유도 미사일을 발사할 수 있습니다.
fa26b_tutorials_tut_26_sead_b0,Text from a mission briefing.,"One of the most abundant and dangerous threats to aircraft are Surface-to-Air Missiles (SAMs), most of which rely on radar to find and track targets.

Suppression of Enemy Air Defense (SEAD) operations neutralize or destroy these threats.","항공기에 가장 흔하고 위험한 위협 중 하나는 지대공 미사일(SAM)이며, 대부분 레이더로 표적을 찾고 추적합니다.

적 방공망 제압(SEAD) 작전은 이러한 위협을 무력화하거나 파괴합니다."
fa26b_tutorials_tut_26_sead_b1,Text from a mission briefing.,"One method of performing SEAD involves destroying the radar used by the SAMs.

You will learn how to use the Anti-Radar Attack Display (ARAD) in conjunction with the AGM-88 weapon to locate, target, and destroy enemy radars.","방공망 제압의 한 가지 방법은 지대공 미사일이 사용하는 레이더를 파괴하는 것입니다.

AGM-88 무장과 함께 대레이더 공격 화면(ARAD)을 사용하여 적 레이더를 찾고, 조준하고, 파괴하는 방법을 배웁니다."
campaign_ah94-tutorials_name,Name of a campaign.,AH-94 Tutorials,AH-94 튜토리얼
campaign_ah94-tutorials_description,Description of a campaign.,Enter description...,설명을 입력하세요...
ah94-tutorials:ah94tut_intro_name,Name of a mission.,Introduction,소개
ah94-tutorials:ah94tut_intro_description,Description of a mission.,"Introduction to the vehicle, and a general overview of the cockpit.",기체 소개와 조종석 전반에 대한 개요입니다.
AH-94:ah94-tutorials:ah94tut_intro:obj_0:name,A mission objective name,Introduction,소개
AH-94:ah94-tutorials:ah94tut_intro:obj_0:info,Mission objective info.,Complete the tutorial.,튜토리얼을 완료하십시오.
ah94-tutorials:ah94tut_startup_name,Name of a mission.,Start Up/Shut Down,시동/정지
ah94-tutorials:ah94tut_startup_description,Description of a mission.,How to start up and shut down the AH-94.,AH-94의 시동을 걸고 끄는 방법입니다.
AH-94:ah94-tutorials:ah94tut_startup:obj_0:name,A mission objective name,Tutorial,튜토리얼
AH-94:ah94-tutorials:ah94tut_startup:obj_0:info,Mission objective info.,Complete the tutorial.,튜토리얼을 완료하십시오.
ah94-tutorials:ah94tut_wpnTads_name,Name of a mission.,TADS and Gun,TADS와 기관포
ah94-tutorials:ah94tut_wpnTads_description,Description of a mission.,Control the TADS with the TEDAC and use it to slave the gun.,TEDAC으로 TADS를 조작하고 이를 이용해 기관포를 연동하는 방법을 배웁니다.
ah94-tutorials_ah94tut_intro_b0,Text from a mission briefing.,Learn about the AH-94 and take a quick look at each of the components in the cockpit.,AH-94에 대해 배우고 조종석의 각 구성 요소를 간단히 살펴봅니다.
ah94-tutorials_ah94tut_startup_b0,Text from a mission briefing.,"Learn the steps to properly start up the engines, spin up the rotor, and safely turn everything off.",엔진을 올바르게 시동하고 로터를 회전시키는 절차와 안전하게 모든 장치를 끄는 방법을 배웁니다.
ah94-tutorials_ah94tut_wpnTads_b0,Text from a mission briefing.,"Learn about the TADS, controlling it with the TEDAC, and steering the gun turret.","TADS에 대해 배우고, TEDAC으로 TADS를 조작하며 기관포 포탑을 조준하는 방법을 익힙니다."
campaign_quickMPFlights_name,Name of a campaign.,Coop/Freeflight,협동/자유 비행
campaign_quickMPFlights_description,Description of a campaign.,A collection of cooperative or freeflight scenarios for multiplayer.,멀티플레이용 협동 및 자유 비행 시나리오 모음입니다.
quickMPFlights:45_pveStrike_name,Name of a mission.,F-45 Cooperative Mission,F-45 협동 임무
quickMPFlights:45_pveStrike_description,Description of a mission.,Use cooperation and the advanced capabilities of the F-45A to complete various objectives.,협동과 F-45A의 첨단 성능을 활용하여 다양한 목표를 완료하십시오.
F/A-26B:quickMPFlights:45_pveStrike:obj_0:name,A mission objective name,Strike,타격
F/A-26B:quickMPFlights:45_pveStrike:obj_0:info,Mission objective info.,Destroy bunkers and supply tents at enemy airbase.,적 공군기지의 벙커와 보급 텐트를 파괴하십시오.
F/A-26B:quickMPFlights:45_pveStrike:obj_1:name,A mission objective name,CAP,전투 초계
F/A-26B:quickMPFlights:45_pveStrike:obj_1:info,Mission objective info.,Destroy all enemy aircraft.,모든 적 항공기를 파괴하십시오.
F/A-26B:quickMPFlights:45_pveStrike:obj_2:name,A mission objective name,Defend,방어
F/A-26B:quickMPFlights:45_pveStrike:obj_2:info,Mission objective info.,Destroy the enemy unit on the way to attack our base.,아군 기지를 공격하러 오는 적 유닛을 파괴하십시오.
F/A-26B:quickMPFlights:45_pveStrike:obj_4:name,A mission objective name,Destroy Nearby SAMs,주변 지대공 미사일 파괴
F/A-26B:quickMPFlights:45_pveStrike:obj_4:info,Mission objective info.,Destroy the MAD-4 set up near base to allow our AWACS to deploy.,아군 AWACS가 배치될 수 있도록 기지 근처에 설치된 MAD-4를 파괴하십시오.
quickMPFlights:airshowFreeflight_name,Name of a mission.,Free Flight / Airshow,자유 비행 / 에어쇼
quickMPFlights:airshowFreeflight_description,Description of a mission.,"All vehicles, no weapons.","모든 기체, 무장 없음."
F/A-26B:quickMPFlights:airshowFreeflight:obj_0:name,A mission objective name,Free Flight,자유 비행
F/A-26B:quickMPFlights:airshowFreeflight:obj_0:info,Mission objective info.,Have fun! Be nice!,즐거운 시간 보내세요! 매너는 지켜 주세요!
quickMPFlights:mp_navalMission_name,Name of a mission.,F/A-26B Naval Strike Mission,F/A-26B 해상 타격 임무
quickMPFlights:mp_navalMission_description,Description of a mission.,Fly strike missions off the Aircraft Carrier with your buddies.,동료들과 함께 항공모함에서 출격해 타격 임무를 수행하십시오.
F/A-26B:quickMPFlights:mp_navalMission:obj_1:name,A mission objective name,Hidden Bunkers,숨겨진 벙커
F/A-26B:quickMPFlights:mp_navalMission:obj_1:info,Mission objective info.,Destroy the enemy's secret bunkers hidden in the caldera.,칼데라에 숨겨진 적의 비밀 벙커를 파괴하십시오.
F/A-26B:quickMPFlights:mp_navalMission:obj_2:name,A mission objective name,Mine Laying Vessels,기뢰 부설선
F/A-26B:quickMPFlights:mp_navalMission:obj_2:info,Mission objective info.,Destroy the mine laying ships parked in the bay.,만에 정박해 있는 기뢰 부설선을 파괴하십시오.
F/A-26B:quickMPFlights:mp_navalMission:obj_3:name,A mission objective name,Enemy Carrier Group,적 항모 전단
F/A-26B:quickMPFlights:mp_navalMission:obj_3:info,Mission objective info.,Find and destroy all ships in the enemy carrier group.,적 항모 전단의 모든 함선을 찾아 파괴하십시오.
F/A-26B:quickMPFlights:mp_navalMission:obj_4:name,A mission objective name,Assassinate,암살
F/A-26B:quickMPFlights:mp_navalMission:obj_4:info,Mission objective info.,Find and kill the enemy leadership hiding in the town.,마을에 숨어 있는 적 지휘부를 찾아 제거하십시오.
F/A-26B:quickMPFlights:mp_navalMission:obj_5:name,A mission objective name,Protect Carrier,항공모함 보호
F/A-26B:quickMPFlights:mp_navalMission:obj_5:info,Mission objective info.,Do not allow your carrier to be destroyed.,아군 항공모함이 파괴되지 않도록 지키십시오.
quickMPFlights_45_pveStrike_b0,Text from a mission briefing.,"Your team of F-45 pilots have been tasked to carry out an attack against the enemy.

Use cooperation and the advanced capabilities of your aircraft to complete the mission.","F-45 조종사로 구성된 여러분의 팀은 적을 공격하라는 임무를 받았습니다.

팀워크와 기체의 첨단 성능을 활용하여 임무를 완수하십시오."
quickMPFlights_45_pveStrike_b1,Text from a mission briefing.,"The first objective is to destroy the enemy Mobile Air Defense units (MAD-4) which are stationed just outside of our airbase.

We can't deploy our AWACS until these air defenses are eliminated.","첫 번째 목표는 아군 공군기지 바로 밖에 주둔 중인 적 기동 방공 부대(MAD-4)를 파괴하는 것입니다.

이 방공 전력이 제거되기 전까지는 아군 공중조기경보기(AWACS)를 배치할 수 없습니다."
quickMPFlights_45_pveStrike_b2,Text from a mission briefing.,"A convoy of tanks are on their way to our base.  They may be little more than a nuisance to you, but destroy them nonetheless.  If they reach the base they will likely start destroying our supplies and other assets.","전차 호송대가 아군 기지를 향해 이동 중입니다. 여러분에게는 성가신 존재에 불과하겠지만, 반드시 파괴하십시오. 기지에 도달하면 아군 보급품과 자산을 파괴하기 시작할 것입니다."
quickMPFlights_45_pveStrike_b3,Text from a mission briefing.,"At your discretion, complete the rest of the mission by finding and destroying the numerous hostile aircraft, and finally busting the bunkers and supply depots at the enemy base.","이후에는 재량에 따라 다수의 적 항공기를 찾아 파괴하고, 마지막으로 적 기지의 벙커와 보급 창고를 파괴하여 나머지 임무를 완수하십시오."
quickMPFlights_airshowFreeflight_b0,Text from a mission briefing.,"This is a freeflight scenario with no objectives.

A","목표가 없는 자유 비행 시나리오입니다.

A"
quickMPFlights_mp_navalMission_b0,Text from a mission briefing.,"The carrier strike group has arrived at the enemy's doorstep in the northern sea.

Launch with your wingmen and take on the various objectives.","항공모함 강습단이 북쪽 바다의 적 코앞까지 도달했습니다.

윙맨과 함께 발진하여 다양한 목표를 수행하십시오."
quickMPFlights_mp_navalMission_b1,Text from a mission briefing.,"The skies are covered by enemy patrols and air defense units.  

Split the responsibilities of CAP, SEAD and Attack among your team members and work together to complete the mission.","하늘은 적 초계기와 방공 부대로 뒤덮여 있습니다.

CAP(전투 공중 초계), SEAD(적 방공망 제압), 공격 임무를 팀원끼리 분담하고 협력하여 임무를 완수하십시오."
campaign_mp_PVPScenarios_name,Name of a campaign.,PVP Scenarios,PVP 시나리오
campaign_mp_PVPScenarios_description,Description of a campaign.,Various competitive multiplayer game modes.,다양한 경쟁형 멀티플레이 게임 모드입니다.
mp_PVPScenarios:26b_bvrTest_name,Name of a mission.,A2A BVR Combat,A2A BVR 전투
mp_PVPScenarios:26b_bvrTest_description,Description of a mission.,Each team gets 4x F/A-26Bs and 2x F-45As. First team to 24 points wins!,각 팀은 F/A-26B 4대와 F-45A 2대를 받습니다. 24점을 먼저 획득하는 팀이 승리합니다!
F/A-26B:mp_PVPScenarios:26b_bvrTest:obj_0:name,A mission objective name,24 Kills,24킬
F/A-26B:mp_PVPScenarios:26b_bvrTest:obj_0:info,Mission objective info.,First team to 24 points wins!,24점을 먼저 획득하는 팀이 승리합니다!
mp_PVPScenarios:26b_dogfightGunsMissiles_name,Name of a mission.,Dogfight Guns'n'Heaters,도그파이트: 기관포와 열추적 미사일
mp_PVPScenarios:26b_dogfightGunsMissiles_description,Description of a mission.,Quick dogfight match for F/A-26B with guns and heat seeking missiles (AIM-9). First team to 24 points wins!,기관포와 열추적 미사일(AIM-9)로 벌이는 F/A-26B의 빠른 도그파이트 경기입니다. 24점을 먼저 획득하는 팀이 승리합니다!
F/A-26B:mp_PVPScenarios:26b_dogfightGunsMissiles:obj_0:name,A mission objective name,24 Kills,24킬
F/A-26B:mp_PVPScenarios:26b_dogfightGunsMissiles:obj_0:info,Mission objective info.,First team to 24 points wins!,24점을 먼저 획득하는 팀이 승리합니다!
mp_PVPScenarios:42c_deathmatch_name,Name of a mission.,AV-42C Deathmatch,AV-42C 데스매치
mp_PVPScenarios:42c_deathmatch_description,Description of a mission.,6 vs 6 Kestrels!  This was originally to look for bugs relating to the AV-42C.,6 대 6 케스트럴전입니다! 원래는 AV-42C 관련 버그를 찾기 위해 만들어진 임무입니다.
F/A-26B:mp_PVPScenarios:42c_deathmatch:obj_0:name,A mission objective name,24 Kills,24킬
F/A-26B:mp_PVPScenarios:42c_deathmatch:obj_0:info,Mission objective info.,First team to 24 points wins!,24점을 먼저 획득하는 팀이 승리합니다!
mp_PVPScenarios:Capture the Flag_name,Name of a mission.,Capture the Flag,깃발 뺏기
mp_PVPScenarios:Capture the Flag_description,Description of a mission.,Rescue your soldiers from the enemy base and bring them back to your own. Each team will need to bring home 3 soldiers.,적 기지에서 아군 병사를 구출해 본진으로 데려오십시오. 각 팀은 병사 3명을 복귀시켜야 합니다.
AV-42C:mp_PVPScenarios:Capture the Flag:obj_0:name,A mission objective name,Pickup 1,픽업 1
AV-42C:mp_PVPScenarios:Capture the Flag:obj_0:info,Mission objective info.,Pick up the soldier.,병사를 태우십시오.
AV-42C:mp_PVPScenarios:Capture the Flag:obj_1:name,A mission objective name,Bring it home!,기지로 복귀!
AV-42C:mp_PVPScenarios:Capture the Flag:obj_1:info,Mission objective info.,Bring the soldier to Homeplate.,병사를 홈플레이트(본진)로 데려가십시오.
AV-42C:mp_PVPScenarios:Capture the Flag:obj_2:name,A mission objective name,Pickup 2,픽업 2
AV-42C:mp_PVPScenarios:Capture the Flag:obj_2:info,Mission objective info.,Pick up the second soldier.,두 번째 병사를 태우십시오.
AV-42C:mp_PVPScenarios:Capture the Flag:obj_3:name,A mission objective name,Bring it home! 2,기지로 복귀! 2
AV-42C:mp_PVPScenarios:Capture the Flag:obj_3:info,Mission objective info.,Bring the soldier to Homeplate.,병사를 홈플레이트(본진)로 데려가십시오.
AV-42C:mp_PVPScenarios:Capture the Flag:obj_4:name,A mission objective name,Pickup 3,픽업 3
AV-42C:mp_PVPScenarios:Capture the Flag:obj_4:info,Mission objective info.,Pick up the final soldier.,마지막 병사를 태우십시오.
AV-42C:mp_PVPScenarios:Capture the Flag:obj_5:name,A mission objective name,Bring it home! 3,기지로 복귀! 3
AV-42C:mp_PVPScenarios:Capture the Flag:obj_5:info,Mission objective info.,Bring the final soldier to homeplate!,마지막 병사를 홈플레이트로 데려가십시오!
mp_PVPScenarios:mp_26bDogfightGuns_name,Name of a mission.,F/A-26B Dogfight (Guns Only),F/A-26B 도그파이트(기관포 전용)
mp_PVPScenarios:mp_26bDogfightGuns_description,Description of a mission.,Quick dogfight match for F/A-26B. First team to 24 points wins!,F/A-26B로 벌이는 빠른 도그파이트 경기입니다. 24점을 먼저 획득하는 팀이 승리합니다!
F/A-26B:mp_PVPScenarios:mp_26bDogfightGuns:obj_0:name,A mission objective name,Dogfight,도그파이트
F/A-26B:mp_PVPScenarios:mp_26bDogfightGuns:obj_0:info,Mission objective info.,First team to 24 points wins!,24점을 먼저 획득하는 팀이 승리합니다!
mp_PVPScenarios:mp_baseAttack_name,Name of a mission.,PVP Strike Mission,PVP 공격 임무
mp_PVPScenarios:mp_baseAttack_description,Description of a mission.,Destroy the ground targets at the enemy base before they destroy yours. Defend your own assets from the enemy attack.,적이 아군 기지를 파괴하기 전에 적 기지의 지상 목표를 먼저 파괴하십시오. 적의 공격으로부터 아군 자산을 방어하십시오.
F/A-26B:mp_PVPScenarios:mp_baseAttack:obj_0:name,A mission objective name,Airbase Targets,공군기지 표적
F/A-26B:mp_PVPScenarios:mp_baseAttack:obj_0:info,Mission objective info.,Destroy bunkers and supply tents at the enemy airbase.,적 공군기지의 벙커와 보급 텐트를 파괴하십시오.
F/A-26B:mp_PVPScenarios:mp_baseAttack:obj_1:name,A mission objective name,Outpost A Targets,전초기지 A 표적
F/A-26B:mp_PVPScenarios:mp_baseAttack:obj_1:info,Mission objective info.,Destroy tents and bunkers at Outpost A.,전초기지 A의 텐트와 벙커를 파괴하십시오.
F/A-26B:mp_PVPScenarios:mp_baseAttack:obj_2:name,A mission objective name,Outpost B Targets,전초기지 B 표적
F/A-26B:mp_PVPScenarios:mp_baseAttack:obj_2:info,Mission objective info.,Destroy tents and bunkers at Outpost B.,전초기지 B의 텐트와 벙커를 파괴하십시오.
mp_PVPScenarios:mp_pvpStrikeLowTech_name,Name of a mission.,[LOW TECH] PVP Strike Mission,[구형 무기] PVP 공격 임무
mp_PVPScenarios:mp_pvpStrikeLowTech_description,Description of a mission.,Destroy the ground targets at the enemy base before they destroy yours. Defend your own assets from the enemy attack. Low-tech weapons only.,적이 아군 기지를 파괴하기 전에 적 기지의 지상 목표를 먼저 파괴하십시오. 적의 공격으로부터 아군 자산을 방어하십시오. 구형 무기만 사용할 수 있습니다.
F/A-26B:mp_PVPScenarios:mp_pvpStrikeLowTech:obj_0:name,A mission objective name,Airbase Targets,공군기지 표적
F/A-26B:mp_PVPScenarios:mp_pvpStrikeLowTech:obj_0:info,Mission objective info.,Destroy bunkers and supply tents at the enemy airbase.,적 공군기지의 벙커와 보급 텐트를 파괴하십시오.
F/A-26B:mp_PVPScenarios:mp_pvpStrikeLowTech:obj_1:name,A mission objective name,Outpost A Targets,전초기지 A 표적
F/A-26B:mp_PVPScenarios:mp_pvpStrikeLowTech:obj_1:info,Mission objective info.,Destroy tents and bunkers at Outpost A.,전초기지 A의 텐트와 벙커를 파괴하십시오.
F/A-26B:mp_PVPScenarios:mp_pvpStrikeLowTech:obj_2:name,A mission objective name,Outpost B Targets,전초기지 B 표적
F/A-26B:mp_PVPScenarios:mp_pvpStrikeLowTech:obj_2:info,Mission objective info.,Destroy tents and bunkers at Outpost B.,전초기지 B의 텐트와 벙커를 파괴하십시오.
mp_PVPScenarios_26b_bvrTest_b0,Text from a mission briefing.,Each team gets 4x F/A-26Bs and 2x F-45As. Try out some pure air combat!,각 팀은 F/A-26B 4대와 F-45A 2대를 받습니다. 순수한 공중전을 즐겨 보십시오!
mp_PVPScenarios_26b_bvrTest_b1,Text from a mission briefing.,"The bases are about 75 nautical miles apart, so you will be able to spread out and make use of BVR (beyond visual range) tactics.","두 기지는 약 75해리 떨어져 있으므로, 넓게 산개하여 BVR(가시거리 밖) 전술을 활용할 수 있습니다."
mp_PVPScenarios_26b_bvrTest_b2,Text from a mission briefing.,The first team to score 24 kills wins.,24킬을 먼저 달성하는 팀이 승리합니다.
mp_PVPScenarios_26b_dogfightGunsMissiles_b0,Text from a mission briefing.,You're in the merge!  Get ready for a fight!,적과 조우했습니다! 전투를 준비하십시오!
mp_PVPScenarios_26b_dogfightGunsMissiles_b1,Text from a mission briefing.,"Use your guns, missiles, and flares to achieve victory!","기관포, 미사일, 플레어를 활용해 승리를 쟁취하십시오!"
mp_PVPScenarios_42c_deathmatch_b0,Text from a mission briefing.,This is just a test scenario for the AV-42C.,AV-42C를 위한 테스트 시나리오입니다.
mp_PVPScenarios_42c_deathmatch_b1,Text from a mission briefing.,Shoot each other... for science!,과학을 위해 서로 쏘십시오!
mp_PVPScenarios_Capture the Flag_b0,Text from a mission briefing.,"The object of the game is to pick up and bring home 3 soldiers.

You will need at least one AV-42C on your team to complete the objectives.","이 게임의 목표는 병사 3명을 태워서 본진으로 데려오는 것입니다.

목표를 달성하려면 팀에 AV-42C가 최소 1대 필요합니다."
mp_PVPScenarios_Capture the Flag_b1,Text from a mission briefing.,"Only one soldier will appear at a time.  Once you successfully bring home the soldier, a new one will appear in a different location.

Each new soldier will be closer to the enemy base.","병사는 한 번에 한 명씩만 나타납니다. 병사를 본진으로 무사히 데려오면 새 병사가 다른 위치에 나타납니다.

새로 나타나는 병사는 점점 적 기지에 가까워집니다."
mp_PVPScenarios_Capture the Flag_b2,Text from a mission briefing.,"The soldiers can't be killed.  If an AV-42C is shot down while carrying a soldier, the soldier will return to its spawn point.",병사는 죽지 않습니다. 병사를 태운 AV-42C가 격추되면 병사는 원래 배치 지점으로 돌아갑니다.
mp_PVPScenarios_Capture the Flag_b3,Text from a mission briefing.,Good luck!,행운을 빕니다!
mp_PVPScenarios_mp_26bDogfightGuns_b0,Text from a mission briefing.,"This is a classic guns-only dogfight scenario. 

You will spawn head to head with your opponents.  

Prepare for combat!","기관포만 사용하는 클래식 도그파이트 시나리오입니다.

상대와 정면으로 마주 본 상태에서 배치됩니다.

전투를 준비하십시오!"
mp_PVPScenarios_mp_26bDogfightGuns_b1,Text from a mission briefing.,Try to avoid shooting before the merge!,조우 전에는 사격을 자제하십시오!
mp_PVPScenarios_mp_26bDogfightGuns_b2,Text from a mission briefing.,The first team to suffer 24 deaths loses.,24번 먼저 격추당한 팀이 패배합니다.
mp_PVPScenarios_mp_baseAttack_b0,Text from a mission briefing.,"In this scenario, each team has assets that they will need to defend, as well as enemy targets they need to destroy.

Work together with your team to attack and defend.","이 시나리오에서 각 팀은 방어해야 할 자산과 파괴해야 할 적 목표를 갖고 있습니다.

팀과 협력하여 공격과 방어를 수행하십시오."
mp_PVPScenarios_mp_baseAttack_b1,Text from a mission briefing.,"Team A is based in the north-western region, while Team B is in the south-eastern region.

Each team has 3 outposts which are the primary targets to attack/defend.","A팀은 북서쪽 지역에, B팀은 남동쪽 지역에 기지를 두고 있습니다.

각 팀에는 공격/방어의 주요 목표인 전초기지 3곳이 있습니다."
mp_PVPScenarios_mp_pvpStrikeLowTech_b0,Text from a mission briefing.,"In this scenario, each team has assets that they will need to defend, as well as enemy targets they need to destroy.

Work together with your team to attack and defend.","이 시나리오에서 각 팀은 방어해야 할 자산과 파괴해야 할 적 목표를 갖고 있습니다.

팀과 협력하여 공격과 방어를 수행하십시오."
mp_PVPScenarios_mp_pvpStrikeLowTech_b1,Text from a mission briefing.,"Team A is based in the north-western region, while Team B is in the south-eastern region.

Each team has 3 outposts which are the primary targets to attack/defend.","A팀은 북서쪽 지역에, B팀은 남동쪽 지역에 기지를 두고 있습니다.

각 팀에는 공격/방어의 주요 목표인 전초기지 3곳이 있습니다."
campaign_ah94-mpMissions_name,Name of a campaign.,AH-94 Multicrew,AH-94 멀티크루
campaign_ah94-mpMissions_description,Description of a campaign.,Larger scale missions designed for multicrew and multiple helicopters.,멀티크루와 다수의 헬리콥터를 위해 설계된 대규모 임무입니다.
ah94-mpMissions:ah94_mp1_name,Name of a mission.,Urban Liberation,도시 해방
ah94-mpMissions:ah94_mp1_description,Description of a mission.,Spearhead the effort to liberate a city under enemy occupation.,적에게 점령된 도시를 해방하는 작전을 선봉에서 이끄십시오.
AV-42C:ah94-mpMissions:ah94_mp1:obj_0:name,A mission objective name,SEAD MAD-4,MAD-4 방공망 제압
AV-42C:ah94-mpMissions:ah94_mp1:obj_0:info,Mission objective info.,Destroy or disable all MAD-4 units.,모든 MAD-4 유닛을 파괴하거나 무력화하십시오.
AV-42C:ah94-mpMissions:ah94_mp1:obj_1:name,A mission objective name,SEAD Ships,함선 방공망 제압
AV-42C:ah94-mpMissions:ah94_mp1:obj_1:info,Mission objective info.,Disable the long range air defenses on the ships.,함선에 탑재된 장거리 방공 시스템을 무력화하십시오.
AV-42C:ah94-mpMissions:ah94_mp1:obj_2:name,A mission objective name,Destroy HQ,본부 파괴
AV-42C:ah94-mpMissions:ah94_mp1:obj_2:info,Mission objective info.,Find the makeshift HQ and destroy all of its major assets.,임시 본부를 찾아 주요 자산을 모두 파괴하십시오.
AV-42C:ah94-mpMissions:ah94_mp1:obj_3:name,A mission objective name,Kill Air Patrol,공중 초계 격추
AV-42C:ah94-mpMissions:ah94_mp1:obj_3:info,Mission objective info.,"Destroy patrolling GAV-25 group, or let our fighters handle it.",초계 중인 GAV-25 편대를 파괴하거나 아군 전투기에 맡기십시오.
AV-42C:ah94-mpMissions:ah94_mp1:obj_4:name,A mission objective name,Escort Bravo,브라보 호위
AV-42C:ah94-mpMissions:ah94_mp1:obj_4:info,Mission objective info.,Escort special forces unit Bravo to extract the civillians.,특수부대 브라보를 호위하여 민간인을 구출하십시오.
AV-42C:ah94-mpMissions:ah94_mp1:obj_6:name,A mission objective name,Armored Units,기갑 부대
AV-42C:ah94-mpMissions:ah94_mp1:obj_6:info,Mission objective info.,Destroy the armored units moving up the road towards our base.,아군 기지 방면 도로를 따라 이동 중인 기갑 부대를 파괴하십시오.
AV-42C:ah94-mpMissions:ah94_mp1:obj_7:name,A mission objective name,RTB,귀환
AV-42C:ah94-mpMissions:ah94_mp1:obj_7:info,Mission objective info.,Return to base.,기지로 귀환하십시오.
ah94-mpMissions:ah94_mp2_coast_name,Name of a mission.,Midnight Assassin,한밤의 암살자
ah94-mpMissions:ah94_mp2_coast_description,Description of a mission.,Assassinate the elusive dictators.,종적이 묘연한 독재자들을 암살하십시오.
AV-42C:ah94-mpMissions:ah94_mp2_coast:obj_0:name,A mission objective name,Assassinate,암살
AV-42C:ah94-mpMissions:ah94_mp2_coast:obj_0:info,Mission objective info.,Destroy the 3 APCs carrying the enemy dictators.,적 독재자들이 탑승한 APC 3대를 파괴하십시오.
AV-42C:ah94-mpMissions:ah94_mp2_coast:obj_1:name,A mission objective name,Artillery Trucks,포병 트럭
AV-42C:ah94-mpMissions:ah94_mp2_coast:obj_1:info,Mission objective info.,Find and destroy rocket artillery trucks.,로켓 포병 트럭을 찾아 파괴하십시오.
AV-42C:ah94-mpMissions:ah94_mp2_coast:obj_2:name,A mission objective name,Artillery Boats,포격정
AV-42C:ah94-mpMissions:ah94_mp2_coast:obj_2:info,Mission objective info.,,
ah94-mpMissions_ah94_mp1_b0,Text from a mission briefing.,"The city has been overrun by the enemy. They've taken complete control and have set up a makeshift HQ at the city center.

Most of the civillians have been evacuated, however a small group is trapped in one of the industrial buildings.","도시가 적에게 점령당했습니다. 적은 도시를 완전히 장악하고 도심에 임시 본부를 설치했습니다.

민간인 대부분은 대피했지만, 일부가 공업 건물 한 곳에 갇혀 있습니다."
ah94-mpMissions_ah94_mp1_b1,Text from a mission briefing.,"Our main goal today is to get those civillians to safety, but there are a few steps we need to take in order to do that.",오늘의 주요 목표는 그 민간인들을 안전하게 구출하는 것입니다. 하지만 그러기 위해서는 몇 가지 절차가 필요합니다.
ah94-mpMissions_ah94_mp1_b2,Text from a mission briefing.,"A pair enemy ground attack aircraft are patrolling the area.  They need to be destroyed before we can begin the rescue operation.

We would send in fighters to take care of them but the enemy have strong air defenses.","적 지상 공격기 2대가 해당 지역을 초계 중입니다. 구조 작전을 시작하려면 먼저 이들을 파괴해야 합니다.

전투기를 보내 처리하고 싶지만 적의 방공망이 강력합니다."
ah94-mpMissions_ah94_mp1_b3,Text from a mission briefing.,"This is where you will begin.

Destroy the MAD-4 units around the city, as well as the long range anti-air missile systems on the ships parked off the coast.

This will allow us to send the fighters to gain air superiority.","여러분은 여기서부터 시작합니다.

도시 주변의 MAD-4 유닛과 해안에 정박한 함선의 장거리 대공 미사일 시스템을 파괴하십시오.

그래야 아군 전투기를 보내 제공권을 확보할 수 있습니다."
ah94-mpMissions_ah94_mp1_b4,Text from a mission briefing.,"Once the air defenses and air patrol are destroyed, special forces unit Bravo will enter the city by road vehicles.

You will need to provide close air support and clear their way through the city streets.","방공망과 공중 초계가 파괴되면 특수부대 브라보가 차량으로 도시에 진입합니다.

근접 항공 지원을 제공하여 시가지를 통과하는 길을 열어 주십시오."
ah94-mpMissions_ah94_mp1_b5,Text from a mission briefing.,"Finally, while we have you on station and are maintaining air superiority, we need you to find the HQ that the enemy has set up downtown.  They are storing valuable supplies and equipment there, so destroy everything you find.","마지막으로, 여러분이 현장에 있고 제공권이 유지되는 동안 적이 도심에 설치한 본부를 찾아야 합니다. 그곳에 귀중한 보급품과 장비가 보관되어 있으니, 발견하는 모든 것을 파괴하십시오."
ah94-mpMissions_ah94_mp1_b6,Text from a mission briefing.,"SUMMARY
Objectives
1. SEAD (MAD-4 and ship SAMs)
 2. Destroy enemy aircraft (with help)
 3. Escort Bravo on rescue mission
 4. Find and destroy assets at enemy HQ
Threats
- SAMs, infantry, attack aircraft","요약
목표
 1. 방공망 제압(MAD-4 및 함선 SAM)
 2. 적 항공기 파괴(아군 지원 가능)
 3. 구조 임무 중 브라보 호위
 4. 적 본부 자산 수색 및 파괴
위협
- 지대공 미사일, 보병, 공격기"
ah94-mpMissions_ah94_mp2_coast_b0,Text from a mission briefing.,"Tonight, we're taking on a daring but crucial mission.

It's time to stop enemy's reign of terror.

We'll be launching from the carrier at midnight.","오늘 밤, 우리는 대담하지만 매우 중요한 임무에 나섭니다.

적의 공포 통치를 끝낼 때가 왔습니다.

자정에 항공모함에서 발진합니다."
ah94-mpMissions_ah94_mp2_coast_b1,Text from a mission briefing.,"The enemy leaders have been highly elusive, but thanks to our network of informants, we have intel that all of the top officials will be in Pike City to oversee an inspection of 5 new warships.","적 지도부는 좀처럼 종적을 드러내지 않았지만, 아군 정보원 네트워크 덕분에 고위 간부 전원이 신형 군함 5척의 사열을 위해 파이크 시티에 모인다는 정보를 입수했습니다."
ah94-mpMissions_ah94_mp2_coast_b2,Text from a mission briefing.,"The city, and the harbor especially, are heavily defended, but we can't pass up this opportunity.

Move towards the harbor, delaying detection as long as possible.  The moment they know we're here, the leaders will attempt to flee the city.","도시, 특히 항구는 방어가 삼엄하지만 이 기회를 놓칠 수는 없습니다.

최대한 탐지를 피하면서 항구 쪽으로 접근하십시오. 우리 존재가 발각되는 순간 지도부는 도시를 빠져나가려 할 것입니다."
ah94-mpMissions_ah94_mp2_coast_b3,Text from a mission briefing.,"The primary objective is to assassinate the leaders, who will be riding in 3 armored personnel carriers (APCs).",주요 목표는 장갑차(APC) 3대에 나눠 타고 이동하는 지도부를 암살하는 것입니다.
ah94-mpMissions_ah94_mp2_coast_b4,Text from a mission briefing.,"We are also aware that mobile artillery units, both land and sea, are ready to deploy when provoked, so we must find them and destroy them before they can fire on our ships.",또한 지상과 해상의 기동 포병 부대가 도발 시 즉각 전개할 준비가 되어 있는 것으로 파악됩니다. 이들이 아군 함선을 포격하기 전에 찾아서 파괴해야 합니다.
ah94-mpMissions_ah94_mp2_coast_b5,Text from a mission briefing.,"Find and assassinate the leaders, destroy the artillery boats and trucks, then return to the carrier.",지도부를 찾아 암살하고 포격정과 포병 트럭을 파괴한 뒤 항공모함으로 귀환하십시오.
campaign_ah94-quickFlight_mp_name,Name of a campaign.,AH-94 Quick Flight,AH-94 빠른 비행
campaign_ah94-quickFlight_mp_description,Description of a campaign.,Quick flights and missions for the AH-94 Attack Helicopter.,AH-94 공격 헬리콥터를 위한 빠른 비행과 임무입니다.
ah94-quickFlight_mp:ah94_4v4pvp_name,Name of a mission.,AH-94 Deathmatch 4v4,AH-94 데스매치 4v4
ah94-quickFlight_mp:ah94_4v4pvp_description,Description of a mission.,Four AH-94s (8 pilots total) per team.,팀당 AH-94 4대(조종사 8명)로 진행됩니다.
AH-94:ah94-quickFlight_mp:ah94_4v4pvp:obj_0:name,A mission objective name,24 Deaths Loses,24회 격추 시 패배
AH-94:ah94-quickFlight_mp:ah94_4v4pvp:obj_0:info,Mission objective info.,First team to 24 deaths loses.,24번 먼저 격추당한 팀이 패배합니다.
ah94-quickFlight_mp:ah94_mpFreeFlight_name,Name of a mission.,AH-94 Free Flight,AH-94 자유 비행
ah94-quickFlight_mp:ah94_mpFreeFlight_description,Description of a mission.,"16 pilots, 8 choppers, 0 objectives.","조종사 16명, 헬리콥터 8대, 목표 없음."
ah94-quickFlight_mp:arcticAssault_name,Name of a mission.,Arctic Assault,북극 공격
ah94-quickFlight_mp:arcticAssault_description,Description of a mission.,Scout targets for artillery and destroy anything that remains.,"포병을 위해 목표를 정찰하고, 남은 것은 모두 파괴하십시오."
AH-94:ah94-quickFlight_mp:arcticAssault:obj_0:name,A mission objective name,Artillery Targets,포병 목표물
AH-94:ah94-quickFlight_mp:arcticAssault:obj_0:info,Mission objective info.,Destroy any remaining targets at the waypoint.,경유지에 남아 있는 모든 목표를 파괴하십시오.
AH-94:ah94-quickFlight_mp:arcticAssault:obj_1:name,A mission objective name,Armored Targets,기갑 목표물
AH-94:ah94-quickFlight_mp:arcticAssault:obj_1:info,Mission objective info.,Destroy the armored group moving towards our troops.,아군 병력을 향해 이동 중인 기갑 부대를 파괴하십시오.
AH-94:ah94-quickFlight_mp:arcticAssault:obj_2:name,A mission objective name,Find Targets,목표 수색
AH-94:ah94-quickFlight_mp:arcticAssault:obj_2:info,Mission objective info.,Pinpoint the location of targets at the waypoint.,경유지에 있는 목표들의 위치를 정확히 파악하십시오.
AH-94:ah94-quickFlight_mp:arcticAssault:obj_3:name,A mission objective name,Destroy Targets,목표 파괴
AH-94:ah94-quickFlight_mp:arcticAssault:obj_3:info,Mission objective info.,Destroy the targets you found. Artillery will assist.,찾아낸 목표를 파괴하십시오. 포병이 지원합니다.
AH-94:ah94-quickFlight_mp:arcticAssault:obj_4:name,A mission objective name,Destroy MAD-4,MAD-4 파괴
AH-94:ah94-quickFlight_mp:arcticAssault:obj_4:info,Mission objective info.,Destroy enemy air defenses to allow bombers to pass.,아군 폭격기가 통과할 수 있도록 적 방공 전력을 파괴하십시오.
AH-94:ah94-quickFlight_mp:arcticAssault:obj_5:name,A mission objective name,RTB,기지 귀환
AH-94:ah94-quickFlight_mp:arcticAssault:obj_5:info,Mission objective info.,Return to the FARP.,전방 무장 재보급 기지(FARP)로 귀환하십시오.
ah94-quickFlight_mp:flightPractice_name,Name of a mission.,Flight Practice,비행 연습
ah94-quickFlight_mp:flightPractice_description,Description of a mission.,"Practice take off, flight, and landing in various locations.","다양한 장소에서 이륙, 비행, 착륙을 연습합니다."
AH-94:ah94-quickFlight_mp:flightPractice:obj_0:name,A mission objective name,Take Off,이륙
AH-94:ah94-quickFlight_mp:flightPractice:obj_0:info,Mission objective info.,Take off to 50ft.,고도 50피트까지 이륙하십시오.
AH-94:ah94-quickFlight_mp:flightPractice:obj_1:name,A mission objective name,Land Pad 1,1번 패드 착륙
AH-94:ah94-quickFlight_mp:flightPractice:obj_1:info,Mission objective info.,Land on the same pad you took off from.,처음 이륙했던 패드에 착륙하십시오.
AH-94:ah94-quickFlight_mp:flightPractice:obj_2:name,A mission objective name,Short Hop,단거리 이동
AH-94:ah94-quickFlight_mp:flightPractice:obj_2:info,Mission objective info.,Land on Pad 2,2번 패드에 착륙하십시오.
AH-94:ah94-quickFlight_mp:flightPractice:obj_3:name,A mission objective name,Medium Hop,중거리 이동
AH-94:ah94-quickFlight_mp:flightPractice:obj_3:info,Mission objective info.,Slight turn to Pad 3,살짝 선회하여 3번 패드에 착륙하십시오.
AH-94:ah94-quickFlight_mp:flightPractice:obj_4:name,A mission objective name,Long Hop,장거리 이동
AH-94:ah94-quickFlight_mp:flightPractice:obj_4:info,Mission objective info.,Long hop to pad 4.  Small pad!,4번 패드까지 길게 이동하십시오. 패드가 작습니다!
AH-94:ah94-quickFlight_mp:flightPractice:obj_5:name,A mission objective name,Tight Spot,좁은 자리
AH-94:ah94-quickFlight_mp:flightPractice:obj_5:info,Mission objective info.,Land on the pad between the buildings.,건물 사이에 있는 패드에 착륙하십시오.
AH-94:ah94-quickFlight_mp:flightPractice:obj_6:name,A mission objective name,Rooftop 1,옥상 1
AH-94:ah94-quickFlight_mp:flightPractice:obj_6:info,Mission objective info.,Land on the rooftop.,옥상에 착륙하십시오.
AH-94:ah94-quickFlight_mp:flightPractice:obj_7:name,A mission objective name,Rooftop 2,옥상 2
AH-94:ah94-quickFlight_mp:flightPractice:obj_7:info,Mission objective info.,Land on the rooftop 2.,두 번째 옥상에 착륙하십시오.
AH-94:ah94-quickFlight_mp:flightPractice:obj_8:name,A mission objective name,Dock Pad,부두 패드
AH-94:ah94-quickFlight_mp:flightPractice:obj_8:info,Mission objective info.,,
AH-94:ah94-quickFlight_mp:flightPractice:obj_9:name,A mission objective name,Cross Country,크로스 컨트리
AH-94:ah94-quickFlight_mp:flightPractice:obj_9:info,Mission objective info.,Land on the rooftop in the next city.,다음 도시의 옥상에 착륙하십시오.
AH-94:ah94-quickFlight_mp:flightPractice:obj_10:name,A mission objective name,Cruiser,순양함
AH-94:ah94-quickFlight_mp:flightPractice:obj_10:info,Mission objective info.,Land on the cruiser deck.,순양함 갑판에 착륙하십시오.
ah94-quickFlight_mp:smallArms_name,Name of a mission.,Small Arms,경무장
ah94-quickFlight_mp:smallArms_description,Description of a mission.,Attack lightly defended enemy encampments.,방어가 허술한 적 야영지를 공격하십시오.
AH-94:ah94-quickFlight_mp:smallArms:obj_0:name,A mission objective name,Target Outpost A,전초기지 A 공격
AH-94:ah94-quickFlight_mp:smallArms:obj_0:info,Mission objective info.,Destroy all units at the waypoint.,경유지에 있는 모든 유닛을 파괴하십시오.
AH-94:ah94-quickFlight_mp:smallArms:obj_1:name,A mission objective name,Target Outpost B,전초기지 B 공격
AH-94:ah94-quickFlight_mp:smallArms:obj_1:info,Mission objective info.,Destroy all units at the waypoint.,경유지에 있는 모든 유닛을 파괴하십시오.
AH-94:ah94-quickFlight_mp:smallArms:obj_2:name,A mission objective name,Recon,정찰
AH-94:ah94-quickFlight_mp:smallArms:obj_2:info,Mission objective info.,Fly to the designated area.,지정된 지역으로 비행하십시오.
AH-94:ah94-quickFlight_mp:smallArms:obj_3:name,A mission objective name,Find Targets,목표 수색
AH-94:ah94-quickFlight_mp:smallArms:obj_3:info,Mission objective info.,Use TADS to get an ID on targets in the area.,TADS를 사용해 해당 지역의 목표를 식별하십시오.
AH-94:ah94-quickFlight_mp:smallArms:obj_4:name,A mission objective name,Destroy Radar,레이더 파괴
AH-94:ah94-quickFlight_mp:smallArms:obj_4:info,Mission objective info.,Destroy the radar on the mountain site.,산악 기지에 있는 레이더를 파괴하십시오.
AH-94:ah94-quickFlight_mp:smallArms:obj_5:name,A mission objective name,RTB,귀환
AH-94:ah94-quickFlight_mp:smallArms:obj_5:info,Mission objective info.,Land anywhere at base.,기지 아무 곳에나 착륙하십시오.
ah94-quickFlight_mp:surpriseAttack_name,Name of a mission.,Surprise Attack,기습 공격
ah94-quickFlight_mp:surpriseAttack_description,Description of a mission.,Surprise the enemy with a quick and sneaky attack on their airbase.,적 공군기지를 빠르고 은밀하게 기습 공격하십시오.
AH-94:ah94-quickFlight_mp:surpriseAttack:obj_0:name,A mission objective name,Destroy Aircraft,항공기 파괴
AH-94:ah94-quickFlight_mp:surpriseAttack:obj_0:info,Mission objective info.,Wait for bomber to land then destroy the aircraft before they take off!,"폭격기가 착륙할 때까지 기다렸다가, 항공기들이 이륙하기 전에 파괴하십시오!"
AH-94:ah94-quickFlight_mp:surpriseAttack:obj_1:name,A mission objective name,RTB,귀환
AH-94:ah94-quickFlight_mp:surpriseAttack:obj_1:info,Mission objective info.,Return to the FARP.,전방 무장 재보급 기지(FARP)로 귀환하십시오.
ah94-quickFlight_mp:Target Practice_name,Name of a mission.,Target Practice,표적 연습
ah94-quickFlight_mp:Target Practice_description,Description of a mission.,Practice using the AH-94's weapons on various targets.,다양한 표적을 상대로 AH-94의 무장 사용을 연습합니다.
AH-94:ah94-quickFlight_mp:Target Practice:obj_0:name,A mission objective name,Beach Targets,해변 목표
AH-94:ah94-quickFlight_mp:Target Practice:obj_0:info,Mission objective info.,Destroy the stationary targets at the beach.,해변에 있는 고정 표적을 파괴하십시오.
AH-94:ah94-quickFlight_mp:Target Practice:obj_1:name,A mission objective name,Downtown MAD Targets,도심 MAD 표적
AH-94:ah94-quickFlight_mp:Target Practice:obj_1:info,Mission objective info.,Destroy the MAD-4 launchers stationed between the skyscrapers.,고층 빌딩 사이에 배치된 MAD-4 발사대를 파괴하십시오.
AH-94:ah94-quickFlight_mp:Target Practice:obj_2:name,A mission objective name,Moving Targets 1,이동 목표 1
AH-94:ah94-quickFlight_mp:Target Practice:obj_2:info,Mission objective info.,Destroy the column of tanks driving around the suburbs.,교외를 주행 중인 전차 대열을 파괴하십시오.
AH-94:ah94-quickFlight_mp:Target Practice:obj_3:name,A mission objective name,Moving Targets 2,이동 표적 2
AH-94:ah94-quickFlight_mp:Target Practice:obj_3:info,Mission objective info.,Destroy the column of tanks driving around downtown.,도심을 주행 중인 전차 대열을 파괴하십시오.
AH-94:ah94-quickFlight_mp:Target Practice:obj_4:name,A mission objective name,Oil Platform Targets,석유 시추 시설 목표
AH-94:ah94-quickFlight_mp:Target Practice:obj_4:info,Mission objective info.,Neutralize the soldiers occupying the oil platform.,석유 시추 시설을 점거한 병력을 무력화하십시오.
AH-94:ah94-quickFlight_mp:Target Practice:obj_5:name,A mission objective name,Destroy Boats,선박 파괴
AH-94:ah94-quickFlight_mp:Target Practice:obj_5:info,Mission objective info.,Destroy the boats in the channel.,수로에 있는 선박들을 파괴하십시오.
AH-94:ah94-quickFlight_mp:Target Practice:obj_7:name,A mission objective name,Destroy Air Targets,공중 목표 파괴
AH-94:ah94-quickFlight_mp:Target Practice:obj_7:info,Mission objective info.,Destroy the air targets patrolling the channel.,수로를 초계 중인 공중 표적을 파괴하십시오.
ah94-quickFlight_mp_ah94_mpFreeFlight_b0,Text from a mission briefing.,"Free Flight

- No objectives","자유 비행

- 목표 없음"
ah94-quickFlight_mp_arcticAssault_b0,Text from a mission briefing.,"We're in the final stages of the assault on the enemy base.

We have the enemy right where we want them -- a small valley within range of our artillery.","적 기지에 대한 공격이 최종 단계에 이르렀습니다.

적은 아군 포병 사거리 안의 작은 계곡에 몰려 있습니다. 우리가 원하던 그대로입니다."
ah94-quickFlight_mp_arcticAssault_b1,Text from a mission briefing.,"We'll begin firing rocket artillery and need you to scout out the enemy position to confirm their destruction.

Your job will be to clean up any targets that remain after the artillery barrage.","곧 로켓 포격을 시작할 예정이며, 여러분은 적 진지를 정찰하여 격파 여부를 확인해야 합니다.

포격 후 남은 표적을 정리하는 것이 여러분의 임무입니다."
ah94-quickFlight_mp_arcticAssault_b2,Text from a mission briefing.,"Once the main enemy battalion has been destroyed, we'll have you scout out and destroy a few other secondary targets to support our ground forces and clear the way for our bombers.","주력 적 대대가 파괴되면, 아군 지상군을 지원하고 폭격기의 길을 열기 위해 몇 개의 2차 목표를 추가로 정찰하고 파괴하게 됩니다."
ah94-quickFlight_mp_arcticAssault_b3,Text from a mission briefing.,Your role is crucial in this final push towards victory. Good luck!,승리를 향한 마지막 공세에서 여러분의 역할이 매우 중요합니다. 행운을 빕니다!
ah94-quickFlight_mp_flightPractice_b0,Text from a mission briefing.,Practice taking off and landing in various locations.,다양한 장소에서 이착륙을 연습합니다.
ah94-quickFlight_mp_flightPractice_b1,Text from a mission briefing.,Just follow each waypoint. Can you make each landing smoother or more efficient than the last?,각 경유지를 따라가기만 하면 됩니다. 매번 이전보다 더 부드럽고 효율적으로 착륙해 보십시오.
ah94-quickFlight_mp_flightPractice_b2,Text from a mission briefing.,Finish the mission by landing on the moving cruiser's deck.,이동 중인 순양함 갑판에 착륙하면 임무가 종료됩니다.
ah94-quickFlight_mp_smallArms_b0,Text from a mission briefing.,"Welcome!

I know you've been itching for a bit of action so I have a few tasks lined up for you today.

Let's get started.","어서 오십시오!

실전이 그리우셨을 테니 오늘은 몇 가지 임무를 준비해 두었습니다.

시작하겠습니다."
ah94-quickFlight_mp_smallArms_b1,Text from a mission briefing.,"A huge mountain range divides us from the enemy territory, so we usually don't get too much activity in the area.

Recently we began spotting small groups passing through and setting up small camps on our side of the ridge.","거대한 산맥이 아군과 적 영토를 갈라놓고 있어 평소 이 지역에는 별다른 움직임이 없었습니다.

그런데 최근 소규모 부대가 산맥을 넘어와 아군 쪽 능선에 소규모 캠프를 세우는 정황이 포착되기 시작했습니다."
ah94-quickFlight_mp_smallArms_b2,Text from a mission briefing.,"They appear to be setting up forward operating bases to service their VTOL capable attack aircraft.

They are still early in the preparation stage so we should attack now before they get too fortified.","수직이착륙 공격기를 운용하기 위한 전방 작전 기지를 건설하려는 것으로 보입니다.

아직 준비 초기 단계이므로 요새화되기 전에 지금 공격해야 합니다."
ah94-quickFlight_mp_smallArms_b3,Text from a mission briefing.,"We currently have positive intel on two camps.  We know where they are, and that they're only equipped with small arms, so this should be a breeze for you.

Their locations are available in the objective data.","현재 캠프 두 곳에 대한 확실한 정보를 확보했습니다. 위치도 알고 있고 적은 경화기만 갖추고 있으므로 어렵지 않을 것입니다.

위치는 목표 데이터에서 확인할 수 있습니다."
ah94-quickFlight_mp_smallArms_b4,Text from a mission briefing.,"After you clear out those sites, there will be one more matter we need to look into.  

We are aware of transport activity in the high mountain region so we'll have you go and perform some recon.  Be sure to bring enough fuel.","그 두 곳을 정리한 뒤에 한 가지 더 확인할 일이 있습니다.

고산 지대에서 수송 활동이 포착되었으니 가서 정찰을 수행해 주십시오. 연료를 충분히 채우고 가십시오."
ah94-quickFlight_mp_smallArms_b5,Text from a mission briefing.,"Absolutely never go beyond the mountain range and into the plains.

Beyond that point is the enemy territory which is heavily defended by long range air defenses and fighters.","절대로 산맥을 넘어 평원 지대로 들어가지 마십시오.

그 너머는 장거리 방공망과 전투기가 삼엄하게 지키는 적 영토입니다."
ah94-quickFlight_mp_smallArms_b6,Text from a mission briefing.,"Summary
 Objectives
 - Destroy all targets at sites A and B
 - Perform recon in the high mountains
 Threats
 - Small arms fire
- MANPADS","요약
 목표
 - A, B 지점의 모든 표적 파괴
 - 고산 지대 정찰
 위협
 - 경화기 사격
- MANPADS(휴대용 지대공 미사일)"
ah94-quickFlight_mp_surpriseAttack_b0,Text from a mission briefing.,"For this mission, you will need to act quickly and quietly.

The enemy plans to launch several groups of aircraft from their base.

Your objective is to destroy all of these aircraft before they take off.","이번 임무는 신속하고 은밀하게 움직여야 합니다.

적이 기지에서 여러 항공기 편대를 출격시키려 하고 있습니다.

이 항공기들이 이륙하기 전에 모두 파괴하는 것이 목표입니다."
ah94-quickFlight_mp_surpriseAttack_b1,Text from a mission briefing.,"You will be taking off from a forward arming and refueling point (FARP) about 30 miles from the target.

Fly low and make your way to the to the airbase undetected.","목표 지점에서 약 30마일 떨어진 전방 무장 재보급 기지(FARP)에서 이륙합니다.

저공으로 비행하여 발각되지 않고 공군기지까지 접근하십시오."
ah94-quickFlight_mp_surpriseAttack_b2,Text from a mission briefing.,"A bomber is inbound to land at the airbase.  After it lands, the enemy fighters will begin to take off.  

You will have this window to strike while all aircraft are still on the ground.","폭격기 한 대가 공군기지에 착륙하기 위해 접근 중입니다. 폭격기가 착륙하면 적 전투기들이 이륙을 시작할 것입니다.

모든 항공기가 지상에 있는 이 짧은 시간이 공격 기회입니다."
ah94-quickFlight_mp_surpriseAttack_b3,Text from a mission briefing.,"Beware that if they spot you before you are ready to attack, they may launch preemptively to defend themselves.","공격 준비가 되기 전에 발각되면, 적이 스스로를 지키기 위해 선제적으로 이륙할 수 있으니 주의하십시오."
ah94-quickFlight_mp_surpriseAttack_b4,Text from a mission briefing.,"SUMMARY

Primary Targets:
- Landed aircraft

Threats:
- IR guided SAMs
- Small arms fire
- AAA","요약

주요 표적:
- 지상의 항공기

위협:
- 적외선 유도 지대공 미사일
- 경화기 사격
- 대공포"
ah94-quickFlight_mp_Target Practice_b0,Text from a mission briefing.,"Practice using the AH-94's weapons on various targets.

Targets will not shoot back so take your time to learn the equipment.

Check the objectives data to find targets.","다양한 표적을 상대로 AH-94의 무장 사용을 연습하십시오.

표적은 반격하지 않으니 천천히 장비를 익히십시오.

목표 데이터를 확인하여 표적을 찾으십시오."
:example1_name,Name of a mission.,Dangerous Transport,위험한 수송
:example1_description,Description of a mission.,Example AV-42C scenario.,AV-42C 예제 시나리오입니다.
AV-42C::example1:obj_0:name,A mission objective name,Pick-up,픽업
AV-42C::example1:obj_0:info,Mission objective info.,Pick up the soldiers at the waypoint.,경유지에서 병사들을 태우십시오.
AV-42C::example1:obj_1:name,A mission objective name,Drop Off,하차
AV-42C::example1:obj_1:info,Mission objective info.,Transport the soldiers to the objective waypoint.,병사들을 목표 경유지까지 수송하십시오.
AV-42C::example1:obj_2:name,A mission objective name,CAS,근접 항공 지원
AV-42C::example1:obj_2:info,Mission objective info.,Destroy the enemy units on the road towards our soldiers.,아군 병사들을 향해 오는 도로 위의 적 유닛을 파괴하십시오.
AV-42C::example1:obj_3:name,A mission objective name,RTB,귀환
AV-42C::example1:obj_3:info,Mission objective info.,Return to the carrier.,항공모함으로 귀환하십시오.
AV-42C::example1:obj_4:name,A mission objective name,Clear LZ,착륙 지대 정리
AV-42C::example1:obj_4:info,Mission objective info.,Destroy the units in the city by the landing zone.,착륙 지대 근처 도시의 적 유닛을 파괴하십시오.
:hmap2Test_name,Name of a mission.,Large Map Test,대형 지도 테스트
:hmap2Test_description,Description of a mission.,Strike enemy artillery. This mission is intended to test the performance of a large custom map.,적 포병을 타격하십시오. 이 임무는 대형 커스텀 지도의 성능을 테스트하기 위한 것입니다.
F/A-26B::hmap2Test:obj_0:name,A mission objective name,Patrol,초계
F/A-26B::hmap2Test:obj_0:info,Mission objective info.,"Form up with your air group and fly the patrol path, MSN-1",편대와 합류하여 초계 경로 MSN-1을 비행하십시오.
F/A-26B::hmap2Test:obj_1:name,A mission objective name,Strike,타격
F/A-26B::hmap2Test:obj_1:info,Mission objective info.,Destroy the five artillery vehicles.,포병 차량 5대를 파괴하십시오.
F/A-26B::hmap2Test:obj_2:name,A mission objective name,RTB,귀환
F/A-26B::hmap2Test:obj_2:info,Mission objective info.,Return to base.,기지로 귀환하십시오.
setting_Interactable Tooltips,The name of a game option.,Interactable Tooltips,상호작용 툴팁
settingDescription_Interactable Tooltips,The description of a game option.,Show names of interactable objects when hovering over them.,상호작용 가능한 물체에 손을 가져가면 이름을 표시합니다.
setting_Unit Icons,The name of a game option.,Unit Icons,유닛 아이콘
settingDescription_Unit Icons,The description of a game option.,Show team-colored icons on units.,유닛 위에 팀 색상 아이콘을 표시합니다.
setting_Body Physics,The name of a game option.,Body Physics,신체 물리
settingDescription_Body Physics,The description of a game option.,Pilot body is affected by g-forces. Nausea risk.,조종사의 신체가 중력가속도(G)의 영향을 받습니다. 멀미 주의.
setting_Experimental Wind,The name of a game option.,Experimental Wind,실험적 바람
settingDescription_Experimental Wind,The description of a game option.,EXPERIMENTAL: Dynamic wind up to 30 knots. Just a test!,실험적 기능: 최대 30노트의 동적인 바람이 붑니다. 테스트용 기능입니다!
setting_Tree Collisions,The name of a game option.,Tree Collisions,나무 충돌
settingDescription_Tree Collisions,The description of a game option.,Player vehicle can collide with trees.,플레이어 기체가 나무와 충돌할 수 있습니다.
setting_Tailhook Physics,The name of a game option.,Tailhook Physics,착함 후크 물리
settingDescription_Tailhook Physics,The description of a game option.,"Arrestor hook will collide with surface, bouncing and skipping slightly. Increased difficulty.",착함 후크가 지면과 부딪혀 살짝 튕기거나 미끄러질 수 있습니다. 난이도가 올라갑니다.
setting_Persistent S-Cam,The name of a game option.,Persistent S-Cam,관전 카메라 유지
settingDescription_Persistent S-Cam,The description of a game option.,"Start each mission with the spectator camera enabled, if it was enabled on the previous flight.",이전 비행에서 관전 카메라를 켰다면 다음 임무에서도 켠 상태로 시작합니다.
setting_Bobblehead,The name of a game option.,Bobblehead,보블헤드
settingDescription_Bobblehead,The description of a game option.,Show the BD bobblehead in the cockpit.,조종석에 BD 보블헤드 인형을 표시합니다.
setting_Thumbstick Mode,The name of a game option.,Thumbstick Mode,썸스틱 모드
settingDescription_Thumbstick Mode,The description of a game option.,Use controller thumbstick instead of touch-pad.,터치패드 대신 컨트롤러 썸스틱을 사용합니다.
setting_Thumb Control Rudder,The name of a game option.,Thumb Control Rudder,엄지 러더 조작
settingDescription_Thumb Control Rudder,The description of a game option.,Use throttle thumb control for rudder instead of joystick-twist.,조종간 비틀기 대신 스로틀의 엄지 컨트롤로 러더(방향타)를 조작합니다.
setting_Hardware Control Rudder,The name of a game option.,Hardware Control Rudder,하드웨어 러더 조작
settingDescription_Hardware Control Rudder,The description of a game option.,Use hardware (rudder pedals) for rudder. Overrides other settings.,하드웨어(러더 페달)로 러더를 조작합니다. 다른 설정보다 우선 적용됩니다.
setting_Toggle Grip,The name of a game option.,Toggle Grip,그립 고정
settingDescription_Toggle Grip,The description of a game option.,Allow toggling throttle/joystick grip by tapping grip button. Holding grip button still allows releasing after letting go.,그립 버튼을 짧게 눌러 스로틀/조종간 잡기를 고정할 수 있습니다. 그립 버튼을 계속 누르고 있다가 놓는 기존 방식도 그대로 사용할 수 있습니다.
setting_Flight Control Haptics,The name of a game option.,Flight Control Haptics,조종 장치 진동
settingDescription_Flight Control Haptics,The description of a game option.,Set the intensity of joystick/throttle haptic feedback.,조종간/스로틀 햅틱 피드백의 강도를 설정합니다.
setting_Hide FPV Helmet,The name of a game option.,Hide FPV Helmet,1인칭 헬멧 숨기기
settingDescription_Hide FPV Helmet,The description of a game option.,Don't show the pilot helmet from first person view.,1인칭 시점에서 조종사 헬멧을 표시하지 않습니다.
setting_Fullscreen NVG,The name of a game option.,Fullscreen NVG,전체 화면 야간투시경
settingDescription_Fullscreen NVG,The description of a game option.,Apply NVG effect to full field of view.,야간투시경 효과를 시야 전체에 적용합니다.
setting_Multi-Display Mode,The name of a game option.,Multi-Display Mode,다중 디스플레이 모드
settingDescription_Multi-Display Mode,The description of a game option.,Display spectator camera on the second display.,두 번째 디스플레이에 관전 카메라를 표시합니다.
setting_BGM Volume,The name of a game option.,BGM Volume,배경 음악 볼륨
settingDescription_BGM Volume,The description of a game option.,The volume of background music in menus and missions.,메뉴와 임무에서 나오는 배경 음악의 볼륨입니다.
setting_Voice Volume,The name of a game option.,Voice Volume,음성 볼륨
settingDescription_Voice Volume,The description of a game option.,The volume of incoming unfiltered voice chat.,수신되는 음성 채팅의 볼륨입니다.
setting_Skeleton Fingers,The name of a game option.,Skeleton Fingers,손가락 스켈레톤
settingDescription_Skeleton Fingers,The description of a game option.,Animate hand poses using SteamVR's skeleton poses feature. Recommended for Index controllers only.,SteamVR의 스켈레톤 포즈 기능으로 손 동작을 애니메이션합니다. 인덱스 컨트롤러에만 권장됩니다.
setting_Test Quicksave,The name of a game option.,Test Quicksave,빠른 저장 테스트
settingDescription_Test Quicksave,The description of a game option.,Opt-in to test the quicksave/load feature. Please report issues to developer.,빠른 저장/불러오기 기능 테스트에 참여합니다. 문제가 있으면 개발자에게 제보해 주십시오.
setting_Cloud Diagnostics,The name of a game option.,Cloud Diagnostics,클라우드 진단
settingDescription_Cloud Diagnostics,The description of a game option.,Opt-in to allow anonymous error reports to be automatically sent to the developer.,익명 오류 보고서가 개발자에게 자동 전송되도록 허용합니다.
setting_Persistent Seat Position,The name of a game option.,Persistent Seat Position,좌석 위치 유지
settingDescription_Persistent Seat Position,The description of a game option.,Attempt to recall the seated position when starting the game.,게임 시작 시 이전 좌석 위치를 불러옵니다.
pilotSelect_totalFlightTime,Title for label showing the player's total flight time.,Total Flight Time,총 비행 시간
pilotSelect_lastVehicle,Title for label showing the vehicle the player has most recently flown.,Last Vehicle,마지막 탑승 기체
setting_enabled,Label for an enabled option in settings UI,ON,켬
setting_disabled,Label for a disabled option in settings UI,OFF,끔
s_scenarios,,Scenarios,시나리오
s_campaigns,,Campaigns,캠페인
s_maps,,Maps,지도
err_LogSteam,Error message for workshop browser,Must be logged into Steam!,Steam에 로그인되어 있어야 합니다!
err_wsConnect,Error message for workshop browser,Failed to connect to Steam Workshop!,Steam 창작마당에 연결하지 못했습니다!
err_scenarioNotFound,Error message for workshop browser,Scenario not found!,시나리오를 찾을 수 없습니다!
err_version,Error message for workshop browser,Incompatible game version!,호환되지 않는 게임 버전입니다!
vehicleConfig_denyOverBudget,Denial message for vehicle configurator,OVER BUDGET,예산 초과
vehicleConfig_repairOverBudget,Denial message for vehicle configurator,Insufficient funds to repair.,수리할 자금이 부족합니다.
briefingUI_configure,Start button in mission briefing,Configure,설정
briefingUI_fly,Start button in mission briefing,Fly,출격
mfd_home,MFD home page button,Home,홈
env_morning,Environment setting,Morning,아침
env_day,Environment setting,Day,낮
env_night,Environment setting,Night,밤
credits_credits,Credits string,Credits,크레딧
credits_developer,Credits string,Developer,개발자
credits_programming,Credits string,Programming,프로그래밍
credits_modelling,Credits string,Modelling,모델링
credits_music,Credits string,Music,음악
credits_voices,Credits string,Voices,성우
credits_wingmen,Credits string,Wingmen,윙맨
credits_groundCrew,Credits string,Ground Crew,지상 요원
credits_awacs,Credits string,AWACS,AWACS
credits_atc,Credits string,,
credits_pvtTesting,Credits string,Private Testing Volunteers,비공개 테스트 자원자
credits_translation,Credits string,Translation,번역
credits_thanks,Credits string,"Special Thanks
to everyone participating in
the public_testing branch!","public_testing 브랜치에
참여해 주신 모든 분들께
감사드립니다!"
mission_completed,x completed.' end-mission entry.,completed.,완료.
mission_failed,x failed.' end-mission entry.,failed.,실패.
mission_hasReached,{unit} has reached {waypoint}' end-mission entry for protect objective.  Must contain {0} and {1} variable indices.,{0} has reached {1}.,{0}이(가) {1}에 도달했습니다.
mission_vehicleDestroyed,End-mission entry for when vehicle was destroyed.,Vehicle was destroyed.,기체가 파괴되었습니다.
mission_ejected,End-mission entry for when pilot ejects.,Pilot has ejected.,조종사가 비상 탈출했습니다.
mission_killedGForces,End-mission entry for when killed by g-forces,Killed by G-Forces,중력가속도(G)로 사망
mission_minimum,Short for 'minimum' in objective description with multiple targets.,Min:,최소:
mission_targetDestroyed,Reason for failing a Join mission (target waypoint unit was killed),target destroyed,목표가 파괴됨
mission_failedToDefend,Reason for failing a Protect objective. Must contain variable index {0},Failed to defend {0},{0}을(를) 방어하지 못했습니다.
s_endMission_minsAgo,Label for quickload button 'minutes ago' in end-mission display 'Quick Load (x mins ago)',mins ago,분 전
av42c_tutorials:tut_av42c_agm:-950955607,Text from a tutorial.,Welcome to the air-to-ground missile tutorial!,공대지 미사일 튜토리얼에 오신 것을 환영합니다!
av42c_tutorials:tut_av42c_agm:-628587264,Text from a tutorial.,Air-to-ground missiles (AGM) are useful for precisely hitting light to medium armored ground targets,공대지 미사일(AGM)은 경장갑에서 중장갑까지의 지상 목표를 정밀 타격하는 데 유용합니다.
av42c_tutorials:tut_av42c_agm:900650531,Text from a tutorial.,Open TGP,TGP 페이지를 여십시오.
av42c_tutorials:tut_av42c_agm:1129220644,Text from a tutorial.,Power On,전원을 켜십시오.
av42c_tutorials:tut_av42c_agm:-825542407,Text from a tutorial.,You will use the TGP to designate targets for the AGMs,TGP(조준 포드)를 사용해 AGM의 목표를 지정하게 됩니다.
av42c_tutorials:tut_av42c_agm:40209151,Text from a tutorial.,Arm weapons,무장을 활성화하십시오.
av42c_tutorials:tut_av42c_agm:-1923603361,Text from a tutorial.,Switch to AGM-114,AGM-114로 전환하십시오.
av42c_tutorials:tut_av42c_agm:-1227908506,Text from a tutorial.,"These are small, laser-guided, anti-tank missiles",소형 레이저 유도 대전차 미사일입니다.
av42c_tutorials:tut_av42c_agm:-355933041,Text from a tutorial.,"Since they home in on the laser point emitted by your TGP, you must maintain line of sight to the target until it hits","TGP에서 조사하는 레이저 지점을 따라 유도되므로, 명중할 때까지 목표에 대한 시선을 유지해야 합니다."
av42c_tutorials:tut_av42c_agm:50344960,Text from a tutorial.,"To fire it, designate a target using the TGP, point your aircraft at the target until the missile locks on, then pull the trigger to fire","발사하려면 TGP로 목표를 지정하고, 미사일이 록온될 때까지 기수를 목표 쪽으로 향한 뒤 방아쇠를 당겨 발사하십시오."
av42c_tutorials:tut_av42c_agm:-1360693668,Text from a tutorial.,"You can also switch the missile seeker's uncage mode to MANUAL, which will allow you to fire at targets off boresight",미사일 시커의 잠금 해제 모드를 MANUAL(수동)로 전환하면 조준선을 벗어난 목표에도 발사할 수 있습니다.
av42c_tutorials:tut_av42c_agm:-1503618759,Text from a tutorial.,"In MANUAL mode, you hold the trigger to uncage the seeker, then press the weapon switch button to fire","수동 모드에서는 방아쇠를 계속 눌러 시커 잠금을 해제한 뒤, 무장 전환 버튼을 눌러 발사합니다."
av42c_tutorials:tut_av42c_agm:1042911135,Text from a tutorial.,Try shooting the targets around the mission waypoint using the AGM-114,AGM-114로 임무 경유지 주변의 목표를 쏴 보십시오.
av42c_tutorials:tut_av42c_agm:1384660116,Text from a tutorial.,"Remember, you need to maintain line of sight with your TGP in order to guide the missile to the target",미사일을 목표까지 유도하려면 TGP의 시선을 유지해야 한다는 점을 기억하십시오.
av42c_tutorials:tut_av42c_agm:1453428147,Text from a tutorial.,Great! Now switch to the AGM-65,잘하셨습니다! 이제 AGM-65로 전환하십시오.
av42c_tutorials:tut_av42c_agm:-1735708293,Text from a tutorial.,"This is a larger, slightly heavier hitting anti-tank missile with a more advanced optical seeker","이것은 더 크고 위력이 조금 더 강한 대전차 미사일로, 한층 발전된 광학 시커를 갖추고 있습니다."
av42c_tutorials:tut_av42c_agm:-2052818574,Text from a tutorial.,"With this type of missile, you do not need to maintain a lock on the target after you fire at it",이 유형의 미사일은 발사 후에 목표에 대한 조준 고정을 유지할 필요가 없습니다.
av42c_tutorials:tut_av42c_agm:798779502,Text from a tutorial.,"The fire-and-forget capability allows you to fire at multiple targets in one pass, or take cover after firing",발사 후 알아서 유도되는 '발사 후 망각' 능력 덕분에 한 번의 진입으로 여러 목표를 공격하거나 발사 직후 엄폐할 수 있습니다.
av42c_tutorials:tut_av42c_agm:256667487,Text from a tutorial.,Try taking down the targets at the next waypoint and practice taking advantage of the fire-and-forget capability,다음 경유지에서 목표를 공격하며 발사 후 망각 능력을 활용하는 연습을 해 보십시오.
av42c_tutorials:tut_av42c_agm:-568562802,Text from a tutorial.,Nice shooting!  This concludes the air-to-ground missile tutorial,명중입니다! 이것으로 공대지 미사일 튜토리얼을 마칩니다.
fa26b_tutorials:tut_26_radar:-1152007029,Text from a tutorial.,Welcome to the Radar tutorial for the F/A-26,F/A-26 레이더 튜토리얼에 오신 것을 환영합니다.
fa26b_tutorials:tut_26_radar:-1256886870,Text from a tutorial.,"Today, you will learn how to use the radar to find and track other aircraft, as well as designate targets for air to air missiles","오늘은 레이더로 다른 항공기를 탐지·추적하고, 공대공 미사일의 목표를 지정하는 방법을 배웁니다."
fa26b_tutorials:tut_26_radar:12089749,Text from a tutorial.,Open the RADAR MFD page,RADAR MFD 페이지를 여십시오.
fa26b_tutorials:tut_26_radar:-1499035627,Text from a tutorial.,Turn ON the radar,레이더를 켜십시오.
fa26b_tutorials:tut_26_radar:168404510,Text from a tutorial.,The display shows you a compressed representation of the radar's 120 degree field of view,디스플레이에는 레이더의 120도 시야가 압축되어 표시됩니다.
fa26b_tutorials:tut_26_radar:-1576442623,Text from a tutorial.,The displayed range can be adjusted using the R+ and R- buttons,표시 거리는 R+ 버튼과 R- 버튼으로 조절할 수 있습니다.
fa26b_tutorials:tut_26_radar:1184134746,Text from a tutorial.,Press R+ repeatedly until the display is at max range,표시 거리가 최대가 될 때까지 R+ 버튼을 반복해서 누르십시오.
fa26b_tutorials:tut_26_radar:636060045,Text from a tutorial.,"As the radar sweeps over other aircraft, they will be displayed as blue icons for friends and orange icons for foes","레이더가 다른 항공기를 훑고 지나가면 아군은 파란색, 적군은 주황색 아이콘으로 표시됩니다."
fa26b_tutorials:tut_26_radar:566777240,Text from a tutorial.,The left/right SCAN ANGLE can also be adjusted to allow the radar to scan more rapidly but in a smaller slice of the sky,SCAN ANGLE(좌우 탐색 각도)을 조절하면 더 좁은 범위의 하늘을 더 빠르게 훑도록 할 수 있습니다.
fa26b_tutorials:tut_26_radar:-1341204802,Text from a tutorial.,Set the radar as SOI,레이더를 SOI(조작 대상 센서)로 설정하십시오.
fa26b_tutorials:tut_26_radar:-103120712,Text from a tutorial.,"Now, you can slew the target designator using the joystick's thumb control",이제 조종간의 엄지 컨트롤로 목표 지정 커서를 움직일 수 있습니다.
fa26b_tutorials:tut_26_radar:1284478201,Text from a tutorial.,"Slew the designator over a contact, and press in on the center of the thumb control to start tracking it",커서를 표적 위로 옮기고 엄지 컨트롤 가운데를 눌러 추적을 시작하십시오.
fa26b_tutorials:tut_26_radar:-694142307,Text from a tutorial.,You can track up to 4 contacts while still being able to scan the rest of the sky,나머지 하늘을 계속 탐색하면서 최대 4개의 표적을 추적할 수 있습니다.
fa26b_tutorials:tut_26_radar:-1026100394,Text from a tutorial.,"They will appear as small circle on your HUD, along with their corresponding number",추적 중인 표적은 HUD에 해당 번호와 함께 작은 원으로 표시됩니다.
fa26b_tutorials:tut_26_radar:-813131710,Text from a tutorial.,"In order to lock a target for weapons, click on a track again using the designator, or press the numbered MFD button on the left","무장을 위해 목표를 조준 고정하려면, 커서로 추적 표적을 다시 클릭하거나 왼쪽의 번호가 붙은 MFD 버튼을 누르십시오."
fa26b_tutorials:tut_26_radar:2035875223,Text from a tutorial.,"While a target is locked, the other tracks will continue to be displayed, but the radar will not be able to scan for new targets","목표가 고정된 동안 다른 추적 표적은 계속 표시되지만, 레이더가 새 표적을 탐색할 수는 없습니다."
fa26b_tutorials:tut_26_radar:-153465804,Text from a tutorial.,"Information about the locked target's bearing, range, altitude, airspeed, and aircraft type will appear on the bottom right of the display","고정된 목표의 방위, 거리, 고도, 속도, 기종 정보가 디스플레이 오른쪽 아래에 표시됩니다."
fa26b_tutorials:tut_26_radar:2097160122,Text from a tutorial.,"Use the UNLCK button to unlock the target, and the CLR button to clear the tracks","UNLCK 버튼으로 목표 고정을 해제하고, CLR 버튼으로 추적 목록을 지울 수 있습니다."
fa26b_tutorials:tut_26_radar:-157117776,Text from a tutorial.,"For close in engagements, the radar can be switched to boresight mode using the MODE button",근접 교전 시에는 MODE 버튼으로 레이더를 보어사이트(정면 조준) 모드로 전환할 수 있습니다.
fa26b_tutorials:tut_26_radar:-116489118,Text from a tutorial.,"In this mode, the radar will point straight forward and lock onto the first contact it sees","이 모드에서 레이더는 정면을 향하며, 처음 포착한 표적을 즉시 조준 고정합니다."
fa26b_tutorials:tut_26_radar:1921067602,Text from a tutorial.,"If the radar is SOI, you can press the joystick thumb control to quickly unlock and find a new target",레이더가 SOI일 때 조종간 엄지 컨트롤을 누르면 빠르게 고정을 해제하고 새 목표를 찾을 수 있습니다.
fa26b_tutorials:tut_26_radar:-2128388179,Text from a tutorial.,"Now for some weapons practice. Go back to scan mode and find, track, and lock the enemy aircraft.",이제 무장 연습을 해 보겠습니다. 탐색 모드로 돌아가 적기를 찾아 추적하고 조준 고정하십시오.
fa26b_tutorials:tut_26_radar:-110964317,Text from a tutorial.,Good. Now arm your weapon system and switch to the AIM-120,좋습니다. 이제 무장을 활성화하고 AIM-120으로 전환하십시오.
fa26b_tutorials:tut_26_radar:1861317894,Text from a tutorial.,"On the HUD, the locked target will appear as a small square.  The small dot is the shot lead cue",HUD에서 고정된 목표는 작은 사각형으로 표시됩니다. 작은 점은 예상 요격점(리드 큐)입니다.
fa26b_tutorials:tut_26_radar:1404162479,Text from a tutorial.,"When firing air to air missiles, aim for the lead cue to help the missile conserve energy as it steers toward the target","공대공 미사일을 발사할 때 리드 큐를 향해 조준하면, 미사일이 목표를 향해 기동하면서 에너지를 아낄 수 있습니다."
fa26b_tutorials:tut_26_radar:1341649093,Text from a tutorial.,The DLZ is displayed on the right side of the HUD. The missile should be fired when the target chevron lies between the min and max marks,DLZ(동적 발사 구역)는 HUD 오른쪽에 표시됩니다. 목표 화살표가 최소·최대 표시 사이에 있을 때 미사일을 발사해야 합니다.
fa26b_tutorials:tut_26_radar:731572550,Text from a tutorial.,Try shooting down the target.,목표를 격추해 보십시오.
fa26b_tutorials:tut_26_radar:-1955766950,Text from a tutorial.,Splash!  Good kill!,명중! 훌륭한 격추입니다!
fa26b_tutorials:tut_26_radar:1669702430,Text from a tutorial.,"By tracking multiple contacts, you can fire up to 4 AIM-120s on separate targets as long as you maintain line of sight with each of them","여러 표적을 추적하면, 각 표적에 대한 시선을 유지하는 한 최대 4발의 AIM-120을 서로 다른 목표에 발사할 수 있습니다."
fa26b_tutorials:tut_26_radar:1356151209,Text from a tutorial.,"When the AIM-120's time to impact counter displays the letter M, it has switched to active homing and you no longer need to track it.","AIM-120의 명중 예상 시간 카운터에 문자 M이 표시되면 능동 유도로 전환된 것이며, 더 이상 추적을 유지할 필요가 없습니다."
fa26b_tutorials:tut_26_radar:-1605626095,Text from a tutorial.,"Now, try shooting down the rest of the enemy air targets.",이제 나머지 적 공중 목표를 격추해 보십시오.
fa26b_tutorials:tut_26_radar:797323745,Text from a tutorial.,Good job!,잘하셨습니다!
fa26b_tutorials:tut_26_sead:-1145857779,Text from a tutorial.,Out of missiles!  You hit some of the targets though!,미사일이 다 떨어졌습니다! 그래도 일부 목표는 맞혔습니다!
fa26b_tutorials:tut_26_sead:-2102549622,Text from a tutorial.,Out of missiles!  You didn't hit anything.  Want to try again?,미사일이 다 떨어졌습니다! 하나도 맞히지 못했습니다. 다시 해 보시겠습니까?
fa26b_tutorials:tut_26_sead:-292426932,Text from a tutorial.,Welcome to the SEAD tutorial!,SEAD 튜토리얼에 오신 것을 환영합니다!
fa26b_tutorials:tut_26_sead:47968318,Text from a tutorial.,SEAD stands for Suppression of Enemy Air Defenses,SEAD는 적 방공망 제압(Suppression of Enemy Air Defenses)의 약자입니다.
fa26b_tutorials:tut_26_sead:353600754,Text from a tutorial.,You will use a combination of radar detecting sensors and special weapons to disable SAM sites,레이더 탐지 센서와 특수 무장을 조합하여 지대공 미사일(SAM) 기지를 무력화하게 됩니다.
fa26b_tutorials:tut_26_sead:273442107,Text from a tutorial.,"When a radar is searching for aircraft, it emits a signal that can be detected by your RWR","레이더가 항공기를 수색할 때는 신호를 방출하는데, 이 신호를 RWR(레이더 경보 수신기)로 탐지할 수 있습니다."
fa26b_tutorials:tut_26_sead:-1573979731,Text from a tutorial.,"The radar type, bearing, and approximate range is shown on the RWR display, relative to your position in the center","RWR 디스플레이에는 중앙의 내 위치를 기준으로 레이더의 종류, 방위, 대략적인 거리가 표시됩니다."
fa26b_tutorials:tut_26_sead:-641250893,Text from a tutorial.,Open the Anti-Radar Attack Display (ARAD),ARAD(대레이더 공격 디스플레이)를 여십시오.
fa26b_tutorials:tut_26_sead:516981631,Text from a tutorial.,"This display shows the same information gathered by the RWR, but allows you to select targets for ARMs","이 디스플레이는 RWR과 같은 정보를 보여 주면서, 대레이더 미사일(ARM)의 목표를 선택할 수 있게 해 줍니다."
fa26b_tutorials:tut_26_sead:229689139,Text from a tutorial.,You can also set radar sources to be displayed as diamonds in the HUD,레이더 발신원이 HUD에 다이아몬드 모양으로 표시되도록 설정할 수도 있습니다.
fa26b_tutorials:tut_26_sead:-1327892664,Text from a tutorial.,"When you lower the AR visor, you'll be able to see all of the targets around you for better situational awareness",AR 바이저를 내리면 주변의 모든 목표가 표시되어 상황 인식에 도움이 됩니다.
fa26b_tutorials:tut_26_sead:-1448861686,Text from a tutorial.,Set the ARAD as SOI,ARAD를 SOI로 설정하십시오.
fa26b_tutorials:tut_26_sead:-842613568,Text from a tutorial.,Now you can use your joystick thumb control to slew the targeting cursor,이제 조종간의 엄지 컨트롤로 조준 커서를 움직일 수 있습니다.
fa26b_tutorials:tut_26_sead:-451981482,Text from a tutorial.,"Slew the cursor onto the enemy radar, then press in on the thumb control to set the target","커서를 적 레이더 위로 옮긴 뒤, 엄지 컨트롤을 눌러 목표를 설정하십시오."
fa26b_tutorials:tut_26_sead:588166704,Text from a tutorial.,A square will appear on the selected target in both the MFD and the HUD,선택한 목표 위에 MFD와 HUD 양쪽으로 사각형이 나타납니다.
fa26b_tutorials:tut_26_sead:60198174,Text from a tutorial.,Now arm the weapon system,이제 무장을 활성화하십시오.
fa26b_tutorials:tut_26_sead:63223606,Text from a tutorial.,Switch to the AGM-88,AGM-88로 전환하십시오.
fa26b_tutorials:tut_26_sead:54082973,Text from a tutorial.,"This is a high speed, fire-and-forget anti-radiation missile (ARM)",발사 후 알아서 유도되는(발사 후 망각) 고속 대레이더 미사일(ARM)입니다.
fa26b_tutorials:tut_26_sead:-1408042184,Text from a tutorial.,"When fired, it will home in on the radar source designated in the ARAD",발사하면 ARAD에서 지정한 레이더 발신원을 향해 유도됩니다.
fa26b_tutorials:tut_26_sead:-686456908,Text from a tutorial.,"Once you have a target selected, all you need to do is fly toward the target, and fire once the missile is in range","목표를 선택한 뒤에는 목표를 향해 비행하다가, 미사일이 사거리 안에 들어오면 발사하기만 하면 됩니다."
fa26b_tutorials:tut_26_sead:-1438673069,Text from a tutorial.,Try taking out the SAM radars using the AGM-88,AGM-88로 SAM 레이더들을 제거해 보십시오.
fa26b_tutorials:tut_26_sead:951869715,Text from a tutorial.,Great!  This is the end of the SEAD tutorial.,훌륭합니다! 이것으로 SEAD 튜토리얼을 마칩니다.
ah94-tutorials:ah94tut_intro:19422556,Text from a tutorial.,Welcome to the AH-94 Attack Helicopter,AH-94 공격 헬리콥터에 오신 것을 환영합니다.
ah94-tutorials:ah94tut_intro:-376660370,Text from a tutorial.,"Don't worry about memorizing everything now.
We'll go into more details in later sessions.","지금 모든 것을 외우려고 하지 않아도 됩니다.
자세한 내용은 이후 세션에서 다룹니다."
ah94-tutorials:ah94tut_intro:1034937162,Text from a tutorial.,Close door,문을 닫으십시오.
ah94-tutorials:ah94tut_intro:-316527414,Text from a tutorial.,The AH-94 is a twin turboshaft attack helicopter with a tandem cockpit for two crew members.,AH-94는 승무원 2명이 앞뒤로 탑승하는 탠덤 조종석을 갖춘 쌍발 터보샤프트 공격 헬리콥터입니다.
ah94-tutorials:ah94tut_intro:1752602625,Text from a tutorial.,It has a traditional rotor configuration of a large main rotor and small tail rotor.,큰 주 로터와 작은 꼬리 로터로 이루어진 전통적인 로터 구성을 갖추고 있습니다.
ah94-tutorials:ah94tut_intro:-1985220033,Text from a tutorial.,"The helicopter can be flown from either the rear pilot seat, or the front copilot gunner seat.",이 헬리콥터는 후방 조종사석과 전방 부조종사(사수)석 어느 쪽에서도 조종할 수 있습니다.
ah94-tutorials:ah94tut_intro:1196723661,Text from a tutorial.,You can decide how to split up responsibilities.,역할 분담은 여러분이 자유롭게 정하면 됩니다.
ah94-tutorials:ah94tut_intro:-1074204169,Text from a tutorial.,"Now, let's quickly go over each of the components in the cockpit.",이제 조종석의 각 구성 요소를 빠르게 살펴보겠습니다.
ah94-tutorials:ah94tut_intro:1907761766,Text from a tutorial.,Main Battery,주 배터리
ah94-tutorials:ah94tut_intro:1142499294,Text from a tutorial.,APU Switch,APU 스위치
ah94-tutorials:ah94tut_intro:49749272,Text from a tutorial.,Engine Starters,엔진 시동 장치
ah94-tutorials:ah94tut_intro:1141160697,Text from a tutorial.,Comms Panel,통신 패널
ah94-tutorials:ah94tut_intro:256218186,Text from a tutorial.,Multi-function Displays (MFDs),다기능 표시장치(MFD)
ah94-tutorials:ah94tut_intro:1981821705,Text from a tutorial.,Up-front Display (UFD),전면 표시장치(UFD)
ah94-tutorials:ah94tut_intro:-1254142523,Text from a tutorial.,Radar Warning Receiver (RWR),레이더 경보 수신기(RWR)
ah94-tutorials:ah94tut_intro:180828969,Text from a tutorial.,Attitude Indicator,자세계
ah94-tutorials:ah94tut_intro:270913576,Text from a tutorial.,VSI,수직 속도계(VSI)
ah94-tutorials:ah94tut_intro:1363486210,Text from a tutorial.,Gauges,게이지
ah94-tutorials:ah94tut_intro:1750669213,Text from a tutorial.,Master Armament,무장 안전 스위치(마스터 암)
ah94-tutorials:ah94tut_intro:-119708538,Text from a tutorial.,Head Mounted Display (HMD),헬멧 장착 디스플레이(HMD)
ah94-tutorials:ah94tut_intro:-1651002835,Text from a tutorial.,Lights,조명
ah94-tutorials:ah94tut_intro:-717672991,Text from a tutorial.,Rotor Fold,로터 접기
ah94-tutorials:ah94tut_intro:1560422243,Text from a tutorial.,Rotor Brake,로터 브레이크
ah94-tutorials:ah94tut_intro:239096644,Text from a tutorial.,Flight Control Indicator,비행 조종 표시기
ah94-tutorials:ah94tut_intro:-947816217,Text from a tutorial.,Parking Brake,주차 브레이크
ah94-tutorials:ah94tut_intro:-364413396,Text from a tutorial.,Landing Gear,착륙 장치(랜딩 기어)
ah94-tutorials:ah94tut_intro:1071956107,Text from a tutorial.,Countermeasure Count,기만 장비 잔량
ah94-tutorials:ah94tut_intro:-1993091261,Text from a tutorial.,Power Lever,파워 레버
ah94-tutorials:ah94tut_intro:-1227118498,Text from a tutorial.,Stores Jettison Panel,무장 투하 패널
ah94-tutorials:ah94tut_intro:-769882903,Text from a tutorial.,MP3 Player,MP3 플레이어
ah94-tutorials:ah94tut_intro:-1369241671,Text from a tutorial.,"Finally, and most importantly,
the flight controls...","마지막으로, 가장 중요한
비행 조종 장치입니다..."
ah94-tutorials:ah94tut_intro:-190358438,Text from a tutorial.,Collective,콜렉티브
ah94-tutorials:ah94tut_intro:16158667,Text from a tutorial.,Cyclic,사이클릭
ah94-tutorials:ah94tut_intro:1181564828,Text from a tutorial.,Anti-Torque Pedals,반토크 페달
ah94-tutorials:ah94tut_intro:2100509273,Text from a tutorial.,Switch Seat,좌석 변경
ah94-tutorials:ah94tut_intro:1660567099,Text from a tutorial.,TEDAC,TEDAC
ah94-tutorials:ah94tut_intro:1874783894,Text from a tutorial.,Used to control weapons and sensors,무장과 센서를 조작하는 데 사용합니다.
ah94-tutorials:ah94tut_intro:1122558785,Text from a tutorial.,"This concludes the general overview of the AH-94 cockpit. 
You can move on to the next session to learn about how to get this thing started","이것으로 AH-94 조종석의 전반적인 소개를 마칩니다.
다음 세션으로 넘어가면 이 기체의 시동 방법을 배울 수 있습니다."
ah94-tutorials:ah94tut_startup:1128922264,Text from a tutorial.,"Welcome back. 
In this session, we'll go over the start up and shut down procedures.","어서 오세요.
이번 훈련에서는 시동 및 종료 절차를 살펴보겠습니다."
ah94-tutorials:ah94tut_startup:1034936170,Text from a tutorial.,Close Door,문 닫기
ah94-tutorials:ah94tut_startup:-1646413177,Text from a tutorial.,"Before starting up, let's make sure everythings in the right state.",시동을 걸기 전에 모든 것이 올바른 상태인지 확인해 봅시다.
ah94-tutorials:ah94tut_startup:82369606,Text from a tutorial.,Power OFF,전원 꺼짐
ah94-tutorials:ah94tut_startup:1470929646,Text from a tutorial.,Collective DOWN,콜렉티브 내림
ah94-tutorials:ah94tut_startup:1804128206,Text from a tutorial.,Parking Brake ON,주차 브레이크 켜기
ah94-tutorials:ah94tut_startup:110275040,Text from a tutorial.,Rotor Fold OFF,로터 접기 해제
ah94-tutorials:ah94tut_startup:-60114957,Text from a tutorial.,Main Battery ON,메인 배터리 켜기
ah94-tutorials:ah94tut_startup:-2082845684,Text from a tutorial.,This will supply power to all of the aircraft's electrical components.,이걸로 기체의 모든 전자장비에 전원을 공급합니다.
ah94-tutorials:ah94tut_startup:-1262370107,Text from a tutorial.,APU ON,APU 켜기
ah94-tutorials:ah94tut_startup:2044839981,Text from a tutorial.,The engine starters use up a lot of power so we're gonna need the APU to keep the battery charged.,"엔진 스타터는 전력을 많이 소모하므로, 배터리 충전을 유지하려면 APU가 필요합니다."
ah94-tutorials:ah94tut_startup:77535439,Text from a tutorial.,Turn on UFD,UFD 켜기
ah94-tutorials:ah94tut_startup:802677574,Text from a tutorial.,Display STAT,STAT 표시
ah94-tutorials:ah94tut_startup:343282393,Text from a tutorial.,Engine/Rotor Status,엔진/로터 상태
ah94-tutorials:ah94tut_startup:-2011786336,Text from a tutorial.,Rotor Brake OFF,로터 브레이크 해제
ah94-tutorials:ah94tut_startup:-586267315,Text from a tutorial.,Left Starter ON,좌측 스타터 켜기
ah94-tutorials:ah94tut_startup:-755391735,Text from a tutorial.,This system will spin up the turbine to a suitable RPM to begin combustion.,이 장치는 연소를 시작할 수 있도록 터빈을 적절한 RPM까지 회전시켜 줍니다.
ah94-tutorials:ah94tut_startup:1659883589,Text from a tutorial.,Running two starters can often overload the power supply so I'd start one at a time.,스타터 두 개를 동시에 가동하면 전원 공급이 과부하될 수 있으니 한 번에 하나씩 켜는 것이 좋습니다.
ah94-tutorials:ah94tut_startup:840356780,Text from a tutorial.,Spool to 10-12%,10-12%까지 상승
ah94-tutorials:ah94tut_startup:815576579,Text from a tutorial.,Power Lever IDLE,파워 레버 IDLE 위치로
ah94-tutorials:ah94tut_startup:937278904,Text from a tutorial.,The starter  will run the turbine up to about 30% and automatically shut itself off.,스타터는 터빈을 약 30%까지 회전시킨 뒤 자동으로 꺼집니다.
ah94-tutorials:ah94tut_startup:1462518884,Text from a tutorial.,Starter Indicator,스타터 표시등
ah94-tutorials:ah94tut_startup:-808588756,Text from a tutorial.,Right Starter ON,우측 스타터 켜기
ah94-tutorials:ah94tut_startup:368229976,Text from a tutorial.,"Great, now both engines are fired up and running stable at idle.",좋습니다. 이제 두 엔진 모두 시동이 걸려 공회전 상태로 안정적으로 작동 중입니다.
ah94-tutorials:ah94tut_startup:1013008207,Text from a tutorial.,Power Lever FLIGHT,파워 레버 FLIGHT 위치로
ah94-tutorials:ah94tut_startup:-440988520,Text from a tutorial.,Watch Rotor RPM,로터 RPM을 확인하세요.
ah94-tutorials:ah94tut_startup:-942756284,Text from a tutorial.,"You don't need to worry about
 applying the the proper throttle to maintain rotor RPM.","로터 RPM 유지를 위해
스로틀을 직접 조절할 필요는 없습니다."
ah94-tutorials:ah94tut_startup:963997311,Text from a tutorial.,Just leave the power lever in the flight position and the system handles it for you.,파워 레버를 비행(FLIGHT) 위치에 두면 시스템이 알아서 처리해 줍니다.
ah94-tutorials:ah94tut_startup:-1751880937,Text from a tutorial.,APU OFF,APU 끄기
ah94-tutorials:ah94tut_startup:-827232670,Text from a tutorial.,Turn ON,켜기
ah94-tutorials:ah94tut_startup:-1779762556,Text from a tutorial.,HMD ON,HMD 켜기
ah94-tutorials:ah94tut_startup:-1473571446,Text from a tutorial.,"At this point, the helicopter is ready to take off!",이제 헬리콥터가 이륙할 준비를 마쳤습니다!
ah94-tutorials:ah94tut_startup:37837222,Text from a tutorial.,"We can practice taking off and hovering in another session, so let's go over the shut down procedure.","이륙과 호버링은 다른 훈련에서 연습하기로 하고, 이제 시동 종료 절차를 살펴봅시다."
ah94-tutorials:ah94tut_startup:-47447016,Text from a tutorial.,Turn OFF,끄기
ah94-tutorials:ah94tut_startup:1313663526,Text from a tutorial.,HMD OFF,HMD 끄기
ah94-tutorials:ah94tut_startup:-2028233962,Text from a tutorial.,UFD OFF,UFD 끄기
ah94-tutorials:ah94tut_startup:-1101578338,Text from a tutorial.,Power Lever OFF,파워 레버 OFF 위치로
ah94-tutorials:ah94tut_startup:-2136612091,Text from a tutorial.,Engines shutting down,엔진 정지 중
ah94-tutorials:ah94tut_startup:-1611741902,Text from a tutorial.,Rotor Brake ON,로터 브레이크 켜기
ah94-tutorials:ah94tut_startup:-901397587,Text from a tutorial.,Main Battery OFF,메인 배터리 끄기
ah94-tutorials:ah94tut_startup:-597259220,Text from a tutorial.,And that's it!  This concludes the AH-94 start up and shutdown procedures.  See you next time.,끝났습니다! 이것으로 AH-94 시동 및 종료 절차를 마칩니다. 다음에 만나요.
ah94-tutorials:ah94tut_wpnTads:-1450007236,Text from a tutorial.,Welcome!  Today we'll learn about the TADS and how to use the gun along side it.,어서 오세요! 오늘은 TADS 사용법과 이를 활용한 기관포 운용을 배워보겠습니다.
ah94-tutorials:ah94tut_wpnTads:-1348062166,Text from a tutorial.,"To make things easy, we can do this all here on the ground so you don't have to worry about flying.",쉽게 진행할 수 있도록 지상에서 모두 해볼 것이므로 비행 걱정은 하지 않아도 됩니다.
ah94-tutorials:ah94tut_wpnTads:2100509273,Text from a tutorial.,Switch Seat,좌석 전환
ah94-tutorials:ah94tut_wpnTads:-1392231876,Text from a tutorial.,Battery ON,배터리 켜기
ah94-tutorials:ah94tut_wpnTads:-1262370107,Text from a tutorial.,APU ON,APU 켜기
ah94-tutorials:ah94tut_wpnTads:-827232670,Text from a tutorial.,Turn ON,켜기
ah94-tutorials:ah94tut_wpnTads:-701257300,Text from a tutorial.,"For this tutorial, let's turn on some hints so you can see what the controls do.",이번 튜토리얼에서는 조작 방법을 알 수 있도록 힌트를 켜보겠습니다.
ah94-tutorials:ah94tut_wpnTads:-301480733,Text from a tutorial.,Open OPTION,옵션 열기
ah94-tutorials:ah94tut_wpnTads:1394205321,Text from a tutorial.,Enable,활성화
ah94-tutorials:ah94tut_wpnTads:351895004,Text from a tutorial.,"This will show labels when you grab the collective, cyclic, or TEDAC, and can be on or off at any time.","콜렉티브, 사이클릭, TEDAC을 잡을 때 라벨이 표시되며, 언제든지 켜고 끌 수 있습니다."
ah94-tutorials:ah94tut_wpnTads:-911428210,Text from a tutorial.,"The primary targeting system is the TADS and you'll most often be using it on the TEDAC, which stands for TADS electronic display and contro","주요 조준 시스템은 TADS이며, 주로 TEDAC에서 사용하게 됩니다. TEDAC은 TADS 전자 디스플레이 및 제어 장치(TADS Electronic Display And Contro)의 약자입니다."
ah94-tutorials:ah94tut_wpnTads:-664073648,Text from a tutorial.,This is the TEDAC,이것이 TEDAC입니다
ah94-tutorials:ah94tut_wpnTads:1809041364,Text from a tutorial.,Open TADS,TADS를 여세요
ah94-tutorials:ah94tut_wpnTads:-1740825212,Text from a tutorial.,Power ON,전원을 켜세요
ah94-tutorials:ah94tut_wpnTads:1317350979,Text from a tutorial.,Set SOI,SOI로 설정하세요
ah94-tutorials:ah94tut_wpnTads:-373691224,Text from a tutorial.,This works just like the TGP in the other vehicles except that the SOI controls are on the left hand.,"다른 기체의 TGP와 비슷하게 작동하지만, SOI 조작을 왼손에서 한다는 점이 다릅니다."
ah94-tutorials:ah94tut_wpnTads:-1399022260,Text from a tutorial.,Grab,잡으세요
ah94-tutorials:ah94tut_wpnTads:-191560782,Text from a tutorial.,"While the TEDAC controls are held, use the left thumb control to slew the sensor, and the right thumb control to zoom in and out.","TEDAC을 잡고 있는 동안 왼손 엄지 스틱으로 센서를 움직이고, 오른손 엄지 스틱으로 확대/축소합니다."
ah94-tutorials:ah94tut_wpnTads:-1622263427,Text from a tutorial.,Press ARM,ARM 버튼을 누르세요
ah94-tutorials:ah94tut_wpnTads:1082325745,Text from a tutorial.,"Switch weapons by using the thumb button on the right hand TEDAC control, and fire by using the right trigger.","오른손 TEDAC의 엄지 버튼으로 무기를 전환하고, 오른쪽 트리거로 발사할 수 있습니다."
ah94-tutorials:ah94tut_wpnTads:402684234,Text from a tutorial.,Fire and switch weapons on cyclic.,사이클릭에서 무기를 전환하고 발사해 보세요.
ah94-tutorials:ah94tut_wpnTads:-925902430,Text from a tutorial.,Switch to GAU-94,GAU-94로 전환하세요
ah94-tutorials:ah94tut_wpnTads:771897916,Text from a tutorial.,"Let's make sure that the gun is in slave mode, so the turret will point where we want it.",포탑이 원하는 곳을 향하도록 기관포가 연동(SLAVED) 모드인지 확인합시다.
ah94-tutorials:ah94tut_wpnTads:10670878,Text from a tutorial.,Open EQUIP,EQUIP을 여세요
ah94-tutorials:ah94tut_wpnTads:595536078,Text from a tutorial.,Select,선택
ah94-tutorials:ah94tut_wpnTads:-1793963392,Text from a tutorial.,Set to SLAVED,SLAVED로 설정
ah94-tutorials:ah94tut_wpnTads:-1196292903,Text from a tutorial.,"When the gun is slaved, it will either track to where your head is pointing, or to where the TADS is pointing, when the TADS is the SOI.","기관포가 연동 모드일 때는 시선이 향하는 곳을 조준하거나, TADS가 SOI인 경우 TADS가 향하는 방향을 조준합니다."
ah94-tutorials:ah94tut_wpnTads:1418409134,Text from a tutorial.,"Use the TADS to find and designate the target on the range, and use the right trigger to fire.","TADS로 사격장의 목표를 찾아 지정하고, 오른쪽 트리거로 사격하세요."
ah94-tutorials:ah94tut_wpnTads:771605333,Text from a tutorial.,Disable SOI,SOI를 해제하세요
ah94-tutorials:ah94tut_wpnTads:-682086378,Text from a tutorial.,Shoot the target to your left.,좌측에 있는 목표를 쏘세요
ah94-tutorials:ah94tut_wpnTads:1376833237,Text from a tutorial.,"You can also set the TADS as SOI and enabled HEAD mode to have the TADS track your head, and display it's view in your HMD.",TADS를 SOI로 설정하고 HEAD 모드를 켜면 TADS가 시선을 따라 움직이며 그 화면이 HMD에 표시됩니다.
ah94-tutorials:ah94tut_wpnTads:-485937947,Text from a tutorial.,Enable HEAD,HEAD를 켜세요
ah94-tutorials:ah94tut_wpnTads:-1594112217,Text from a tutorial.,"When in this mode, pressing in on the left thumbstick on the TEDAC will lock the TADS to where you've pointed it.",이 모드에서 TEDAC 왼쪽 엄지 스틱을 누르면 TADS가 바라보던 지점에 고정됩니다.
ah94-tutorials:ah94tut_wpnTads:1829211586,Text from a tutorial.,"As you can see, the TADS and the Weapons can be controlled independently or in unison.",이렇게 TADS와 무기를 독립적으로 또는 함께 제어할 수 있습니다.
ah94-tutorials:ah94tut_wpnTads:-834559807,Text from a tutorial.,"If you have a copilot, you or your copilot can take control of either system by using the SOI button and the master ARM button respectively.",부조종사가 있다면 SOI 버튼과 마스터 ARM 버튼으로 각자 원하는 시스템을 제어할 수 있습니다.
ah94-tutorials:ah94tut_wpnTads:-1785795640,Text from a tutorial.,"You have control = RED
Copilot has control = YELLOW","당신이 제어 중 = 빨간색
부조종사가 제어 중 = 노란색"
ah94-tutorials:ah94tut_wpnTads:141827971,Text from a tutorial.,Destroy the other targets.,나머지 목표를 제거하세요
ah94-tutorials:ah94tut_wpnTads:-1659730406,Text from a tutorial.,Same functions as TEDAC L,TEDAC 좌측과 같은 기능을 가집니다.
ah94-tutorials:ah94tut_wpnTads:1757970913,Text from a tutorial.,Same functions as TEDAC R except trim,트림을 제외하면 TEDAC 우측과 같은 기능을 가집니다.
ah94-tutorials:ah94tut_wpnTads:881401209,Text from a tutorial.,"That's all for today!
Go practice!","이걸로 끝입니다!
열심히 연습하세요!"
setting_Limit FPS,The name of a game option.,,프레임 제한
settingDescription_Limit FPS,The description of a game option.,,게임 프레임을 VR 기기 재생률로 제한합니다.
AGM-27 x7_description,Item description of: AGM-27 x7,"A rack of 2.75 inch rockets which have been fitted with a laser guidance package, turning them into precision guided munitions.
Requires continuous lock for guidance (not fire-and-forget).","레이저 유도 키트를 장착해 정밀 유도 무기로 개조한 2.75인치 로켓 랙입니다.
명중할 때까지 계속 조준을 유지해야 합니다(발사 후 알아서 유도되는 방식이 아님)."
AGM-27 x19_description,Item description of: AGM-27 x19,"A rack of 2.75 inch rockets which have been fitted with a laser guidance package, turning them into precision guided munitions.
Requires continuous lock for guidance (not fire-and-forget).","레이저 유도 키트를 장착해 정밀 유도 무기로 개조한 2.75인치 로켓 랙입니다.
명중할 때까지 계속 조준을 유지해야 합니다(발사 후 알아서 유도되는 방식이 아님)."
T-55_description,Short description of playable vehicle T-55,Twin-seat single engine supersonic trainer jet. Capable of equipping all common weapon types for training and combat purposes.,복좌 단발 초음속 훈련기입니다. 훈련 및 전투 목적의 모든 일반 무기를 장착할 수 있습니다.
1700L Fuel Drop Tank_description,Item description of: 1700L Fuel Drop Tank,A 1700 liter fuel tank.,1700리터 연료 탱크입니다.
campaign_t55-quickMissions_name,Name of a campaign.,,T-55 빠른 임무
campaign_t55-quickMissions_description,Description of a campaign.,,
t55-quickMissions:carrierPractice_name,Name of a mission.,,항공모함 착함 훈련
t55-quickMissions:carrierPractice_description,Description of a mission.,,항공모함에 착함하는 훈련을 합니다.
t55-quickMissions:t55_freeflight_name,Name of a mission.,,자유 비행
t55-quickMissions:t55_freeflight_description,Description of a mission.,,
t55-quickMissions:t55_targetPractice_name,Name of a mission.,,표적 연습
t55-quickMissions:t55_targetPractice_description,Description of a mission.,,
T-55:t55-quickMissions:t55_targetPractice:obj_0:name,A mission objective name,,
T-55:t55-quickMissions:t55_targetPractice:obj_0:info,Mission objective info.,,
T-55:t55-quickMissions:t55_targetPractice:obj_1:name,A mission objective name,,
T-55:t55-quickMissions:t55_targetPractice:obj_1:info,Mission objective info.,,
T-55:t55-quickMissions:t55_targetPractice:obj_2:name,A mission objective name,,
T-55:t55-quickMissions:t55_targetPractice:obj_2:info,Mission objective info.,,
t55-quickMissions_carrierPractice_b0,Text from a mission briefing.,,
t55-quickMissions_t55_freeflight_b0,Text from a mission briefing.,,
t55-quickMissions_t55_targetPractice_b0,Text from a mission briefing.,,
campaign_t55-borderWar_name,Name of a campaign.,,
campaign_t55-borderWar_description,Description of a campaign.,,
t55-borderWar:01-showOfForce_name,Name of a mission.,,
t55-borderWar:01-showOfForce_description,Description of a mission.,,
T-55:t55-borderWar:01-showOfForce:obj_0:name,A mission objective name,,
T-55:t55-borderWar:01-showOfForce:obj_0:info,Mission objective info.,,
T-55:t55-borderWar:01-showOfForce:obj_1:name,A mission objective name,,
T-55:t55-borderWar:01-showOfForce:obj_1:info,Mission objective info.,,
T-55:t55-borderWar:01-showOfForce:obj_2:name,A mission objective name,,
T-55:t55-borderWar:01-showOfForce:obj_2:info,Mission objective info.,,
T-55:t55-borderWar:01-showOfForce:obj_3:name,A mission objective name,,
T-55:t55-borderWar:01-showOfForce:obj_3:info,Mission objective info.,,
t55-borderWar:02-nestRaid_name,Name of a mission.,,
t55-borderWar:02-nestRaid_description,Description of a mission.,,
T-55:t55-borderWar:02-nestRaid:obj_0:name,A mission objective name,,
T-55:t55-borderWar:02-nestRaid:obj_0:info,Mission objective info.,,
T-55:t55-borderWar:02-nestRaid:obj_4:name,A mission objective name,,
T-55:t55-borderWar:02-nestRaid:obj_4:info,Mission objective info.,,
T-55:t55-borderWar:02-nestRaid:obj_5:name,A mission objective name,,
T-55:t55-borderWar:02-nestRaid:obj_5:info,Mission objective info.,,
T-55:t55-borderWar:02-nestRaid:obj_3:name,A mission objective name,,
T-55:t55-borderWar:02-nestRaid:obj_3:info,Mission objective info.,,
T-55:t55-borderWar:02-nestRaid:obj_6:name,A mission objective name,,
T-55:t55-borderWar:02-nestRaid:obj_6:info,Mission objective info.,,
t55-borderWar:03-sead_name,Name of a mission.,,
t55-borderWar:03-sead_description,Description of a mission.,,
T-55:t55-borderWar:03-sead:obj_7:name,A mission objective name,,
T-55:t55-borderWar:03-sead:obj_7:info,Mission objective info.,,
T-55:t55-borderWar:03-sead:obj_3:name,A mission objective name,,
T-55:t55-borderWar:03-sead:obj_3:info,Mission objective info.,,
T-55:t55-borderWar:03-sead:obj_8:name,A mission objective name,,
T-55:t55-borderWar:03-sead:obj_8:info,Mission objective info.,,
T-55:t55-borderWar:03-sead:obj_9:name,A mission objective name,,
T-55:t55-borderWar:03-sead:obj_9:info,Mission objective info.,,
T-55:t55-borderWar:03-sead:obj_10:name,A mission objective name,,
T-55:t55-borderWar:03-sead:obj_10:info,Mission objective info.,,
T-55:t55-borderWar:03-sead:obj_11:name,A mission objective name,,
T-55:t55-borderWar:03-sead:obj_11:info,Mission objective info.,,
t55-borderWar:04-cas_name,Name of a mission.,,
t55-borderWar:04-cas_description,Description of a mission.,,
T-55:t55-borderWar:04-cas:obj_0:name,A mission objective name,,
T-55:t55-borderWar:04-cas:obj_0:info,Mission objective info.,,
T-55:t55-borderWar:04-cas:obj_1:name,A mission objective name,,
T-55:t55-borderWar:04-cas:obj_1:info,Mission objective info.,,
T-55:t55-borderWar:04-cas:obj_2:name,A mission objective name,,
T-55:t55-borderWar:04-cas:obj_2:info,Mission objective info.,,
T-55:t55-borderWar:04-cas:obj_3:name,A mission objective name,,
T-55:t55-borderWar:04-cas:obj_3:info,Mission objective info.,,
T-55:t55-borderWar:04-cas:obj_4:name,A mission objective name,,
T-55:t55-borderWar:04-cas:obj_4:info,Mission objective info.,,
T-55:t55-borderWar:04-cas:obj_5:name,A mission objective name,,
T-55:t55-borderWar:04-cas:obj_5:info,Mission objective info.,,
T-55:t55-borderWar:04-cas:obj_6:name,A mission objective name,,
T-55:t55-borderWar:04-cas:obj_6:info,Mission objective info.,,
t55-borderWar:05-elimination_name,Name of a mission.,,
t55-borderWar:05-elimination_description,Description of a mission.,,
T-55:t55-borderWar:05-elimination:obj_7:name,A mission objective name,,
T-55:t55-borderWar:05-elimination:obj_7:info,Mission objective info.,,
T-55:t55-borderWar:05-elimination:obj_5:name,A mission objective name,,
T-55:t55-borderWar:05-elimination:obj_5:info,Mission objective info.,,
T-55:t55-borderWar:05-elimination:obj_8:name,A mission objective name,,
T-55:t55-borderWar:05-elimination:obj_8:info,Mission objective info.,,
T-55:t55-borderWar:05-elimination:obj_9:name,A mission objective name,,
T-55:t55-borderWar:05-elimination:obj_9:info,Mission objective info.,,
t55-borderWar_01-showOfForce_b0,Text from a mission briefing.,,
t55-borderWar_01-showOfForce_b1,Text from a mission briefing.,,
t55-borderWar_01-showOfForce_b2,Text from a mission briefing.,,
t55-borderWar_02-nestRaid_b0,Text from a mission briefing.,,
t55-borderWar_02-nestRaid_b1,Text from a mission briefing.,,
t55-borderWar_02-nestRaid_b2,Text from a mission briefing.,,
t55-borderWar_02-nestRaid_b3,Text from a mission briefing.,,
t55-borderWar_02-nestRaid_b4,Text from a mission briefing.,,
t55-borderWar_02-nestRaid_b5,Text from a mission briefing.,,
t55-borderWar_02-nestRaid_b6,Text from a mission briefing.,,
t55-borderWar_02-nestRaid_b7,Text from a mission briefing.,,
t55-borderWar_03-sead_b0,Text from a mission briefing.,,
t55-borderWar_03-sead_b1,Text from a mission briefing.,,
t55-borderWar_03-sead_b2,Text from a mission briefing.,,
t55-borderWar_03-sead_b3,Text from a mission briefing.,,
t55-borderWar_04-cas_b0,Text from a mission briefing.,,
t55-borderWar_04-cas_b1,Text from a mission briefing.,,
t55-borderWar_04-cas_b2,Text from a mission briefing.,,
t55-borderWar_04-cas_b3,Text from a mission briefing.,,
t55-borderWar_05-elimination_b0,Text from a mission briefing.,,
t55-borderWar_05-elimination_b1,Text from a mission briefing.,,
t55-borderWar_05-elimination_b2,Text from a mission briefing.,,
campaign_t55-mpMissions_name,Name of a campaign.,,
campaign_t55-mpMissions_description,Description of a campaign.,,
t55-mpMissions:attackPractice_name,Name of a mission.,,
t55-mpMissions:attackPractice_description,Description of a mission.,,
AV-42C:t55-mpMissions:attackPractice:obj_0:name,A mission objective name,,
AV-42C:t55-mpMissions:attackPractice:obj_0:info,Mission objective info.,,
AV-42C:t55-mpMissions:attackPractice:obj_1:name,A mission objective name,,
AV-42C:t55-mpMissions:attackPractice:obj_1:info,Mission objective info.,,
AV-42C:t55-mpMissions:attackPractice:obj_2:name,A mission objective name,,
AV-42C:t55-mpMissions:attackPractice:obj_2:info,Mission objective info.,,
AV-42C:t55-mpMissions:attackPractice:obj_3:name,A mission objective name,,
AV-42C:t55-mpMissions:attackPractice:obj_3:info,Mission objective info.,,
AV-42C:t55-mpMissions:attackPractice:obj_4:name,A mission objective name,,
AV-42C:t55-mpMissions:attackPractice:obj_4:info,Mission objective info.,,
AV-42C:t55-mpMissions:attackPractice:obj_5:name,A mission objective name,,
AV-42C:t55-mpMissions:attackPractice:obj_5:info,Mission objective info.,,
t55-mpMissions:bfmPractice_name,Name of a mission.,,
t55-mpMissions:bfmPractice_description,Description of a mission.,,
t55-mpMissions:navalPatrol_name,Name of a mission.,,
t55-mpMissions:navalPatrol_description,Description of a mission.,,
t55-mpMissions:strike1_name,Name of a mission.,,
t55-mpMissions:strike1_description,Description of a mission.,,
AV-42C:t55-mpMissions:strike1:obj_0:name,A mission objective name,,
AV-42C:t55-mpMissions:strike1:obj_0:info,Mission objective info.,,
AV-42C:t55-mpMissions:strike1:obj_1:name,A mission objective name,,
AV-42C:t55-mpMissions:strike1:obj_1:info,Mission objective info.,,
AV-42C:t55-mpMissions:strike1:obj_2:name,A mission objective name,,
AV-42C:t55-mpMissions:strike1:obj_2:info,Mission objective info.,,
AV-42C:t55-mpMissions:strike1:obj_3:name,A mission objective name,,
AV-42C:t55-mpMissions:strike1:obj_3:info,Mission objective info.,,
AV-42C:t55-mpMissions:strike1:obj_4:name,A mission objective name,,
AV-42C:t55-mpMissions:strike1:obj_4:info,Mission objective info.,,
t55-mpMissions_attackPractice_b0,Text from a mission briefing.,,
t55-mpMissions_bfmPractice_b0,Text from a mission briefing.,,
t55-mpMissions_navalPatrol_b0,Text from a mission briefing.,,
t55-mpMissions_navalPatrol_b1,Text from a mission briefing.,,
t55-mpMissions_strike1_b0,Text from a mission briefing.,,
t55-mpMissions_strike1_b1,Text from a mission briefing.,,
t55-mpMissions_strike1_b2,Text from a mission briefing.,,
t55-mpMissions_strike1_b3,Text from a mission briefing.,,
t55-mpMissions_strike1_b4,Text from a mission briefing.,,
t55-mpMissions_strike1_b5,Text from a mission briefing.,,
t55-mpMissions_strike1_b6,Text from a mission briefing.,,
t55-mpMissions_strike1_b7,Text from a mission briefing.,,
campaign_t55-borderWar_mp_name,Name of a campaign.,,
campaign_t55-borderWar_mp_description,Description of a campaign.,,
t55-borderWar_mp:01-showOfForce_name,Name of a mission.,,
t55-borderWar_mp:01-showOfForce_description,Description of a mission.,,
T-55:t55-borderWar_mp:01-showOfForce:obj_0:name,A mission objective name,,
T-55:t55-borderWar_mp:01-showOfForce:obj_0:info,Mission objective info.,,
T-55:t55-borderWar_mp:01-showOfForce:obj_1:name,A mission objective name,,
T-55:t55-borderWar_mp:01-showOfForce:obj_1:info,Mission objective info.,,
T-55:t55-borderWar_mp:01-showOfForce:obj_2:name,A mission objective name,,
T-55:t55-borderWar_mp:01-showOfForce:obj_2:info,Mission objective info.,,
T-55:t55-borderWar_mp:01-showOfForce:obj_3:name,A mission objective name,,
T-55:t55-borderWar_mp:01-showOfForce:obj_3:info,Mission objective info.,,
t55-borderWar_mp:02-nestRaid_name,Name of a mission.,,
t55-borderWar_mp:02-nestRaid_description,Description of a mission.,,
T-55:t55-borderWar_mp:02-nestRaid:obj_0:name,A mission objective name,,
T-55:t55-borderWar_mp:02-nestRaid:obj_0:info,Mission objective info.,,
T-55:t55-borderWar_mp:02-nestRaid:obj_4:name,A mission objective name,,
T-55:t55-borderWar_mp:02-nestRaid:obj_4:info,Mission objective info.,,
T-55:t55-borderWar_mp:02-nestRaid:obj_5:name,A mission objective name,,
T-55:t55-borderWar_mp:02-nestRaid:obj_5:info,Mission objective info.,,
T-55:t55-borderWar_mp:02-nestRaid:obj_3:name,A mission objective name,,
T-55:t55-borderWar_mp:02-nestRaid:obj_3:info,Mission objective info.,,
T-55:t55-borderWar_mp:02-nestRaid:obj_6:name,A mission objective name,,
T-55:t55-borderWar_mp:02-nestRaid:obj_6:info,Mission objective info.,,
t55-borderWar_mp:03-sead_name,Name of a mission.,,
t55-borderWar_mp:03-sead_description,Description of a mission.,,
T-55:t55-borderWar_mp:03-sead:obj_7:name,A mission objective name,,
T-55:t55-borderWar_mp:03-sead:obj_7:info,Mission objective info.,,
T-55:t55-borderWar_mp:03-sead:obj_3:name,A mission objective name,,
T-55:t55-borderWar_mp:03-sead:obj_3:info,Mission objective info.,,
T-55:t55-borderWar_mp:03-sead:obj_8:name,A mission objective name,,
T-55:t55-borderWar_mp:03-sead:obj_8:info,Mission objective info.,,
T-55:t55-borderWar_mp:03-sead:obj_9:name,A mission objective name,,
T-55:t55-borderWar_mp:03-sead:obj_9:info,Mission objective info.,,
T-55:t55-borderWar_mp:03-sead:obj_10:name,A mission objective name,,
T-55:t55-borderWar_mp:03-sead:obj_10:info,Mission objective info.,,
T-55:t55-borderWar_mp:03-sead:obj_11:name,A mission objective name,,
T-55:t55-borderWar_mp:03-sead:obj_11:info,Mission objective info.,,
t55-borderWar_mp:04-cas_name,Name of a mission.,,
t55-borderWar_mp:04-cas_description,Description of a mission.,,
T-55:t55-borderWar_mp:04-cas:obj_0:name,A mission objective name,,
T-55:t55-borderWar_mp:04-cas:obj_0:info,Mission objective info.,,
T-55:t55-borderWar_mp:04-cas:obj_1:name,A mission objective name,,
T-55:t55-borderWar_mp:04-cas:obj_1:info,Mission objective info.,,
T-55:t55-borderWar_mp:04-cas:obj_2:name,A mission objective name,,
T-55:t55-borderWar_mp:04-cas:obj_2:info,Mission objective info.,,
T-55:t55-borderWar_mp:04-cas:obj_3:name,A mission objective name,,
T-55:t55-borderWar_mp:04-cas:obj_3:info,Mission objective info.,,
T-55:t55-borderWar_mp:04-cas:obj_4:name,A mission objective name,,
T-55:t55-borderWar_mp:04-cas:obj_4:info,Mission objective info.,,
T-55:t55-borderWar_mp:04-cas:obj_5:name,A mission objective name,,
T-55:t55-borderWar_mp:04-cas:obj_5:info,Mission objective info.,,
T-55:t55-borderWar_mp:04-cas:obj_6:name,A mission objective name,,
T-55:t55-borderWar_mp:04-cas:obj_6:info,Mission objective info.,,
t55-borderWar_mp:05-elimination_name,Name of a mission.,,
t55-borderWar_mp:05-elimination_description,Description of a mission.,,
T-55:t55-borderWar_mp:05-elimination:obj_7:name,A mission objective name,,
T-55:t55-borderWar_mp:05-elimination:obj_7:info,Mission objective info.,,
T-55:t55-borderWar_mp:05-elimination:obj_5:name,A mission objective name,,
T-55:t55-borderWar_mp:05-elimination:obj_5:info,Mission objective info.,,
T-55:t55-borderWar_mp:05-elimination:obj_8:name,A mission objective name,,
T-55:t55-borderWar_mp:05-elimination:obj_8:info,Mission objective info.,,
T-55:t55-borderWar_mp:05-elimination:obj_9:name,A mission objective name,,
T-55:t55-borderWar_mp:05-elimination:obj_9:info,Mission objective info.,,
t55-borderWar_mp_01-showOfForce_b0,Text from a mission briefing.,,
t55-borderWar_mp_01-showOfForce_b1,Text from a mission briefing.,,
t55-borderWar_mp_01-showOfForce_b2,Text from a mission briefing.,,
t55-borderWar_mp_02-nestRaid_b0,Text from a mission briefing.,,
t55-borderWar_mp_02-nestRaid_b1,Text from a mission briefing.,,
t55-borderWar_mp_02-nestRaid_b2,Text from a mission briefing.,,
t55-borderWar_mp_02-nestRaid_b3,Text from a mission briefing.,,
t55-borderWar_mp_02-nestRaid_b4,Text from a mission briefing.,,
t55-borderWar_mp_02-nestRaid_b5,Text from a mission briefing.,,
t55-borderWar_mp_02-nestRaid_b6,Text from a mission briefing.,,
t55-borderWar_mp_02-nestRaid_b7,Text from a mission briefing.,,
t55-borderWar_mp_03-sead_b0,Text from a mission briefing.,,
t55-borderWar_mp_03-sead_b1,Text from a mission briefing.,,
t55-borderWar_mp_03-sead_b2,Text from a mission briefing.,,
t55-borderWar_mp_03-sead_b3,Text from a mission briefing.,,
t55-borderWar_mp_04-cas_b0,Text from a mission briefing.,,
t55-borderWar_mp_04-cas_b1,Text from a mission briefing.,,
t55-borderWar_mp_04-cas_b2,Text from a mission briefing.,,
t55-borderWar_mp_04-cas_b3,Text from a mission briefing.,,
t55-borderWar_mp_05-elimination_b0,Text from a mission briefing.,,
t55-borderWar_mp_05-elimination_b1,Text from a mission briefing.,,
t55-borderWar_mp_05-elimination_b2,Text from a mission briefing.,,
vehicleConfig_loadRec_int,,,권장 무장 불러오기
vehicleConfig_loadRec,,,권장 무장 불러오기
1700L Fuel Drop Tank_fullName,Full equip name of: 1700L Fuel Drop Tank,,1700L 외부 연료 탱크
AGM-27 x7_fullName,Full equip name of: AGM-27 x7,,AGM-27 x7
T-55_mfd_home:B1,Label for an MFD button (short!).,,항법
T-55_mfd_home:B1_tooltip,Tooltip for an MFD button.,,항법 지도
T-55_mfd_home:B2,Label for an MFD button (short!).,,임무
T-55_mfd_home:B2_tooltip,Tooltip for an MFD button.,,임무 목표
T-55_mfd_home:B3,Label for an MFD button (short!).,,카메라
T-55_mfd_home:B3_tooltip,Tooltip for an MFD button.,,외부 카메라
T-55_mfd_home:B4,Label for an MFD button (short!).,,TGP
T-55_mfd_home:B4_tooltip,Tooltip for an MFD button.,,조준 포드
T-55_mfd_home:B5,Label for an MFD button (short!).,,GPS
T-55_mfd_home:B5_tooltip,Tooltip for an MFD button.,,GPS 표적
T-55_mfd_home:R2,Label for an MFD button (short!).,,관전
T-55_mfd_home:R2_tooltip,Tooltip for an MFD button.,,관전 카메라
T-55_mfd_home:R3,Label for an MFD button (short!).,,게임
T-55_mfd_home:R3_tooltip,Tooltip for an MFD button.,,게임 메뉴
T-55_mfd_home:R4,Label for an MFD button (short!).,,기록
T-55_mfd_home:R4_tooltip,Tooltip for an MFD button.,,비행 기록
T-55_mfd_home:L2,Label for an MFD button (short!).,,장비
T-55_mfd_home:L2_tooltip,Tooltip for an MFD button.,,탑재 장비
T-55_mfd_home:L3,Label for an MFD button (short!).,,옵션
T-55_mfd_home:L3_tooltip,Tooltip for an MFD button.,,옵션
T-55_mfd_home:L4,Label for an MFD button (short!).,,통신
T-55_mfd_home:L4_tooltip,Tooltip for an MFD button.,,통신
T-55_mfd_home:T4,Label for an MFD button (short!).,,레이더
T-55_mfd_home:T4_tooltip,Tooltip for an MFD button.,,레이더
T-55_mfd_home:T5,Label for an MFD button (short!).,,대레이더
T-55_mfd_home:T5_tooltip,Tooltip for an MFD button.,,대레이더 공격 표시
T-55_mfd_home:R5,Label for an MFD button (short!).,,데이터
T-55_mfd_home:R5_tooltip,Tooltip for an MFD button.,,비행 데이터
T-55_mfd_home:L5,Label for an MFD button (short!).,,CMS
T-55_mfd_home:L5_tooltip,Tooltip for an MFD button.,,미사일 기만 장비 시스템
T-55_mfd_home:T3,Label for an MFD button (short!).,,
T-55_mfd_home:T3_tooltip,Tooltip for an MFD button.,,
T-55_mfd_hudRepeater:R5,Label for an MFD button (short!).,,카메라
T-55_mfd_hudRepeater:R5_tooltip,Tooltip for an MFD button.,,카메라 스위치
T-55_mfd_options:L2_tooltip,Tooltip for an MFD button.,,단위 설정
T-55_mfd_options:R2_tooltip,Tooltip for an MFD button.,,조종간 모드 설정
T-55_mfd_options:L3_tooltip,Tooltip for an MFD button.,,연료 설정
T-55_mfd_options:L4_tooltip,Tooltip for an MFD button.,,고도 경보 설정
T-55_mfd_options:R3_tooltip,Tooltip for an MFD button.,,조종간 민감도 설정
T-55_mfd_options:B4_tooltip,Tooltip for an MFD button.,,연막
T-55_mfd_unitOptions:L2_tooltip,Tooltip for an MFD button.,,고도 단위
T-55_mfd_unitOptions:L3_tooltip,Tooltip for an MFD button.,,거리 단위
T-55_mfd_unitOptions:L4_tooltip,Tooltip for an MFD button.,,속도 단위
T-55_mfd_unitOptions:T5_tooltip,Tooltip for an MFD button.,,뒤로가기
T-55_mfd_fuelConfig:T5_tooltip,Tooltip for an MFD button.,,뒤로가기
T-55_mfd_fuelConfig:L4_tooltip,Tooltip for an MFD button.,,귀환 한계 연료 경보 +
T-55_mfd_fuelConfig:L5_tooltip,Tooltip for an MFD button.,,귀환 한계 연료 경보 -
T-55_mfd_altitudeSettings:T5_tooltip,Tooltip for an MFD button.,,뒤로가기
T-55_mfd_altitudeSettings:L3_tooltip,Tooltip for an MFD button.,,최소 고도 +
T-55_mfd_altitudeSettings:L4_tooltip,Tooltip for an MFD button.,,최소 고도 -
T-55_mfd_altitudeSettings:R3_tooltip,Tooltip for an MFD button.,,최대 고도 +
T-55_mfd_altitudeSettings:R4_tooltip,Tooltip for an MFD button.,,최대 고도 -
T-55_mfd_altitudeSettings:L2_tooltip,Tooltip for an MFD button.,,고도계 모드 전환
T-55_mfd_smokeOptions:T5_tooltip,Tooltip for an MFD button.,,뒤로가기
T-55_mfd_smokeOptions:B4,Label for an MFD button (short!).,,
T-55_mfd_smokeOptions:B4_tooltip,Tooltip for an MFD button.,,
T-55_mfd_smokeOptions:L2_tooltip,Tooltip for an MFD button.,,
T-55_mfd_smokeOptions:L3,Label for an MFD button (short!).,,
T-55_mfd_smokeOptions:L3_tooltip,Tooltip for an MFD button.,,
T-55_mfd_smokeOptions:R3,Label for an MFD button (short!).,,
T-55_mfd_smokeOptions:R3_tooltip,Tooltip for an MFD button.,,
T-55_mfd_hardpoints:T4_tooltip,Tooltip for an MFD button.,,기관포
T-55_mfd_hardpoints:L3_tooltip,Tooltip for an MFD button.,,무장 장착대 1
T-55_mfd_hardpoints:L2_tooltip,Tooltip for an MFD button.,,무장 장착대 2
T-55_mfd_hardpoints:L1_tooltip,Tooltip for an MFD button.,,무장 장착대 3
T-55_mfd_hardpoints:R1_tooltip,Tooltip for an MFD button.,,무장 장착대 4
T-55_mfd_hardpoints:R2_tooltip,Tooltip for an MFD button.,,무장 장착대 5
T-55_mfd_hardpoints:R3_tooltip,Tooltip for an MFD button.,,무장 장착대 6
T-55_mfd_hardpoints:B3_tooltip,Tooltip for an MFD button.,,무장 장착대 7
T-55_mfd_hardpoints:T5,Label for an MFD button (short!).,,MODE
T-55_mfd_hardpoints:T5_tooltip,Tooltip for an MFD button.,,모드 전환
T-55_mfd_hardpointInfoPage:R1_tooltip,Tooltip for an MFD button.,,장비 장착으로 돌아가기
T-55_mfd_hardpointInfoPage:B2_tooltip,Tooltip for an MFD button.,,무장 설정 전환
T-55_mfd_hardpointInfoPage:B5_tooltip,Tooltip for an MFD button.,,버리기 설정 전환
T-55_mfd_cmsPage:L4_tooltip,Tooltip for an MFD button.,,방출 모드
T-55_mfd_cmsPage:B2,Label for an MFD button (short!).,,-
T-55_mfd_cmsPage:B2_tooltip,Tooltip for an MFD button.,,방출 속도 -
T-55_mfd_cmsPage:B4,Label for an MFD button (short!).,,+
T-55_mfd_cmsPage:B4_tooltip,Tooltip for an MFD button.,,방출 속도 +
T-55_mfd_map:T2,Label for an MFD button (short!).,,GPS
T-55_mfd_map:T2_tooltip,Tooltip for an MFD button.,,GPS 표적
T-55_mfd_map:R2,Label for an MFD button (short!).,,확대
T-55_mfd_map:R3,Label for an MFD button (short!).,,축소
T-55_mfd_map:R4,Label for an MFD button (short!).,,위
T-55_mfd_map:R5,Label for an MFD button (short!).,,아래
T-55_mfd_map:B4,Label for an MFD button (short!).,,왼쪽
T-55_mfd_map:B5,Label for an MFD button (short!).,,오른쪽
T-55_mfd_map:R1,Label for an MFD button (short!).,,리셋
T-55_mfd_map:R1_tooltip,Tooltip for an MFD button.,,오프셋 초기화
T-55_mfd_map:T4,Label for an MFD button (short!).,,모드
T-55_mfd_map:T4_tooltip,Tooltip for an MFD button.,,회전 모드 전환
T-55_mfd_map:T5,Label for an MFD button (short!).,,활성화
T-55_mfd_map:T5_tooltip,Tooltip for an MFD button.,,센서 활성화 전환
T-55_mfd_map:L4,Label for an MFD button (short!).,,연료
T-55_mfd_map:L4_tooltip,Tooltip for an MFD button.,,연료 경유지 설정
T-55_mfd_map:L3,Label for an MFD button (short!).,,귀환
T-55_mfd_map:L3_tooltip,Tooltip for an MFD button.,,기지 귀환 경유지 설정
T-55_mfd_map:L2,Label for an MFD button (short!).,,임무
T-55_mfd_map:L2_tooltip,Tooltip for an MFD button.,,목표 경유지 설정
T-55_mfd_map:B1,Label for an MFD button (short!).,,고도 설정
T-55_mfd_map:B1_tooltip,Tooltip for an MFD button.,,목표 고도 설정
T-55_mfd_map:B2,Label for an MFD button (short!).,,고도+
T-55_mfd_map:B2_tooltip,Tooltip for an MFD button.,,목표 고도 +
T-55_mfd_map:B3,Label for an MFD button (short!).,,GPS 송신
T-55_mfd_map:B3_tooltip,Tooltip for an MFD button.,,GPS 표적 송신
T-55_mfd_mission:B1,Label for an MFD button (short!).,,경유지
T-55_mfd_mission:B1_tooltip,Tooltip for an MFD button.,,경유지 지정
T-55_mfd_mission:B3,Label for an MFD button (short!).,,다음
T-55_mfd_mission:B3_tooltip,Tooltip for an MFD button.,,다음 목표
T-55_mfd_mission:B5,Label for an MFD button (short!).,,이전
T-55_mfd_mission:B5_tooltip,Tooltip for an MFD button.,,이전 목표
T-55_mfd_cam:B3,Label for an MFD button (short!).,,이전
T-55_mfd_cam:B5,Label for an MFD button (short!).,,다음
T-55_mfd_target:B3,Label for an MFD button (short!).,,시야
T-55_mfd_target:B3_tooltip,Tooltip for an MFD button.,,시야 추적 모드
T-55_mfd_target:B2,Label for an MFD button (short!).,,전방
T-55_mfd_target:B2_tooltip,Tooltip for an MFD button.,,전방 주시 모드
T-55_mfd_target:B5,Label for an MFD button (short!).,,전원
T-55_mfd_target:B5_tooltip,Tooltip for an MFD button.,,표적 지시기 전원
T-55_mfd_target:R2,Label for an MFD button (short!).,,확대
T-55_mfd_target:R2_tooltip,Tooltip for an MFD button.,,확대
T-55_mfd_target:R3,Label for an MFD button (short!).,,축소
T-55_mfd_target:R3_tooltip,Tooltip for an MFD button.,,축소
T-55_mfd_target:R4,Label for an MFD button (short!).,,GPS-S
T-55_mfd_target:R4_tooltip,Tooltip for an MFD button.,,GPS 좌표 송신
T-55_mfd_target:R5,Label for an MFD button (short!).,,GPS-A
T-55_mfd_target:R5_tooltip,Tooltip for an MFD button.,,GPS 좌표 포착
T-55_mfd_target:L2,Label for an MFD button (short!).,,모드
T-55_mfd_target:L2_tooltip,Tooltip for an MFD button.,,모드 순환
T-55_mfd_target:L3,Label for an MFD button (short!).,,센서
T-55_mfd_target:L3_tooltip,Tooltip for an MFD button.,,센서 모드
T-55_mfd_target:T3,Label for an MFD button (short!).,,경유지
T-55_mfd_target:T3_tooltip,Tooltip for an MFD button.,,경유지로
T-55_mfd_target:T5,Label for an MFD button (short!).,,활성화
T-55_mfd_target:T5_tooltip,Tooltip for an MFD button.,,센서 활성화 전환
T-55_mfd_target:B4_tooltip,Tooltip for an MFD button.,,HMD 전환
T-55_mfd_target:L4,Label for an MFD button (short!).,,경계
T-55_mfd_target:L4_tooltip,Tooltip for an MFD button.,,경계 표시 전환
T-55_mfd_target:R1,Label for an MFD button (short!).,,레이저
T-55_mfd_target:R1_tooltip,Tooltip for an MFD button.,,레이저 조사
T-55_mfd_gpsTgts:T2,Label for an MFD button (short!).,,지도
T-55_mfd_gpsTgts:T2_tooltip,Tooltip for an MFD button.,,항법 지도
T-55_mfd_gpsTgts:T3,Label for an MFD button (short!).,,경유지
T-55_mfd_gpsTgts:T3_tooltip,Tooltip for an MFD button.,,경유지 지정
T-55_mfd_gpsTgts:L2_tooltip,Tooltip for an MFD button.,,이전 그룹
T-55_mfd_gpsTgts:L3_tooltip,Tooltip for an MFD button.,,다음 그룹
T-55_mfd_gpsTgts:B1_tooltip,Tooltip for an MFD button.,,그룹 생성
T-55_mfd_gpsTgts:B2_tooltip,Tooltip for an MFD button.,,그룹 삭제
T-55_mfd_gpsTgts:B4_tooltip,Tooltip for an MFD button.,,표적 삭제
T-55_mfd_gpsTgts:R3_tooltip,Tooltip for an MFD button.,,다음 표적
T-55_mfd_gpsTgts:R2_tooltip,Tooltip for an MFD button.,,이전 표적
T-55_mfd_gpsTgts:R1_tooltip,Tooltip for an MFD button.,,경로 모드 전환
T-55_mfd_gpsTgts:R4_tooltip,Tooltip for an MFD button.,,위로
T-55_mfd_gpsTgts:R5_tooltip,Tooltip for an MFD button.,,아래로
T-55_mfd_gpsTgts:B5,Label for an MFD button (short!).,,전송
T-55_mfd_gpsTgts:B5_tooltip,Tooltip for an MFD button.,,데이터 전송
T-55_mfd_flightLog:R2_tooltip,Tooltip for an MFD button.,,위로 스크롤
T-55_mfd_flightLog:R4_tooltip,Tooltip for an MFD button.,,아래로 스크롤
T-55_mfd_flightLog:R5_tooltip,Tooltip for an MFD button.,,맨 아래로 스크롤
T-55_mfd_flightLog:B3_tooltip,Tooltip for an MFD button.,,비행 기록을 파일로 저장
T-55_mfd_gameMenu:B2,Label for an MFD button (short!).,,재시작
T-55_mfd_gameMenu:B2_tooltip,Tooltip for an MFD button.,,임무 재시작
T-55_mfd_gameMenu:B4,Label for an MFD button (short!).,,나가기
T-55_mfd_gameMenu:B4_tooltip,Tooltip for an MFD button.,,메인메뉴로 돌아가기
T-55_mfd_gameMenu:B3,Label for an MFD button (short!).,,나가기
T-55_mfd_gameMenu:B3_tooltip,Tooltip for an MFD button.,,브리핑실로 돌아가기
T-55_mfd_gameMenu:R2,Label for an MFD button (short!).,,재정렬
T-55_mfd_gameMenu:R2_tooltip,Tooltip for an MFD button.,,좌석 위치 재정렬
T-55_mfd_gameMenu:L3,Label for an MFD button (short!).,,빠른저장
T-55_mfd_gameMenu:L3_tooltip,Tooltip for an MFD button.,,빠른 저장 메뉴
T-55_mfd_gameMenu:R4,Label for an MFD button (short!).,,유저
T-55_mfd_gameMenu:R4_tooltip,Tooltip for an MFD button.,,유저 보기
T-55_mfd_gameMenu:R5,Label for an MFD button (short!).,,네트워크
T-55_mfd_gameMenu:R5_tooltip,Tooltip for an MFD button.,,네트워크 분석
T-55_mfd_flyCam:B2,Label for an MFD button (short!).,,켜기
T-55_mfd_flyCam:B2_tooltip,Tooltip for an MFD button.,,카메라 켜기
T-55_mfd_flyCam:B3,Label for an MFD button (short!).,,끄기
T-55_mfd_flyCam:B3_tooltip,Tooltip for an MFD button.,,카메라 끄기
T-55_mfd_flyCam:B1,Label for an MFD button (short!).,,보기
T-55_mfd_flyCam:B1_tooltip,Tooltip for an MFD button.,,미리보기 전환
T-55_mfd_flyCam:R1,Label for an MFD button (short!).,,랜덤
T-55_mfd_flyCam:R1_tooltip,Tooltip for an MFD button.,,랜덤 전환
T-55_mfd_flyCam:L3,Label for an MFD button (short!).,,시야각:
T-55_mfd_flyCam:L3_tooltip,Tooltip for an MFD button.,,시야각 전환
T-55_mfd_flyCam:L4_tooltip,Tooltip for an MFD button.,,자동 시야각 전환
T-55_mfd_flyCam:L5_tooltip,Tooltip for an MFD button.,,오디오 전환
T-55_mfd_flyCam:R2,Label for an MFD button (short!).,,카메라
T-55_mfd_flyCam:R2_tooltip,Tooltip for an MFD button.,,카메라 모드 전환
T-55_mfd_flyCam:R3,Label for an MFD button (short!).,,시야
T-55_mfd_flyCam:R3_tooltip,Tooltip for an MFD button.,,시야 모드 전환
T-55_mfd_flyCam:R5_tooltip,Tooltip for an MFD button.,,자동 리셋 전환
T-55_mfd_flyCam:B5_tooltip,Tooltip for an MFD button.,,리셋 타이머 설정
T-55_mfd_flyCam:T3,Label for an MFD button (short!).,,캡처
T-55_mfd_flyCam:T3_tooltip,Tooltip for an MFD button.,,4K 스크린샷
T-55_mfd_antiRad:T5,Label for an MFD button (short!).,,활성화
T-55_mfd_antiRad:T5_tooltip,Tooltip for an MFD button.,,센서 활성화
T-55_mfd_antiRad:R4,Label for an MFD button (short!).,,HUD
T-55_mfd_antiRad:R4_tooltip,Tooltip for an MFD button.,,HUD 모드
T-55_mfd_antiRad:R5_tooltip,Tooltip for an MFD button.,,간소화
T-55_mfd_radar:R2,Label for an MFD button (short!).,,거리+
T-55_mfd_radar:R2_tooltip,Tooltip for an MFD button.,,사거리 +
T-55_mfd_radar:R3,Label for an MFD button (short!).,,거리-
T-55_mfd_radar:R3_tooltip,Tooltip for an MFD button.,,사거리 -
T-55_mfd_radar:R4,Label for an MFD button (short!).,,중심
T-55_mfd_radar:R4_tooltip,Tooltip for an MFD button.,,중심 조준 전환
T-55_mfd_radar:B1,Label for an MFD button (short!).,,초기화
T-55_mfd_radar:B1_tooltip,Tooltip for an MFD button.,,초기화
T-55_mfd_radar:B2,Label for an MFD button (short!).,,고정 해제
T-55_mfd_radar:B2_tooltip,Tooltip for an MFD button.,,고정 해제
T-55_mfd_radar:B5_tooltip,Tooltip for an MFD button.,,스캔 각도
T-55_mfd_radar:T5,Label for an MFD button (short!).,,활성화
T-55_mfd_radar:T5_tooltip,Tooltip for an MFD button.,,센서 활성화
T-55_mfd_radar:L2_tooltip,Tooltip for an MFD button.,,트랙 1
T-55_mfd_radar:L3_tooltip,Tooltip for an MFD button.,,트랙 2
T-55_mfd_radar:L4_tooltip,Tooltip for an MFD button.,,트랙 3
T-55_mfd_radar:L5_tooltip,Tooltip for an MFD button.,,트랙 4
T-55_mfd_radar:R5_tooltip,Tooltip for an MFD button.,,헤드사이트 전환
GPSPage_MFDPortalPage_pageName,MFD portal page name,,GPS 표적
GPSPage_MFDPortalPage_pageLabel,MFD portal page button label,,GPS
mp_PVPScenarios:mp_exileRidge_pvpve_name,Name of a mission.,,
mp_PVPScenarios:mp_exileRidge_pvpve_description,Description of a mission.,,
AV-42C:mp_PVPScenarios:mp_exileRidge_pvpve:obj_0:name,A mission objective name,,
AV-42C:mp_PVPScenarios:mp_exileRidge_pvpve:obj_0:info,Mission objective info.,,
AV-42C:mp_PVPScenarios:mp_exileRidge_pvpve:obj_2:name,A mission objective name,,
AV-42C:mp_PVPScenarios:mp_exileRidge_pvpve:obj_2:info,Mission objective info.,,
AV-42C:mp_PVPScenarios:mp_exileRidge_pvpve:obj_3:name,A mission objective name,,
AV-42C:mp_PVPScenarios:mp_exileRidge_pvpve:obj_3:info,Mission objective info.,,
AV-42C:mp_PVPScenarios:mp_exileRidge_pvpve:obj_4:name,A mission objective name,,
AV-42C:mp_PVPScenarios:mp_exileRidge_pvpve:obj_4:info,Mission objective info.,,
AV-42C:mp_PVPScenarios:mp_exileRidge_pvpve:obj_5:name,A mission objective name,,
AV-42C:mp_PVPScenarios:mp_exileRidge_pvpve:obj_5:info,Mission objective info.,,
AV-42C:mp_PVPScenarios:mp_exileRidge_pvpve:obj_6:name,A mission objective name,,
AV-42C:mp_PVPScenarios:mp_exileRidge_pvpve:obj_6:info,Mission objective info.,,
AV-42C:mp_PVPScenarios:mp_exileRidge_pvpve:obj_7:name,A mission objective name,,
AV-42C:mp_PVPScenarios:mp_exileRidge_pvpve:obj_7:info,Mission objective info.,,
AV-42C:mp_PVPScenarios:mp_exileRidge_pvpve:obj_14:name,A mission objective name,,
AV-42C:mp_PVPScenarios:mp_exileRidge_pvpve:obj_14:info,Mission objective info.,,
mp_PVPScenarios:mp_pvpStrikeBudget_name,Name of a mission.,,
mp_PVPScenarios:mp_pvpStrikeBudget_description,Description of a mission.,,
F/A-26B:mp_PVPScenarios:mp_pvpStrikeBudget:obj_0:name,A mission objective name,,
F/A-26B:mp_PVPScenarios:mp_pvpStrikeBudget:obj_0:info,Mission objective info.,,
F/A-26B:mp_PVPScenarios:mp_pvpStrikeBudget:obj_1:name,A mission objective name,,
F/A-26B:mp_PVPScenarios:mp_pvpStrikeBudget:obj_1:info,Mission objective info.,,
F/A-26B:mp_PVPScenarios:mp_pvpStrikeBudget:obj_2:name,A mission objective name,,
F/A-26B:mp_PVPScenarios:mp_pvpStrikeBudget:obj_2:info,Mission objective info.,,
F/A-26B:mp_PVPScenarios:mp_pvpStrikeBudget:obj_6:name,A mission objective name,,
F/A-26B:mp_PVPScenarios:mp_pvpStrikeBudget:obj_6:info,Mission objective info.,,
F/A-26B:mp_PVPScenarios:mp_pvpStrikeBudget:obj_7:name,A mission objective name,,
F/A-26B:mp_PVPScenarios:mp_pvpStrikeBudget:obj_7:info,Mission objective info.,,
mp_PVPScenarios_mp_exileRidge_pvpve_b0,Text from a mission briefing.,,
mp_PVPScenarios_mp_exileRidge_pvpve_b1,Text from a mission briefing.,,
mp_PVPScenarios_mp_exileRidge_pvpve_b2,Text from a mission briefing.,,
mp_PVPScenarios_mp_exileRidge_pvpve_b3,Text from a mission briefing.,,
mp_PVPScenarios_mp_exileRidge_pvpve_b4,Text from a mission briefing.,,
mp_PVPScenarios_mp_exileRidge_pvpve_b5,Text from a mission briefing.,,
mp_PVPScenarios_mp_pvpStrikeBudget_b0,Text from a mission briefing.,,
mp_PVPScenarios_mp_pvpStrikeBudget_b1,Text from a mission briefing.,,
AV-42C_mfd_options:R2_tooltip,Tooltip for an MFD button.,,
AV-42C:mp_PVPScenarios:mp_exileRidge_pvpve:obj_16:name,A mission objective name,,
AV-42C:mp_PVPScenarios:mp_exileRidge_pvpve:obj_16:info,Mission objective info.,,
AV-42C:mp_PVPScenarios:mp_exileRidge_pvpve:obj_17:name,A mission objective name,,
AV-42C:mp_PVPScenarios:mp_exileRidge_pvpve:obj_17:info,Mission objective info.,,
AV-42C:mp_PVPScenarios:mp_exileRidge_pvpve:obj_18:name,A mission objective name,,
AV-42C:mp_PVPScenarios:mp_exileRidge_pvpve:obj_18:info,Mission objective info.,,
AV-42C:mp_PVPScenarios:mp_exileRidge_pvpve:obj_19:name,A mission objective name,,
AV-42C:mp_PVPScenarios:mp_exileRidge_pvpve:obj_19:info,Mission objective info.,,
AV-42C:mp_PVPScenarios:mp_exileRidge_pvpve:obj_20:name,A mission objective name,,
AV-42C:mp_PVPScenarios:mp_exileRidge_pvpve:obj_20:info,Mission objective info.,,
AV-42C:mp_PVPScenarios:mp_exileRidge_pvpve:obj_21:name,A mission objective name,,
AV-42C:mp_PVPScenarios:mp_exileRidge_pvpve:obj_21:info,Mission objective info.,,
AV-42C:mp_PVPScenarios:mp_exileRidge_pvpve:obj_23:name,A mission objective name,,
AV-42C:mp_PVPScenarios:mp_exileRidge_pvpve:obj_23:info,Mission objective info.,,
AV-42C:mp_PVPScenarios:mp_exileRidge_pvpve:obj_24:name,A mission objective name,,
AV-42C:mp_PVPScenarios:mp_exileRidge_pvpve:obj_24:info,Mission objective info.,,
mp_PVPScenarios_mp_exileRidge_pvpve_b6,Text from a mission briefing.,,
AIM-120C Advanced Radar Missile_description,Item description of: AIM-120C Advanced Radar Missile,"Radar guided medium range air to air missile.
",레이더 유도 중거리 공대공 미사일입니다.
AIM-120C Advanced Radar Missile x2_description,Item description of: AIM-120C Advanced Radar Missile x2,A rack of two radar guided medium range air to air missiles.,레이더 유도 중거리 공대공 미사일 2발이 장착된 랙입니다.
AN/ALQ-131 ECM Jammer_description,Item description of: AN/ALQ-131 ECM Jammer,A mid/high-band radar jammer for self protection.,자체 방어용 중/고대역 레이더 재머입니다.
AGM-88S ARM_description,Item description of: AGM-88S ARM,Medium range anti-radiation missile. A modified version of the AGM-88 with a shorter overall length and narrow stabilizers. Reduced engine burn time.,"중거리 대레이더 미사일입니다. AGM-88의 개량형으로 전체 길이가 짧고 안정 날개가 좁으며, 엔진 연소 시간이 단축되었습니다."
AGM-88S ARM x2_description,Item description of: AGM-88S ARM x2,Medium range anti-radiation missile. A modified version of the AGM-88 with a shorter overall length and narrow stabilizers. Reduced engine burn time.,"중거리 대레이더 미사일입니다. AGM-88의 개량형으로 전체 길이가 짧고 안정 날개가 좁으며, 엔진 연소 시간이 단축되었습니다."
AGM-114 x2_description,Item description of: AGM-114 x2,"A rack of 2 laser guided anti-tank missiles.
Requires continuous lock for guidance (not fire-and-forget).","레이저 유도 대전차 미사일 2발이 장착된 랙입니다.
명중할 때까지 계속 조준을 유지해야 합니다(발사 후 알아서 유도되는 방식이 아님)."
EF-24G_description,Short description of playable vehicle EF-24G,"The EF-24G ""Mischief"" is a two-seat, twin-engine, swing-wing fighter aircraft modified with specialized equipment and sensors to fill the electronic warfare role.","EF-24G ""미스치프""는 전자전 임무를 위해 특수 장비와 센서를 갖춘 복좌 쌍발 가변익 전투기입니다."
AIM-54 Long Range Radar Missile_description,Item description of: AIM-54 Long Range Radar Missile,"Radar guided long range air to air missile.
",레이더 유도 장거리 공대공 미사일입니다.
Mk-82AIR High Drag Bomb x4_description,Item description of: Mk-82AIR High Drag Bomb x4,Standard un-guided 500lb bombs. Deploys an inflatable drag chute to slow descent for low altitude bombing.,표준 무유도 500파운드 폭탄입니다. 저고도 폭격 시 하강을 늦추는 공기 주입식 감속 낙하산을 전개합니다.
Mk.83 Bomb x2_description,Item description of: Mk.83 Bomb x2,Standard un-guided 1000lb bombs.,표준 무유도 1000파운드 폭탄입니다.
1100L Fuel Drop Tank_description,Item description of: 1100L Fuel Drop Tank,A 1100 liter fuel tank.,1100리터 연료 탱크입니다.
AN/AAQ-34 Advanced Targeting Pod_description,Item description of: AN/AAQ-34 Advanced Targeting Pod,Sensor pod for acquiring and tracking targets using optics and lasers.  A necessary component for certain guided missiles.,광학 장비와 레이저로 목표를 포착하고 추적하는 센서 포드입니다. 일부 유도 미사일에 반드시 필요한 장비입니다.
AN/ALQ-245 Jammer_description,Item description of: AN/ALQ-245 Jammer,An advanced multi-band radar jammer with multiple electronic attack/defense modes. It is powered by a built-in ram air turbine which deploys a variable intake scoop to power it as necessary.,"여러 전자 공격/방어 모드를 갖춘 고급 다중 대역 레이더 재머입니다. 내장 램 에어 터빈으로 구동되며, 필요에 따라 가변 흡입구를 전개해 전력을 공급합니다."
ADM-160J Decoy/Jammer Missile_description,Item description of: ADM-160J Decoy/Jammer Missile,"An air-launched, jet-powered decoy capable of using signature augmentation to appear like a larger aircraft on radar or operate in noise jamming mode. It can follow GPS courses over long distances. Two-way datalink allows it to report RWR contacts to the team.","공중에서 발사하는 제트 추진 기만 비행체(디코이)로, 신호 증강을 통해 레이더에 더 큰 항공기처럼 보이게 하거나 잡음 재밍(전파 방해) 모드로 작동할 수 있습니다. GPS 경로를 따라 장거리를 비행할 수 있으며, 양방향 데이터링크로 RWR 접촉 정보를 팀에 전달합니다."
AIM-120C Advanced Radar Missile_fullName,Full equip name of: AIM-120C Advanced Radar Missile,AIM-120C Advanced Radar Missile,AIM-120C 중거리 레이더 유도 미사일
